source,reason,score,matched_area,matched_study_id,title,matched_title,doi,matched_doi
"Medline","doi","100","existing_extraction","S471","Well-being fluctuations and injuries during an entire season in male professional soccer players: an observational study.","Well-being fluctuations and injuries during an entire season in male professional soccer players: an observational study","10.1080/15438627.2024.2330959","10.1080/15438627.2024.2330959"
"Medline","doi","100","existing_extraction","S506","The impact of a mid-season FIFA World Cup TM on injury occurrence and patterns in French professional soccer clubs.","The impact of a mid-season FIFA World Cup TM on injury occurrence and patterns in French professional soccer clubs.","10.1080/15438627.2024.2326517","10.1080/15438627.2024.2326517"
"Medline","doi","100","existing_extraction","S472","What do we know about beach soccer injuries? Systematic video analysis of four consecutive years with 580 match injuries.","What do we know about beach soccer injuries? Systematic video analysis of four consecutive years with 580 match injuries","10.1080/15438627.2024.2324257","10.1080/15438627.2024.2324257"
"Medline","doi","100","existing_extraction","S394","An injury burden heat map of all men's and women's teams of a professional football club over a decade.","An injury burden heat map of all men's and women's teams of a professional football club over a decade.","10.1080/15438627.2023.2228959","10.1080/15438627.2023.2228959"
"Medline","doi","100","existing_extraction","S409","Muscle injury characteristics and incidence rates in men's amateur soccer: A one season prospective study.","Muscle injury characteristics and incidence rates in men's amateur soccer: A one season prospective study.","10.1080/15438627.2022.2122827","10.1080/15438627.2022.2122827"
"Medline","title_author_year","100","within_second_search","","Mass Participation and Tournament Event Management for the Team Physician: A Consensus Statement (2022 Update).","Mass Participation and Tournament Event Management for the Team Physician: A Consensus Statement (2022 Update).","10.1249/mss.0000000000003325","10.1249/jsr.0000000000001160"
"Medline","doi","100","existing_extraction","S366","Uncovering injuries in Brazilian elite women's football: A prospective cohort study.","Uncovering injuries in Brazilian elite women's football: A prospective cohort study","10.1016/j.jsams.2024.01.008","10.1016/j.jsams.2024.01.008"
"Medline","doi","100","existing_extraction","S497","Longitudinal analysis of the incidence rate of injury in elite youth football: Trends over six years including the COVID-19 pandemic period.","Longitudinal analysis of the incidence rate of injury in elite youth football: Trends over six years including the COVID-19 pandemic period","10.1016/j.ptsp.2024.01.006","10.1016/j.ptsp.2024.01.006"
"Medline","doi","100","existing_extraction","S420","Lost in transition: Exploring injury risk in academy footballers shifting between the second and first teams.","Lost in transition: Exploring injury risk in academy footballers shifting between the second and first teams","10.1016/j.jsams.2023.11.009","10.1016/j.jsams.2023.11.009"
"Medline","doi","100","existing_extraction","S421","Exploring the true burden of a time-loss injury: full vs partial time-loss in elite academy football (soccer).","Exploring the true burden of a time-loss injury: full vs partial time-loss in elite academy football (soccer)","10.1080/24733938.2022.2156587","10.1080/24733938.2022.2156587"
"Medline","doi","100","existing_extraction","S498","Epidemiology of Anterior Cruciate Ligament Tears in National Collegiate Athletic Association Athletes: 2014/2015-2018/2019.","Epidemiology of Anterior Cruciate Ligament Tears in National Collegiate Athletic Association Athletes: 2014/2015-2018/2019","10.1249/mss.0000000000003281","10.1249/mss.0000000000003281"
"Medline","doi","100","existing_extraction","S542","Unmasking mental health symptoms in female professional football players: a 12-month follow-up study.","Unmasking mental health symptoms in female professional football players: A 12-month follow-up study","10.1136/bmjsem-2024-001922","10.1136/bmjsem-2024-001922"
"Medline","doi","100","existing_extraction","S419","A musculoskeletal multifactorial individualised programme for hamstring muscle injury risk reduction in professional football: results of a prospective cohort study.","A musculoskeletal multifactorial individualised programme for hamstring muscle injury risk reduction in professional football: results of a prospective cohort study","10.1136/bmjsem-2023-001866","10.1136/bmjsem-2023-001866"
"Embase","doi","100","within_second_search","","Increased rate of injuries to the anterior cruciate ligament in amateur soccer players after the COVID-19 pandemic lockdown","Increased rate of injuries to the anterior cruciate ligament in amateur soccer players after the COVID-19 pandemic lockdown.","10.1007/s00402-024-05531-y","10.1007/s00402-024-05531-y"
"Embase","doi","100","within_second_search","","Hamstring Injuries: A Paradigm for Return to Play","Hamstring Injuries: A Paradigm for Return to Play.","10.1055/s-0043-1778027","10.1055/s-0043-1778027"
"Embase","doi","100","within_second_search","","Quantifying the impact of the coronavirus 2019 pandemic on youth sports-related injuries in the USA","Quantifying the impact of the coronavirus 2019 pandemic on youth sports-related injuries in the USA.","10.1097/bpb.0000000000001096","10.1097/bpb.0000000000001096"
"Embase","doi","100","within_second_search","","Quantitative assessment of brain injury and concussion induced by an unintentional soccer ball impact","Quantitative assessment of brain injury and concussion induced by an unintentional soccer ball impact.","10.1016/j.injury.2024.111658","10.1016/j.injury.2024.111658"
"Embase","doi","100","within_second_search","","Systematic video analysis of shoulder dislocations in professional male football (soccer): Injury mechanisms, situational and kinematic patterns","Systematic video analysis of shoulder dislocations in professional male football (soccer): Injury mechanisms, situational and kinematic patterns.","10.1002/jeo2.70121","10.1002/jeo2.70121"
"Embase","doi","100","within_second_search","","Only severe Injuries are effectively reduced by muscles' injury prevention protocols in football players: A systematic review","Only severe Injuries are effectively reduced by muscles' injury prevention protocols in football players: A systematic review.","10.12688/f1000research.148925.2","10.12688/f1000research.148925.2"
"Embase","doi","100","within_second_search","","Operative Treatment of Ulnar Collateral Ligament Injury in Female Athletes","Operative Treatment of Ulnar Collateral Ligament Injury in Female Athletes.","10.1177/23259671241235600","10.1177/23259671241235600"
"Embase","doi","100","within_second_search","","The association between aerobic capacity and spinal curvature and mobility in young soccer players","The association between aerobic capacity and spinal curvature and mobility in young soccer players.","10.1016/j.gaitpost.2024.10.004","10.1016/j.gaitpost.2024.10.004"
"Embase","doi","100","within_second_search","","Sports-Related Pure Orbital Blowout Fractures in Japan: Differences in Demographic and Clinical Characteristics between Sports","Sports-Related Pure Orbital Blowout Fractures in Japan: Differences in Demographic and Clinical Characteristics between Sports.","10.3390/diagnostics14090913","10.3390/diagnostics14090913"
"Embase","doi","100","within_second_search","","Ankle sprain, concussion, and anterior cruciate ligament injuries are common and burdensome in sub-elite female Australian football players","Ankle sprain, concussion, and anterior cruciate ligament injuries are common and burdensome in sub-elite female Australian football players.","10.1016/j.jsams.2024.05.008","10.1016/j.jsams.2024.05.008"
"Embase","doi","100","within_second_search","","Early sports specialization in Japanese young soccer players and related factors","Early sports specialization in Japanese young soccer players and related factors.","10.1371/journal.pone.0302339","10.1371/journal.pone.0302339"
"Embase","doi","100","within_second_search","","Knowledge and Attitudes of Concussion Reporting Behavior Intentions in Parents of Youth Recreational Football Players","Knowledge and Attitudes of Concussion Reporting Behavior Intentions in Parents of Youth Recreational Football Players.","10.1080/02701367.2023.2189444","10.1080/02701367.2023.2189444"
"Embase","doi","100","within_second_search","","Infographic. Injury mechanisms and situational patterns of severe lower limb muscle injuries in male professional football (soccer) players: a systematic video analysis study on 103 cases","Infographic. Injury mechanisms and situational patterns of severe lower limb muscle injuries in male professional football (soccer) players: a systematic video analysis study on 103 cases.","10.1136/bjsports-2023-107908","10.1136/bjsports-2023-107908"
"Embase","doi","100","within_second_search","","Heading into the future: Evaluating the risk of repetitive impacts in football (soccer)","Heading into the future: Evaluating the risk of repetitive impacts in football (soccer).","10.1016/j.jsams.2024.08.197","10.1016/j.jsams.2024.08.197"
"Embase","doi","100","within_second_search","","Training with reduced carbohydrate availability affects markers of bone resorption and formation in male academy soccer players from the English Premier League","Training with reduced carbohydrate availability affects markers of bone resorption and formation in male academy soccer players from the English Premier League.","10.1007/s00421-024-05574-4","10.1007/s00421-024-05574-4"
"Embase","doi","100","within_second_search","","Consensus on maturity-related injury risks and prevention in youth soccer: A Delphi study","Consensus on maturity-related injury risks and prevention in youth soccer: A Delphi study.","10.1371/journal.pone.0312568","10.1371/journal.pone.0312568"
"Embase","doi","100","within_second_search","","Outcomes of ""Over the Top"" Anterior Cruciate Ligament Reconstruction Associated with a Lateral Extra-Articular Tenodesis in Children","Outcomes of ""Over the Top"" Anterior Cruciate Ligament Reconstruction Associated with a Lateral Extra-Articular Tenodesis in Children.","10.3390/jcm13051501","10.3390/jcm13051501"
"Embase","doi","100","within_second_search","","Concussion Symptomatology by Symptom Resolution Time in US High School Athletes: Findings From the National Athletic Treatment, Injury and Outcomes Network High School Surveillance Program (NATION-SP)","Concussion Symptomatology by Symptom Resolution Time in US High School Athletes: Findings From the National Athletic Treatment, Injury and Outcomes Network High School Surveillance Program (NATION-SP).","10.4085/1062-6050-0201.23","10.4085/1062-6050-0201.23"
"Embase","doi","100","within_second_search","","Retrospective Case Series of Spinal Cord Neurapraxia in Male Adolescent Athletes: Can These Athletes Return-to-Play?","Retrospective Case Series of Spinal Cord Neurapraxia in Male Adolescent Athletes: Can These Athletes Return-to-Play?.","10.1227/neu.0000000000002884","10.1227/neu.0000000000002884"
"Embase","doi","100","within_second_search","","The Acute: Chronic Workload Ratio and Injury Risk in Semiprofessional Football Players","The Acute: Chronic Workload Ratio and Injury Risk in Semiprofessional Football Players.","10.1055/a-2282-0024","10.1055/a-2282-0024"
"Embase","doi","100","within_second_search","","Return to sports in female athletes after anterior cruciate ligament reconstruction: A systematic review and metanalysis","Return to sports in female athletes after anterior cruciate ligament reconstruction: A systematic review and metanalysis.","10.1016/j.jisako.2024.01.008","10.1016/j.jisako.2024.01.008"
"Embase","doi","100","within_second_search","","Acceleration profile of high-impact movements during young football games: a cross-sectional study involving healthy children","Acceleration profile of high-impact movements during young football games: a cross-sectional study involving healthy children.","10.1080/14763141.2021.1970796","10.1080/14763141.2021.1970796"
"Embase","doi","100","within_second_search","","AI-Based Denoising of Head Impact Kinematics Measurements With Convolutional Neural Network for Traumatic Brain Injury Prediction","AI-Based Denoising of Head Impact Kinematics Measurements With Convolutional Neural Network for Traumatic Brain Injury Prediction.","10.1109/tbme.2024.3392537","10.1109/tbme.2024.3392537"
"Embase","doi","100","within_second_search","","Social Support, Stress, and Mental Health: Examining the Stress-Buffering Hypothesis in Adolescent Football Athletes","Social Support, Stress, and Mental Health: Examining the Stress-Buffering Hypothesis in Adolescent Football Athletes.","10.4085/1062-6050-0324.23","10.4085/1062-6050-0324.23"
"Embase","doi","100","within_second_search","","Awareness of fifth metatarsal stress fractures among soccer coaches in Japan: A cross-sectional study","Awareness of fifth metatarsal stress fractures among soccer coaches in Japan: A cross-sectional study.","10.1371/journal.pone.0277582","10.1371/journal.pone.0277582"
"Embase","doi","100","within_second_search","","A Pilot Study Investigating the Use of Serum Glial Fibrillary Acidic Protein to Monitor Changes in Brain White Matter Integrity After Repetitive Head Hits During a Single Collegiate Football Game","A Pilot Study Investigating the Use of Serum Glial Fibrillary Acidic Protein to Monitor Changes in Brain White Matter Integrity After Repetitive Head Hits During a Single Collegiate Football Game.","10.1089/neu.2023.0307","10.1089/neu.2023.0307"
"Embase","doi","100","within_second_search","","Anterior Cruciate Ligament Tears in Soccer Players","Anterior Cruciate Ligament Tears in Soccer Players.","10.1097/jsa.0000000000000391","10.1097/jsa.0000000000000391"
"Embase","doi","100","within_second_search","","Decrease in aerial challenges after revision of goal kick rules in Japan Professional Soccer League: explorative study of the possibility of a risk reduction for head injury, concussion, and brain damage by a rule revision","Decrease in aerial challenges after revision of goal kick rules in Japan Professional Soccer League: explorative study of the possibility of a risk reduction for head injury, concussion, and brain damage by a rule revision.","10.1080/24733938.2022.2142274","10.1080/24733938.2022.2142274"
"Embase","doi","100","within_second_search","","Blood and MRI biomarkers of mild traumatic brain injury in non-concussed collegiate football players","Blood and MRI biomarkers of mild traumatic brain injury in non-concussed collegiate football players.","10.1038/s41598-023-51067-3","10.1038/s41598-023-51067-3"
"Embase","doi","100","within_second_search","","Slipped vertebrae (Spondylolysis): the underestimated weak point of the (pre)professional football player-an algorithm","[Slipped vertebrae (Spondylolysis): the underestimated weak point of the (pre)professional football player-an algorithm].","10.1007/s00132-024-04510-w","10.1007/s00132-024-04510-w"
"Embase","doi","100","within_second_search","","Autograft Choice and Jumping Performance After Anterior Cruciate Ligament Reconstruction: A Comparative Study on Professional Athletes","Autograft Choice and Jumping Performance After Anterior Cruciate Ligament Reconstruction: A Comparative Study on Professional Athletes.","10.1177/23259671241278690","10.1177/23259671241278690"
"Embase","doi","100","within_second_search","","Comparing the healthy development of youth Australian Rules Footballers across talent development and community settings","Comparing the healthy development of youth Australian Rules Footballers across talent development and community settings.","10.1136/bmjsem-2023-001799","10.1136/bmjsem-2023-001799"
"Embase","doi","100","within_second_search","","Impact of curcumin supplementation on exercise performance and muscle damage after a soccer match: a double-blind placebo-controlled cross-over study","Impact of curcumin supplementation on exercise performance and muscle damage after a soccer match: a double-blind placebo-controlled cross-over study.","10.1007/s00421-024-05429-y","10.1007/s00421-024-05429-y"
"Embase","doi","100","within_second_search","","Satisfaction with Labial Reinforcement of Custom-Made Mouthguards Among a Cohort of Rugby Union Players: A Randomized Crossover Trial","Satisfaction with Labial Reinforcement of Custom-Made Mouthguards Among a Cohort of Rugby Union Players: A Randomized Crossover Trial.","10.11607/ijp.8444","10.11607/ijp.8444"
"Embase","doi","100","within_second_search","","Hip adduction and abduction strength profiles in elite and sub-elite female soccer players according to players level and leg limb-dominance","Hip adduction and abduction strength profiles in elite and sub-elite female soccer players according to players level and leg limb-dominance.","10.1186/s13102-024-00838-0","10.1186/s13102-024-00838-0"
"Embase","doi","100","within_second_search","","Response to ""Comment on: Machine Learning for Understanding and Predicting Injuries in Football""","Response to ""Comment on: Machine Learning for Understanding and Predicting Injuries in Football"".","10.1186/s40798-024-00751-3","10.1186/s40798-024-00751-3"
"Embase","doi","100","within_second_search","","Imaging and Surgical Procedures After Surface-Related Collegiate Football Injuries on Artificial Turf Versus Natural Grass: Prevalence and Trends Over 15 Seasons","Imaging and Surgical Procedures After Surface-Related Collegiate Football Injuries on Artificial Turf Versus Natural Grass: Prevalence and Trends Over 15 Seasons.","10.1177/23259671241274144","10.1177/23259671241274144"
"Embase","doi","100","within_second_search","","Effectiveness of cryo plus ultrasound therapy versus diathermy in combination with high-intensity laser therapy for pain relief in footballers with muscle injuries: A prospective study","Effectiveness of cryo plus ultrasound therapy versus diathermy in combination with high-intensity laser therapy for pain relief in footballers with muscle injuries: A prospective study.","10.3233/bmr-230265","10.3233/bmr-230265"
"Embase","doi","100","within_second_search","","Introduction of the 'Blue Card' Concussion Policy to Semi-Elite Australian Football: Medical Staff Experiences and Perceptions","Introduction of the 'Blue Card' Concussion Policy to Semi-Elite Australian Football: Medical Staff Experiences and Perceptions.","10.26603/001c.125794","10.26603/001c.125794"
"Embase","doi","100","within_second_search","","Diagnosis and management of thoracic outlet syndrome in athletes","Diagnosis and management of thoracic outlet syndrome in athletes.","10.1053/j.semvascsurg.2024.01.007","10.1053/j.semvascsurg.2024.01.007"
"Embase","doi","100","within_second_search","","The isometric and isokinetic knee extension and flexion muscle strength profile of elite soccer players","The isometric and isokinetic knee extension and flexion muscle strength profile of elite soccer players.","10.1186/s13102-024-00961-y","10.1186/s13102-024-00961-y"
"Embase","doi","100","within_second_search","","Comparison of two implementation strategies for anterior cruciate ligament injury prevention in amateur girls' youth soccer: a prospective cohort study","Comparison of two implementation strategies for anterior cruciate ligament injury prevention in amateur girls' youth soccer: a prospective cohort study.","10.1136/bmjsem-2024-002031","10.1136/bmjsem-2024-002031"
"Embase","doi","100","within_second_search","","Relationship between Countermovement Jump and Sprint Performance in Professional Football Players","Relationship between Countermovement Jump and Sprint Performance in Professional Football Players.","10.3390/jcm13154581","10.3390/jcm13154581"
"Embase","doi","100","within_second_search","","Core stability is associated with dynamic postural balance in soccer players experiencing groin pain without time-loss","Core stability is associated with dynamic postural balance in soccer players experiencing groin pain without time-loss.","10.1016/j.jor.2024.02.038","10.1016/j.jor.2024.02.038"
"Embase","doi","100","within_second_search","","Concussion-Related Biomarker Variations in Retired Rugby Players and Implications for Neurodegenerative Disease Risk: The UK Rugby Health Study","Concussion-Related Biomarker Variations in Retired Rugby Players and Implications for Neurodegenerative Disease Risk: The UK Rugby Health Study.","10.3390/ijms25147811","10.3390/ijms25147811"
"Embase","doi","100","within_second_search","","Chronic Traumatic Encephalopathy in Soccer Players: Review of 14 Cases","Chronic Traumatic Encephalopathy in Soccer Players: Review of 14 Cases.","10.1097/jsm.0000000000001174","10.1097/jsm.0000000000001174"
"Embase","doi","100","within_second_search","","Creatine kinase concentration on the second post-match day is not associated with risk of subsequent muscle injury in professional football players: a four-season cohort study","Creatine kinase concentration on the second post-match day is not associated with risk of subsequent muscle injury in professional football players: a four-season cohort study.","10.1080/00913847.2023.2246175","10.1080/00913847.2023.2246175"
"Embase","doi","100","within_second_search","","Padded Helmet Shell Covers in American Football: A Comprehensive Laboratory Evaluation with Preliminary On-Field Findings","Padded Helmet Shell Covers in American Football: A Comprehensive Laboratory Evaluation with Preliminary On-Field Findings.","10.1007/s10439-023-03169-2","10.1007/s10439-023-03169-2"
"Embase","doi","100","within_second_search","","Epidemiology of Testicular Trauma in Sports: Analysis of the National Electronic Injury Surveillance System Database","Epidemiology of Testicular Trauma in Sports: Analysis of the National Electronic Injury Surveillance System Database.","10.1016/j.jemermed.2024.06.005","10.1016/j.jemermed.2024.06.005"
"Embase","doi","100","within_second_search","","Outcomes and Proportions of Subsequent Contralateral Sports Hernia Repair Following Primary Unilateral Repair","Outcomes and Proportions of Subsequent Contralateral Sports Hernia Repair Following Primary Unilateral Repair.","10.1177/03635465231221496","10.1177/03635465231221496"
"Embase","doi","100","within_second_search","","Analysis of potential hydration opportunities during future football tournaments based on data from the 2018 FIFA World Cup","Analysis of potential hydration opportunities during future football tournaments based on data from the 2018 FIFA World Cup.","10.1080/24733938.2022.2137574","10.1080/24733938.2022.2137574"
"Embase","doi","100","within_second_search","","Field Surface Type and Season-Ending Lower Extremity Injury in NFL Players","Field Surface Type and Season-Ending Lower Extremity Injury in NFL Players.","10.1155/2024/6832213","10.1155/2024/6832213"
"Embase","doi","100","within_second_search","","Evaluating Muscle Damage Biomarkers in Adolescent Athletes: Implications for Public Health in Tacna, Peru-2023","Evaluating Muscle Damage Biomarkers in Adolescent Athletes: Implications for Public Health in Tacna, Peru-2023.","10.3390/ijerph21111394","10.3390/ijerph21111394"
"Embase","doi","100","within_second_search","","Lower HAGOS subscale scores associated with a longer duration of groin problems in football players in the subsequent season","Lower HAGOS subscale scores associated with a longer duration of groin problems in football players in the subsequent season.","10.1136/bmjsem-2023-001812","10.1136/bmjsem-2023-001812"
"Embase","doi","100","within_second_search","","Lack of Association of Informant-Reported Traumatic Brain Injury and Chronic Traumatic Encephalopathy","Lack of Association of Informant-Reported Traumatic Brain Injury and Chronic Traumatic Encephalopathy.","10.1089/neu.2023.0391","10.1089/neu.2023.0391"
"Embase","doi","100","within_second_search","","Relationships Among Baseline Concussion Balance Test and Gaze Stability Test Scores in Division-I Collegiate Athletes","Relationships Among Baseline Concussion Balance Test and Gaze Stability Test Scores in Division-I Collegiate Athletes.","10.1123/jsr.2023-0254","10.1123/jsr.2023-0254"
"Embase","doi","100","within_second_search","","Critical Fluctuations as an Early Warning Signal of Sports Injuries? A Proof of Concept Using Football Monitoring Data","Critical Fluctuations as an Early Warning Signal of Sports Injuries? A Proof of Concept Using Football Monitoring Data.","10.1186/s40798-024-00787-5","10.1186/s40798-024-00787-5"
"Embase","doi","100","within_second_search","","The development of hamstring strength over the course of a simulated soccer match","The development of hamstring strength over the course of a simulated soccer match.","10.1371/journal.pone.0315317","10.1371/journal.pone.0315317"
"Embase","doi","100","within_second_search","","The Strength and Power Profile of Junior and Senior Female Rugby League Athletes","The Strength and Power Profile of Junior and Senior Female Rugby League Athletes.","10.1519/jsc.0000000000004916","10.1519/jsc.0000000000004916"
"Embase","doi","100","within_second_search","","Does Neuromuscular Training Reduce the Risk of Lower-Extremity Musculoskeletal Injury in High School Female Athletes With a History of Sport-Related Concussion?","Does Neuromuscular Training Reduce the Risk of Lower-Extremity Musculoskeletal Injury in High School Female Athletes With a History of Sport-Related Concussion?.","10.1123/jsr.2023-0403","10.1123/jsr.2023-0403"
"Embase","doi","100","within_second_search","","Metaizeau technique in stabilizing Monteggia equivalent 1b associated proximal radial physeal injury in a rural setting: a case report","Metaizeau technique in stabilizing Monteggia equivalent 1b associated proximal radial physeal injury in a rural setting: a case report.","10.1097/ms9.0000000000002410","10.1097/ms9.0000000000002410"
"Embase","doi","100","within_second_search","","Early Versus Late Rapid Force Production During Single-Joint Isometric Hamstring Assessment Using Force Plates","Early Versus Late Rapid Force Production During Single-Joint Isometric Hamstring Assessment Using Force Plates.","10.1519/jsc.0000000000004911","10.1519/jsc.0000000000004911"
"Embase","doi","100","within_second_search","","Spontaneous Headshake after a Kinematic Event (SHAAKE): Evaluating the Utility of a Potential New Sign in the Diagnosis of Concussion","Spontaneous Headshake after a Kinematic Event (SHAAKE): Evaluating the Utility of a Potential New Sign in the Diagnosis of Concussion.","10.3390/diagnostics14202314","10.3390/diagnostics14202314"
"Embase","doi","100","within_second_search","","Effects of isokinetic and proprioceptive training after lateral ankle ligament reconstruction: A case report","Effects of isokinetic and proprioceptive training after lateral ankle ligament reconstruction: A case report.","10.1016/j.jbmt.2023.04.065","10.1016/j.jbmt.2023.04.065"
"Embase","doi","100","within_second_search","","Intra- and inter-limb strength imbalance and asymmetry in soccer: A comparison of elite senior and junior players","Intra- and inter-limb strength imbalance and asymmetry in soccer: A comparison of elite senior and junior players.","10.1371/journal.pone.0302474","10.1371/journal.pone.0302474"
"Embase","doi","100","within_second_search","","Prevalence of lower limb pain and disability in football, hockey, and floorball players","Prevalence of lower limb pain and disability in football, hockey, and floorball players.","10.3233/bmr-230048","10.3233/bmr-230048"
"Embase","doi","100","within_second_search","","Effect of Soccer Boot Outsole Configuration on Translational Traction Across Both Natural and Artificial Playing Surfaces","Effect of Soccer Boot Outsole Configuration on Translational Traction Across Both Natural and Artificial Playing Surfaces.","10.1177/23259671241259823","10.1177/23259671241259823"
"Embase","doi","100","within_second_search","","SUPER rehabilitation of hamstring strain injuries in soccer players: Delphi consensus study","SUPER rehabilitation of hamstring strain injuries in soccer players: Delphi consensus study.","10.1080/09593985.2023.2226732","10.1080/09593985.2023.2226732"
"Embase","doi","100","within_second_search","","Hamstring and knee injuries are associated with isometric hip and trunk muscle strength in elite Australian Rules and Rugby League players","Hamstring and knee injuries are associated with isometric hip and trunk muscle strength in elite Australian Rules and Rugby League players.","10.1016/j.jsams.2023.10.019","10.1016/j.jsams.2023.10.019"
"Embase","doi","100","within_second_search","","Mass Participation and Tournament Event Management for the Team Physician: A Consensus Statement (2022 Update)","Mass Participation and Tournament Event Management for the Team Physician: A Consensus Statement (2022 Update).","10.1249/jsr.0000000000001160","10.1249/jsr.0000000000001160"
"Embase","doi","100","existing_extraction","S472","What do we know about beach soccer injuries? Systematic video analysis of four consecutive years with 580 match injuries","What do we know about beach soccer injuries? Systematic video analysis of four consecutive years with 580 match injuries","10.1080/15438627.2024.2324257","10.1080/15438627.2024.2324257"
"Embase","doi","100","within_second_search","","Long-term effects of a lifestyle modification program for men with obesity delivered in German football clubs","Long-term effects of a lifestyle modification program for men with obesity delivered in German football clubs.","10.1111/cob.12696","10.1111/cob.12696"
"Embase","doi","100","within_second_search","","Epidemiology of Non-Contact Muscle Injuries in the Italian Male Elite Under-19 Football (Soccer) Championship","Epidemiology of Non-Contact Muscle Injuries in the Italian Male Elite Under-19 Football (Soccer) Championship.","10.1186/s40798-024-00738-0","10.1186/s40798-024-00738-0"
"Embase","doi","100","within_second_search","","Isolated cuboid dislocation: case report","Isolated cuboid dislocation: case report.","10.1093/jscr/rjae563","10.1093/jscr/rjae563"
"Embase","doi","100","within_second_search","","Twenty year analysis of professional men's rugby union knee injuries from the English premiership shows high rates and burden","Twenty year analysis of professional men's rugby union knee injuries from the English premiership shows high rates and burden.","10.1136/bjsports-2024-108639","10.1136/bjsports-2024-108639"
"Embase","doi","100","within_second_search","","Association of Use of a Mobile Tackling Dummy During College Football Practice With Reduced Sport-Related Concussion: Results of a Pilot Investigation","Association of Use of a Mobile Tackling Dummy During College Football Practice With Reduced Sport-Related Concussion: Results of a Pilot Investigation.","10.1177/23259671241228316","10.1177/23259671241228316"
"Embase","doi","100","within_second_search","","Assessing Lower-Extremity Visuo-Motor Reaction Time in Young Male Soccer Players: Test-Retest Reliability and Minimum Detectable Change of the Brain Pro System","Assessing Lower-Extremity Visuo-Motor Reaction Time in Young Male Soccer Players: Test-Retest Reliability and Minimum Detectable Change of the Brain Pro System.","10.1177/00315125241248306","10.1177/00315125241248306"
"Embase","doi","100","within_second_search","","Prioritise safety, optimise success! Return to rugby postpartum","Prioritise safety, optimise success! Return to rugby postpartum.","10.1002/ejsc.12144","10.1002/ejsc.12144"
"Embase","doi","100","within_second_search","","Effects of dominance and vision on unipedal balance tests in futsal players using a triaxial accelerometer","Effects of dominance and vision on unipedal balance tests in futsal players using a triaxial accelerometer.","10.1080/14763141.2024.2301987","10.1080/14763141.2024.2301987"
"Embase","doi","100","within_second_search","","Maturity status influences perceived training load and neuromuscular performance during an academy soccer season","Maturity status influences perceived training load and neuromuscular performance during an academy soccer season.","10.1080/15438627.2022.2102916","10.1080/15438627.2022.2102916"
"Embase","doi","100","within_second_search","","The effects of heading motion and sex on lower extremity biomechanics in soccer players","The effects of heading motion and sex on lower extremity biomechanics in soccer players.","10.1016/j.knee.2024.08.001","10.1016/j.knee.2024.08.001"
"Embase","doi","100","within_second_search","","Epidemiologic trends in hand injuries in the National Football League from 2009-2010 to 2019-2020","Epidemiologic trends in hand injuries in the National Football League from 2009-2010 to 2019-2020.","10.1080/00913847.2023.2286942","10.1080/00913847.2023.2286942"
"Embase","doi","100","within_second_search","","A Thirteen-Year Analysis of Facial Fractures among Professional Soccer Players","A Thirteen-Year Analysis of Facial Fractures among Professional Soccer Players.","10.1055/a-1996-7595","10.1055/a-1996-7595"
"Embase","doi","100","within_second_search","","Injection therapy in professional footballers","Injection therapy in professional footballers.","10.1007/s00264-024-06301-6","10.1007/s00264-024-06301-6"
"Embase","doi","100","within_second_search","","Use of the concussion check protocol for concussion assessment in a female soccer team over two consecutive seasons in New Zealand","Use of the concussion check protocol for concussion assessment in a female soccer team over two consecutive seasons in New Zealand.","10.1016/j.jns.2024.123011","10.1016/j.jns.2024.123011"
"Embase","doi","100","within_second_search","","The application of a return-to-performance pathway for a professional footballer recovering from a surgical repair of an isolated lateral collateral knee ligament rupture. A case report","The application of a return-to-performance pathway for a professional footballer recovering from a surgical repair of an isolated lateral collateral knee ligament rupture. A case report.","10.1016/j.ptsp.2024.09.003","10.1016/j.ptsp.2024.09.003"
"Embase","doi","100","within_second_search","","Return to training in soccer players after anterior cruciate ligament reconstruction: reflections and considerations","Return to training in soccer players after anterior cruciate ligament reconstruction: reflections and considerations.","10.23736/s0022-4707.23.15448-x","10.23736/s0022-4707.23.15448-x"
"Embase","doi","100","within_second_search","","Repetitive Head Impacts and Perivascular Space Volume in Former American Football Players","Repetitive Head Impacts and Perivascular Space Volume in Former American Football Players.","10.1001/jamanetworkopen.2024.28687","10.1001/jamanetworkopen.2024.28687"
"Embase","doi","100","within_second_search","","Mental health of young talented football players in an African context: A cross-sectional observational study","Mental health of young talented football players in an African context: A cross-sectional observational study.","10.1016/j.comppsych.2024.152519","10.1016/j.comppsych.2024.152519"
"Embase","doi","100","within_second_search","","What exercise programme is the most appropriate to mitigate anterior cruciate ligament injury risk in football (soccer) players? A systematic review and network meta-analysis","What exercise programme is the most appropriate to mitigate anterior cruciate ligament injury risk in football (soccer) players? A systematic review and network meta-analysis.","10.1016/j.jsams.2024.02.001","10.1016/j.jsams.2024.02.001"
"Embase","doi","100","within_second_search","","Snooze it or Lose it: Understanding Sleep Disturbance and Injuries in Soccer and Basketball Student-Athletes","Snooze it or Lose it: Understanding Sleep Disturbance and Injuries in Soccer and Basketball Student-Athletes.","10.1097/jsm.0000000000001250","10.1097/jsm.0000000000001250"
"Embase","doi","100","within_second_search","","Effects of In-Season Strength Training on Physical Fitness and Injury Prevention in North African Elite Young Female Soccer Players","Effects of In-Season Strength Training on Physical Fitness and Injury Prevention in North African Elite Young Female Soccer Players.","10.1186/s40798-024-00762-0","10.1186/s40798-024-00762-0"
"Embase","doi","100","within_second_search","","Duration of Ice Hockey Play and Chronic Traumatic Encephalopathy","Duration of Ice Hockey Play and Chronic Traumatic Encephalopathy.","10.1001/jamanetworkopen.2024.49106","10.1001/jamanetworkopen.2024.49106"
"Embase","doi","100","within_second_search","","Effectiveness of an On-Field Rehabilitation framework for return to sports in injured male professional football players: a single-blinded, prospective, randomised controlled trial","Effectiveness of an On-Field Rehabilitation framework for return to sports in injured male professional football players: a single-blinded, prospective, randomised controlled trial.","10.1136/bmjsem-2023-001849","10.1136/bmjsem-2023-001849"
"Embase","doi","100","within_second_search","","Immediate and Transient Perturbances in EEG Within Seconds Following Controlled Soccer Head Impact","Immediate and Transient Perturbances in EEG Within Seconds Following Controlled Soccer Head Impact.","10.1007/s10439-024-03602-0","10.1007/s10439-024-03602-0"
"Embase","doi","100","within_second_search","","Return to Soccer After Anterior Cruciate Ligament Reconstruction: An Outcome or a Decision?","Return to Soccer After Anterior Cruciate Ligament Reconstruction: An Outcome or a Decision?.","10.1177/23259671241295834","10.1177/23259671241295834"
"Embase","doi","100","within_second_search","","Review of common shoulder and elbow pathologies in athletes","[Review of common shoulder and elbow pathologies in athletes].","10.53738/revmed.2024.20.899.2400","10.53738/revmed.2024.20.899.2400"
"Embase","doi","100","within_second_search","","Repetitive head injuries in German American football players do not change blood-based biomarker candidates for CTE during a single season","Repetitive head injuries in German American football players do not change blood-based biomarker candidates for CTE during a single season.","10.1186/s42466-024-00307-6","10.1186/s42466-024-00307-6"
"Embase","doi","100","within_second_search","","Soccer (football) and brain health","Soccer (football) and brain health.","10.1007/s00415-024-12320-5","10.1007/s00415-024-12320-5"
"Embase","doi","100","within_second_search","","The Role of Level of Play in Concussions in High School Athletes","The Role of Level of Play in Concussions in High School Athletes.","10.1097/phh.0000000000001791","10.1097/phh.0000000000001791"
"Embase","doi","100","within_second_search","","Disruptions to sleep and circadian rhythms are associated with poorer athlete mental health in female, but not male, elite Australian Rules footballers","Disruptions to sleep and circadian rhythms are associated with poorer athlete mental health in female, but not male, elite Australian Rules footballers.","10.1111/jsr.14186","10.1111/jsr.14186"
"Embase","doi","100","within_second_search","","A 13-year-old soccer player presenting with a Morel-Lavallee lesion of the knee: A case report and review of literature","A 13-year-old soccer player presenting with a Morel-Lavallee lesion of the knee: A case report and review of literature.","10.1002/ccr3.9365","10.1002/ccr3.9365"
"Embase","doi","100","within_second_search","","Systematic video analysis of ACL injuries in professional Spanish male football (soccer): Injury mechanisms, situational patterns, biomechanics and neurocognitive errors - A study on 115 consecutive cases","Systematic video analysis of ACL injuries in professional Spanish male football (soccer): injury mechanisms, situational patterns, biomechanics and neurocognitive errors - a study on 115 consecutive cases.","10.1136/bmjsem-2024-002149","10.1136/bmjsem-2024-002149"
"Embase","doi","100","within_second_search","","Anterior Cruciate Ligament Ruptures in Russian Premier League Soccer Players During the 2010 to 2021/2022 Competitive Seasons: The Epidemiology and Details of Return to Sports","Anterior Cruciate Ligament Ruptures in Russian Premier League Soccer Players During the 2010 to 2021/2022 Competitive Seasons: The Epidemiology and Details of Return to Sports.","10.1177/23259671241261957","10.1177/23259671241261957"
"Embase","doi","100","within_second_search","","Comparing the immediate effects of different neural mobilization exercises on hamstring flexibility in recreational soccer players","Comparing the immediate effects of different neural mobilization exercises on hamstring flexibility in recreational soccer players.","10.1142/s1013702524500124","10.1142/s1013702524500124"
"Embase","doi","100","within_second_search","","Flortaucipir tau PET findings from former professional and college American football players in the DIAGNOSE CTE research project","Flortaucipir tau PET findings from former professional and college American football players in the DIAGNOSE CTE research project.","10.1002/alz.13602","10.1002/alz.13602"
"Embase","doi","100","within_second_search","","Artificial intelligence applications in the football codes: A systematic review","Artificial intelligence applications in the football codes: A systematic review.","10.1080/02640414.2024.2383065","10.1080/02640414.2024.2383065"
"Embase","doi","100","within_second_search","","Patellofemoral Disorders in Soccer Players","Patellofemoral Disorders in Soccer Players.","10.1097/jsa.0000000000000390","10.1097/jsa.0000000000000390"
"Embase","doi","100","within_second_search","","Shoulder dislocations in professional male football (soccer): A retrospective epidemiological analysis of the German Bundesliga from season 2012/2013 until 2022/2023","Shoulder dislocations in professional male football (soccer): A retrospective epidemiological analysis of the German Bundesliga from season 2012/2013 until 2022/2023.","10.1002/ksa.12199","10.1002/ksa.12199"
"Embase","doi","100","within_second_search","","Evaluation of Brain Rotational Injury Criteria (BrIC) in vehicle frontal crashes","Evaluation of Brain Rotational Injury Criteria (BrIC) in vehicle frontal crashes.","10.1080/15389588.2023.2255913","10.1080/15389588.2023.2255913"
"Embase","doi","100","within_second_search","","ORTHOPEDIC INJURIES IN MEN'S PROFESSIONAL SOCCER DURING THE CORONAVIRUS DISEASE PANDEMIC","ORTHOPEDIC INJURIES IN MEN'S PROFESSIONAL SOCCER DURING THE CORONAVIRUS DISEASE PANDEMIC.","10.1590/1413-785220243203e273510","10.1590/1413-785220243203e273510"
"Embase","doi","100","within_second_search","","Marching Band Injuries in Children Presenting to Emergency Departments in the United States, 2012-2021: A Trebling Tale","Marching Band Injuries in Children Presenting to Emergency Departments in the United States, 2012-2021: A Trebling Tale.","10.1177/00099228231210656","10.1177/00099228231210656"
"Embase","doi","100","within_second_search","","The team behind the team: prevalence and correlates of mental health problems among professional football team medical and allied staff?","The team behind the team: prevalence and correlates of mental health problems among professional football team medical and allied staff?.","10.1080/15438627.2023.2216827","10.1080/15438627.2023.2216827"
"Embase","doi","100","within_second_search","","Optimised return to play: high treatment success rate in core muscle injury with surgical release of the anterior tendon of the rectus abdominis muscle and proximal tenotomy of the adductor longus muscle","Optimised return to play: high treatment success rate in core muscle injury with surgical release of the anterior tendon of the rectus abdominis muscle and proximal tenotomy of the adductor longus muscle.","10.1016/j.jisako.2023.10.013","10.1016/j.jisako.2023.10.013"
"Embase","doi","100","within_second_search","","Which training load indicators are greater correlated with maturation and wellness variables in elite U14 soccer players?","Which training load indicators are greater correlated with maturation and wellness variables in elite U14 soccer players?.","10.1186/s12887-024-04744-9","10.1186/s12887-024-04744-9"
"Embase","doi","100","within_second_search","","Women's rugby for all: Toward an intersectional women's rugby research agenda","Women's rugby for all: Toward an intersectional women's rugby research agenda.","10.1002/ejsc.12127","10.1002/ejsc.12127"
"Embase","doi","100","within_second_search","","Assessment of Eating Disorder Risk According to Sport Level, Sex, and Social Media Use among Polish Football Players: A Cross-Sectional Study","Assessment of Eating Disorder Risk According to Sport Level, Sex, and Social Media Use among Polish Football Players: A Cross-Sectional Study.","10.3390/nu16203470","10.3390/nu16203470"
"Embase","doi","100","within_second_search","","Prevalence of Concomitant Injuries by Sport in Pediatric Patients With ACL Rupture","Prevalence of Concomitant Injuries by Sport in Pediatric Patients With ACL Rupture.","10.1177/23259671241260051","10.1177/23259671241260051"
"Embase","doi","100","within_second_search","","A rare soccer-related injury: Traumatic posterior hip fracture-dislocation - Case series and overview of the literature","A rare soccer-related injury: Traumatic posterior hip fracture-dislocation - Case series and overview of the literature.","10.1016/j.jbmt.2023.11.037","10.1016/j.jbmt.2023.11.037"
"Embase","doi","100","within_second_search","","Asymmetry in kinematics of dominant/nondominant lower limbs in central and lateral positioned college and sub-elite soccer players","Asymmetry in kinematics of dominant/nondominant lower limbs in central and lateral positioned college and sub-elite soccer players.","10.1371/journal.pone.0304511","10.1371/journal.pone.0304511"
"Embase","doi","100","within_second_search","","Evaluation of muscular and functional inter-limb asymmetries during mid-season in young male soccer athletes","Evaluation of muscular and functional inter-limb asymmetries during mid-season in young male soccer athletes.","10.1016/j.jbmt.2024.03.067","10.1016/j.jbmt.2024.03.067"
"Embase","doi","100","within_second_search","","If we build it together, will they use it? A mixed-methods study evaluating the implementation of Prep-to-Play PRO: an injury prevention programme for women's elite Australian Football","If we build it together, will they use it? A mixed-methods study evaluating the implementation of Prep-to-Play PRO: an injury prevention programme for women's elite Australian Football.","10.1136/bjsports-2023-107518","10.1136/bjsports-2023-107518"
"Embase","doi","100","within_second_search","","Muscle Pain Code: a novel tool for screening the risk of time-loss muscle injury in professional male football players","Muscle Pain Code: a novel tool for screening the risk of time-loss muscle injury in professional male football players.","10.1080/00913847.2024.2346463","10.1080/00913847.2024.2346463"
"Embase","doi","100","within_second_search","","Knee-ankle kinematics and coupling responses to SportsMetrics training programs in females athletes with dynamic knee valgus: A sport-specific approach","Knee-ankle kinematics and coupling responses to SportsMetrics training programs in females athletes with dynamic knee valgus: A sport-specific approach.","10.1016/j.jbmt.2024.07.043","10.1016/j.jbmt.2024.07.043"
"Embase","doi","100","within_second_search","","Proprioceptive training methods (PTM) in female soccer players - a systematic review","Proprioceptive training methods (PTM) in female soccer players - a systematic review.","10.1186/s13102-024-00892-8","10.1186/s13102-024-00892-8"
"Embase","doi","100","within_second_search","","Correlation of Player and Imaging Characteristics With Severity and Missed Time in National Football League Professional Athletes With Hamstring Strain Injury: A Retrospective Review","Correlation of Player and Imaging Characteristics With Severity and Missed Time in National Football League Professional Athletes With Hamstring Strain Injury: A Retrospective Review.","10.1177/03635465241270281","10.1177/03635465241270281"
"Embase","doi","100","within_second_search","","Neurocognitive Errors and Noncontact Anterior Cruciate Ligament Injuries in Professional Male Soccer Players","Neurocognitive Errors and Noncontact Anterior Cruciate Ligament Injuries in Professional Male Soccer Players.","10.4085/1062-6050-0209.22","10.4085/1062-6050-0209.22"
"Embase","doi","100","within_second_search","","Knee Biomechanics During Neurocognitively Challenged Drop Landings in Male Elite Soccer Players with Anterior Cruciate Ligament Reconstruction","Knee Biomechanics During Neurocognitively Challenged Drop Landings in Male Elite Soccer Players with Anterior Cruciate Ligament Reconstruction.","10.1186/s40798-024-00685-w","10.1186/s40798-024-00685-w"
"Embase","doi","100","within_second_search","","Insights into breast health issues in women's rugby","Insights into breast health issues in women's rugby.","10.1002/ejsc.12128","10.1002/ejsc.12128"
"Embase","doi","100","within_second_search","","Rotator Cuff Injuries in the Pediatric Population: A Retrospective Review of Patient Characteristics and Treatment at a Single Center","Rotator Cuff Injuries in the Pediatric Population: A Retrospective Review of Patient Characteristics and Treatment at a Single Center.","10.1177/19417381231174021","10.1177/19417381231174021"
"Embase","doi","100","within_second_search","","Arthroscopic debridement and microfracture for bilateral osteochondral lesions on the lateral process of the talus involving the subtalar joint: A case report","Arthroscopic debridement and microfracture for bilateral osteochondral lesions on the lateral process of the talus involving the subtalar joint: A case report.","10.1097/md.0000000000038302","10.1097/md.0000000000038302"
"Embase","doi","100","within_second_search","","Does Headgear Prevent Sport-Related Concussion? A Systematic Review and Meta-Analysis of Randomized Controlled Trials Including 6311 Players and 173,383 Exposure Hours","Does Headgear Prevent Sport-Related Concussion? A Systematic Review and Meta-Analysis of Randomized Controlled Trials Including 6311 Players and 173,383 Exposure Hours.","10.1177/19417381231174461","10.1177/19417381231174461"
"Embase","doi","100","within_second_search","","Reliability of enhanced paper grip test for testing foot strength in volleyball and soccer players","Reliability of enhanced paper grip test for testing foot strength in volleyball and soccer players.","10.1016/j.ptsp.2024.05.004","10.1016/j.ptsp.2024.05.004"
"Embase","doi","100","within_second_search","","Investigation of the relationship between functional movement and respiratory muscle strength in professional football players and sedentary individuals: A controlled trial","Investigation of the relationship between functional movement and respiratory muscle strength in professional football players and sedentary individuals: A controlled trial.","10.1016/j.jbmt.2024.01.035","10.1016/j.jbmt.2024.01.035"
"Embase","doi","100","within_second_search","","Brain Deformation Estimation With Transfer Learning for Head Impact Datasets Across Impact Types","Brain Deformation Estimation With Transfer Learning for Head Impact Datasets Across Impact Types.","10.1109/tbme.2024.3354192","10.1109/tbme.2024.3354192"
"Embase","doi","100","existing_extraction","S419","A musculoskeletal multifactorial individualised programme for hamstring muscle injury risk reduction in professional football: results of a prospective cohort study","A musculoskeletal multifactorial individualised programme for hamstring muscle injury risk reduction in professional football: results of a prospective cohort study","10.1136/bmjsem-2023-001866","10.1136/bmjsem-2023-001866"
"Embase","doi","100","within_second_search","","Process mining to investigate the relationship between clinical antecedents and injury risk, severity and return to play in professional sports","Process mining to investigate the relationship between clinical antecedents and injury risk, severity and return to play in professional sports.","10.1136/bmjsem-2024-001890","10.1136/bmjsem-2024-001890"
"Embase","doi","100","within_second_search","","Real-world implementation of the Copenhagen Adduction Exercise: what do football teams modify and why?","Real-world implementation of the Copenhagen Adduction Exercise: what do football teams modify and why?.","10.1136/bmjsem-2024-001982","10.1136/bmjsem-2024-001982"
"Embase","doi","100","within_second_search","","At-Risk Tackling Techniques and Effectiveness in English Premiership Rugby","At-Risk Tackling Techniques and Effectiveness in English Premiership Rugby.","10.1177/23259671241255097","10.1177/23259671241255097"
"Embase","doi","100","within_second_search","","Clinical Features and Therapeutic Process of Sacral Fatigue Fractures in Adolescents","Clinical Features and Therapeutic Process of Sacral Fatigue Fractures in Adolescents.","10.1177/03635465241251848","10.1177/03635465241251848"
"Embase","doi","100","within_second_search","","Soccer Injuries","Soccer Injuries.","10.1097/jsa.0000000000000410","10.1097/jsa.0000000000000410"
"Embase","doi","100","existing_extraction","S498","Epidemiology of Anterior Cruciate Ligament Tears in National Collegiate Athletic Association Athletes: 2014/2015-2018/2019","Epidemiology of Anterior Cruciate Ligament Tears in National Collegiate Athletic Association Athletes: 2014/2015-2018/2019","10.1249/mss.0000000000003281","10.1249/mss.0000000000003281"
"Embase","doi","100","within_second_search","","Women's rugby as a catalyst for advancing female-specific science and safety in sport","Women's rugby as a catalyst for advancing female-specific science and safety in sport.","10.1002/ejsc.12212","10.1002/ejsc.12212"
"Embase","doi","100","within_second_search","","Shoulder, upper arm and elbow injuries in high school men's American football","Shoulder, upper arm and elbow injuries in high school men's American football.","10.1080/15438627.2022.2125318","10.1080/15438627.2022.2125318"
"Embase","doi","100","within_second_search","","Thermography method under the influence of exercise in the detection of muscle injuries: Sartorius muscle case report","Thermography method under the influence of exercise in the detection of muscle injuries: Sartorius muscle case report.","10.1016/j.jbmt.2024.02.029","10.1016/j.jbmt.2024.02.029"
"Embase","doi","100","within_second_search","","Differences in Short-Term Sport-Specific Functional Recovery After Primary ACL Reconstruction in the Adolescent Athlete","Differences in Short-Term Sport-Specific Functional Recovery After Primary ACL Reconstruction in the Adolescent Athlete.","10.1177/19417381231156395","10.1177/19417381231156395"
"Embase","doi","100","within_second_search","","Repetitive head-injury exposure and later-in-life cognitive and emotional outcomes among former collegiate football players: a CLEAATS investigation","Repetitive head-injury exposure and later-in-life cognitive and emotional outcomes among former collegiate football players: a CLEAATS investigation.","10.1080/09540261.2024.2352572","10.1080/09540261.2024.2352572"
"Embase","doi","100","within_second_search","","Strength and clinical test combinations enhance predictions of sagittal and frontal plane biomechanics in single-leg landing","Strength and clinical test combinations enhance predictions of sagittal and frontal plane biomechanics in single-leg landing.","10.1016/j.ptsp.2024.06.008","10.1016/j.ptsp.2024.06.008"
"Embase","doi","100","within_second_search","","Ranking sports science and medicine interventions impacting team performance: a protocol for a systematic review and meta-analysis of observational studies in elite football","Ranking sports science and medicine interventions impacting team performance: a protocol for a systematic review and meta-analysis of observational studies in elite football.","10.1136/bmjsem-2024-002196","10.1136/bmjsem-2024-002196"
"Embase","doi","100","within_second_search","","Cumulative effects of subsequent concussions on the neural patterns of young rugby athletes: data from event-related potentials","Cumulative effects of subsequent concussions on the neural patterns of young rugby athletes: data from event-related potentials.","10.1080/15438627.2023.2189594","10.1080/15438627.2023.2189594"
"Embase","doi","100","within_second_search","","Lower limbs kinematic analysis during a jump landing task in soccer players with unilateral anterior cruciate ligament reconstruction","Lower limbs kinematic analysis during a jump landing task in soccer players with unilateral anterior cruciate ligament reconstruction.","10.1186/s13102-024-01012-2","10.1186/s13102-024-01012-2"
"Embase","doi","100","within_second_search","","In-match strategies to mitigate the effect of heat on football (soccer) players' health and performance","In-match strategies to mitigate the effect of heat on football (soccer) players' health and performance.","10.1136/bjsports-2023-107907","10.1136/bjsports-2023-107907"
"Embase","doi","100","within_second_search","","Incidence of concussion and associated risk factors in collegiate soccer: findings from the NCAA-DoD CARE consortium","Incidence of concussion and associated risk factors in collegiate soccer: findings from the NCAA-DoD CARE consortium.","10.1080/24733938.2023.2227134","10.1080/24733938.2023.2227134"
"Embase","doi","100","within_second_search","","Analysis of football research trends using text network analysis","Analysis of football research trends using text network analysis.","10.1371/journal.pone.0299782","10.1371/journal.pone.0299782"
"Embase","doi","100","within_second_search","","Epidemiology of Stingers in the National Football League, 2015-2019","Epidemiology of Stingers in the National Football League, 2015-2019.","10.1177/19417381231223413","10.1177/19417381231223413"
"Embase","doi","100","within_second_search","","Effect of Repetitive Head Impacts on Saccade Performance in Canadian University Football Players","Effect of Repetitive Head Impacts on Saccade Performance in Canadian University Football Players.","10.1097/jsm.0000000000001202","10.1097/jsm.0000000000001202"
"Embase","doi","100","within_second_search","","The Use of Biofluid Markers to Evaluate the Consequences of Sport-Related Subconcussive Head Impact Exposure: A Scoping Review","The Use of Biofluid Markers to Evaluate the Consequences of Sport-Related Subconcussive Head Impact Exposure: A Scoping Review.","10.1186/s40798-023-00665-6","10.1186/s40798-023-00665-6"
"Embase","doi","100","within_second_search","","National Football League Quarterbacks With Ulnar Collateral Ligament Injuries Have High Return-to-Play Rates, but Older Players Have Inferior Postinjury Performance","National Football League Quarterbacks With Ulnar Collateral Ligament Injuries Have High Return-to-Play Rates, but Older Players Have Inferior Postinjury Performance.","10.1016/j.asmr.2024.100954","10.1016/j.asmr.2024.100954"
"Embase","doi","100","within_second_search","","Comment on: Machine Learning for Understanding and Predicting Injuries in Football","Comment on: Machine Learning for Understanding and Predicting Injuries in Football.","10.1186/s40798-024-00745-1","10.1186/s40798-024-00745-1"
"Embase","doi","100","within_second_search","","Metabolic Surgery and Chronic Traumatic Encephalopathy: Perceptions of Former NFL Players","Metabolic Surgery and Chronic Traumatic Encephalopathy: Perceptions of Former NFL Players.","10.1007/s11695-024-07475-z","10.1007/s11695-024-07475-z"
"Embase","doi","100","within_second_search","","Cross-sectional size, shape, and estimated strength of the tibia, fibula and second metatarsal in female collegiate-level cross-country runners and soccer players","Cross-sectional size, shape, and estimated strength of the tibia, fibula and second metatarsal in female collegiate-level cross-country runners and soccer players.","10.1016/j.bone.2024.117233","10.1016/j.bone.2024.117233"
"Embase","doi","100","within_second_search","","Relationship between external and internal load indicators and injury using machine learning in professional soccer: a systematic review and meta-analysis","Relationship between external and internal load indicators and injury using machine learning in professional soccer: a systematic review and meta-analysis.","10.1080/15438627.2023.2297190","10.1080/15438627.2023.2297190"
"Embase","doi","100","within_second_search","","Preliminary Examination of Guardian Cap Head Impact Kinematics Using Instrumented Mouthguards","Preliminary Examination of Guardian Cap Head Impact Kinematics Using Instrumented Mouthguards.","10.4085/1062-6050-0136.23","10.4085/1062-6050-0136.23"
"Embase","doi","100","within_second_search","","Effects of Powerchair Football: Contextual Factors That Impact Participation","Effects of Powerchair Football: Contextual Factors That Impact Participation.","10.1123/apaq.2022-0124","10.1123/apaq.2022-0124"
"Embase","doi","100","within_second_search","","Risk of Acute Compartment Syndrome in Pediatric Patients with Tibial Tubercle Avulsion Fractures: A Retrospective Review","Risk of Acute Compartment Syndrome in Pediatric Patients With Tibial Tubercle Avulsion Fractures: A Retrospective Review.","10.1097/bpo.0000000000002744","10.1097/bpo.0000000000002744"
"Embase","doi","100","within_second_search","","Juke Stick: A Case of Pediatric Atraumatic Compartment Syndrome","Juke Stick: A Case of Pediatric Atraumatic Compartment Syndrome.","10.1093/milmed/usad355","10.1093/milmed/usad355"
"Embase","doi","84","within_second_search","","Developing a data-driven multimodal injury and illness prevention programme in male professional football based on a risk management model: the IP2NetWork","Developing a data-driven multimodal injury and illness prevention programme in male professional football based on a risk management model: the IP2 NetWork.","10.1136/bmjsem-2024-002101","10.1136/bmjsem-2024-002101"
"Embase","doi","100","existing_extraction","S421","Exploring the true burden of a time-loss injury: full vs partial time-loss in elite academy football (soccer)","Exploring the true burden of a time-loss injury: full vs partial time-loss in elite academy football (soccer)","10.1080/24733938.2022.2156587","10.1080/24733938.2022.2156587"
"Embase","doi","100","within_second_search","","'More than likely the men come first. That's just very frustrating'. A qualitative exploration of contextual factors affecting the implementation of injury prevention initiatives and the provision of effective injury management in elite-level women's club football in Ireland","'More than likely the men come first. That's just very frustrating'. A qualitative exploration of contextual factors affecting the implementation of injury prevention initiatives and the provision of effective injury management in elite-level women's club football in Ireland.","10.1136/bjsports-2022-106548","10.1136/bjsports-2022-106548"
"Embase","doi","100","within_second_search","","Metabolic, cognitive and neuromuscular responses to different multidirectional agility-like sprint protocols in elite female soccer players - a randomised crossover study","Metabolic, cognitive and neuromuscular responses to different multidirectional agility-like sprint protocols in elite female soccer players - a randomised crossover study.","10.1186/s13102-024-00856-y","10.1186/s13102-024-00856-y"
"Embase","doi","100","existing_extraction","S420","Lost in transition: Exploring injury risk in academy footballers shifting between the second and first teams","Lost in transition: Exploring injury risk in academy footballers shifting between the second and first teams","10.1016/j.jsams.2023.11.009","10.1016/j.jsams.2023.11.009"
"Embase","doi","100","within_second_search","","Examination of parkinsonism in former elite American football players","Examination of parkinsonism in former elite American football players.","10.1016/j.parkreldis.2023.105903","10.1016/j.parkreldis.2023.105903"
"Embase","doi","100","within_second_search","","Spontaneous resolution of proximal humerus sessile osteochondroma: A report of case and literature review","Spontaneous resolution of proximal humerus sessile osteochondroma: A report of case and literature review.","10.1002/ccr3.8372","10.1002/ccr3.8372"
"Embase","doi","100","within_second_search","","Nonsurgical Management of Adductor-related groin pain with Ultrasound-Guided Platelet-Rich Plasma Injection and Physical Therapy in a Competitive Soccer Player: A Case Report","Nonsurgical Management of Adductor-related groin pain with Ultrasound-Guided Platelet-Rich Plasma Injection and Physical Therapy in a Competitive Soccer Player: A Case Report.","10.26603/001c.120209","10.26603/001c.120209"
"Embase","doi","100","within_second_search","","Leukocyte-Rich Platelet-Rich Plasma Injection in an Acute-on-Chronic Rectus Femoris Injury of a Professional Soccer Player: A Case Report","Leukocyte-Rich Platelet-Rich Plasma Injection in an Acute-on-Chronic Rectus Femoris Injury of a Professional Soccer Player: A Case Report.","10.1016/j.jisako.2024.06.005","10.1016/j.jisako.2024.06.005"
"Embase","doi","100","within_second_search","","Skeletal Maturity Is Associated With Increased Meniscal and Chondral Pathology in Patients Under 21 Years of Age Undergoing Primary Anterior Cruciate Ligament Reconstruction Within 6 Months of Injury","Skeletal Maturity Is Associated With Increased Meniscal and Chondral Pathology in Patients Under 21 Years of Age Undergoing Primary Anterior Cruciate Ligament Reconstruction Within 6 Months of Injury.","10.1016/j.arthro.2024.01.022","10.1016/j.arthro.2024.01.022"
"Embase","doi","100","within_second_search","","Load monitoring, strength training, and recovery in futsal: Practitioners' perspectives","Load monitoring, strength training, and recovery in futsal: Practitioners' perspectives.","10.1080/24733938.2022.2144641","10.1080/24733938.2022.2144641"
"Embase","doi","100","within_second_search","","Match workload and international travel associated with (ACL) injuries in professional women's football","Match workload and international travel associated with (ACL) injuries in professional women's football.","10.1002/ejsc.12193","10.1002/ejsc.12193"
"Embase","doi","100","within_second_search","","Level of Agreement Between Child and Parent Reporting on the Child Sport Concussion Assessment Tool (SCAT5)","Level of Agreement Between Child and Parent Reporting on the Child Sport Concussion Assessment Tool (SCAT5).","10.4085/1062-6050-0629.22","10.4085/1062-6050-0629.22"
"Embase","doi","100","within_second_search","","Blood-Brain Barrier Dysfunction and Exposure to Head Impacts in University Football Players","Blood-Brain Barrier Dysfunction and Exposure to Head Impacts in University Football Players.","10.1097/jsm.0000000000001164","10.1097/jsm.0000000000001164"
"Embase","doi","100","within_second_search","","Gender-specific hip strength disparities correlate with injury patterns in NCAA men's and women's soccer players","Gender-specific hip strength disparities correlate with injury patterns in NCAA men's and women's soccer players.","10.1002/pmrj.13150","10.1002/pmrj.13150"
"Embase","doi","100","within_second_search","","Guide to Muscular Injuries and Common Ligamentous Injuries Among Soccer Players","Guide to Muscular Injuries and Common Ligamentous Injuries Among Soccer Players.","10.1097/jsa.0000000000000411","10.1097/jsa.0000000000000411"
"Embase","doi","100","within_second_search","","The current state of concussion knowledge and attitudes in British American Football","The current state of concussion knowledge and attitudes in British American Football.","10.1080/00913847.2022.2156766","10.1080/00913847.2022.2156766"
"Embase","doi","100","within_second_search","","Medico-legal implications of dementia following concussion in rugby football","Medico-legal implications of dementia following concussion in rugby football.","10.1177/00258172231184550","10.1177/00258172231184550"
"Embase","doi","100","within_second_search","","Career Length After Surgically Treated ACL Plus Collateral Ligament Injury in Elite Athletes","Career Length After Surgically Treated ACL Plus Collateral Ligament Injury in Elite Athletes.","10.1177/03635465241262440","10.1177/03635465241262440"
"Embase","doi","100","existing_extraction","S394","An injury burden heat map of all men's and women's teams of a professional football club over a decade","An injury burden heat map of all men's and women's teams of a professional football club over a decade.","10.1080/15438627.2023.2228959","10.1080/15438627.2023.2228959"
"Embase","doi","100","within_second_search","","Can the Copenhagen Adduction Exercise Prevent Groin Injuries in Soccer Players? A Critically Appraised Topic","Can the Copenhagen Adduction Exercise Prevent Groin Injuries in Soccer Players? A Critically Appraised Topic.","10.1123/jsr.2023-0088","10.1123/jsr.2023-0088"
"Embase","doi","100","within_second_search","","Survey of the current practices of German football academies towards biological maturation assessment","Survey of the current practices of German football academies towards biological maturation assessment.","10.1080/24733938.2023.2270563","10.1080/24733938.2023.2270563"
"Embase","doi","100","within_second_search","","Kinematics of 90degree change of direction in young football players: Insights for ACL injury prevention from the CUTtheACL study on 6008 trials","Kinematics of 90degree change of direction in young football players: Insights for ACL injury prevention from the CUTtheACL study on 6008 trials.","10.1002/ksa.12230","10.1002/ksa.12230"
"Embase","doi","100","within_second_search","","3D Kinematics of Male and Female Soccer Players for a Variety of Game-Specific Skills","3D Kinematics of Male and Female Soccer Players for a Variety of Game-Specific Skills.","10.1155/2024/9588416","10.1155/2024/9588416"
"Embase","doi","100","within_second_search","","Influence of Long-Term Use of American Football Helmets on Concussion Risk","Influence of Long-Term Use of American Football Helmets on Concussion Risk.","10.3390/brainsci14060537","10.3390/brainsci14060537"
"Embase","doi","100","within_second_search","","Higher Eccentric Hamstring Muscle Fatigue After Participation in a Soccer Match in Young Female Athletes","Higher Eccentric Hamstring Muscle Fatigue After Participation in a Soccer Match in Young Female Athletes.","10.1177/19417381241230613","10.1177/19417381241230613"
"Embase","doi","100","within_second_search","","Reliability of lower limb strength assessment in female team sport athletes","Reliability of lower limb strength assessment in female team sport athletes.","10.1016/j.ptsp.2024.06.006","10.1016/j.ptsp.2024.06.006"
"Embase","doi","100","within_second_search","","Comparison of Kinematics for Head Impacts Initiated by Helmets and Shoulder Pads Among High School American Football Athletes","Comparison of Kinematics for Head Impacts Initiated by Helmets and Shoulder Pads Among High School American Football Athletes.","10.1007/s10439-024-03485-1","10.1007/s10439-024-03485-1"
"Embase","doi","100","within_second_search","","Ten-year results from the UK National Ligament Registry: Patient characteristics and factors predicting nonresponders for completion of outcome scores","Ten-year results from the UK National Ligament Registry: Patient characteristics and factors predicting nonresponders for completion of outcome scores.","10.1002/ksa.12116","10.1002/ksa.12116"
"Embase","doi","100","within_second_search","","Heterotopic Ossification and Platelet-Rich Plasma in Core Muscle Injuries: A Single-Institution Experience Over 6 Years","Heterotopic Ossification and Platelet-Rich Plasma in Core Muscle Injuries: A Single-Institution Experience Over 6 Years.","10.1177/03635465231209509","10.1177/03635465231209509"
"Embase","doi","100","within_second_search","","3-Dimensional Biomechanics of Noncontact Anterior Cruciate Ligament Injuries in Male Professional Soccer Players","3-Dimensional Biomechanics of Noncontact Anterior Cruciate Ligament Injuries in Male Professional Soccer Players.","10.1177/03635465241248071","10.1177/03635465241248071"
"Embase","doi","100","within_second_search","","Symptom Exacerbation and Adverse Events During a Randomized Trial of Early-Stage Rehabilitation After Sport-Related Concussion: Safety Outcomes From the Active Rehab Study","Symptom Exacerbation and Adverse Events During a Randomized Trial of Early-Stage Rehabilitation After Sport-Related Concussion: Safety Outcomes From the Active Rehab Study.","10.4085/1062-6050-0696.23","10.4085/1062-6050-0696.23"
"Embase","doi","100","within_second_search","","The Surgical Management of NCAA Division 1 College Football Injuries Post COVID-19: A Single Institution Retrospective Review","The Surgical Management of NCAA Division 1 College Football Injuries Post COVID-19: A Single Institution Retrospective Review.","10.1519/jsc.0000000000004720","10.1519/jsc.0000000000004720"
"Embase","doi","100","within_second_search","","The 11+ injury prevention programme decreases rate of hamstring strain injuries in male collegiate soccer players","The 11+ injury prevention programme decreases rate of hamstring strain injuries in male collegiate soccer players.","10.1136/bjsports-2023-107323","10.1136/bjsports-2023-107323"
"Embase","doi","100","within_second_search","","Hamstring Strain Injury Risk Factors in Australian Football Change over the Course of the Season","Hamstring Strain Injury Risk Factors in Australian Football Change over the Course of the Season.","10.1249/mss.0000000000003297","10.1249/mss.0000000000003297"
"Embase","doi","100","within_second_search","","UEFA Women's Elite Club Injury Study: a prospective study on 1527 injuries over four consecutive seasons 2018/2019 to 2021/2022 reveals thigh muscle injuries to be most common and ACL injuries most burdensome","UEFA Women's Elite Club Injury Study: a prospective study on 1527 injuries over four consecutive seasons 2018/2019 to 2021/2022 reveals thigh muscle injuries to be most common and ACL injuries most burdensome.","10.1136/bjsports-2023-107133","10.1136/bjsports-2023-107133"
"Embase","doi","100","within_second_search","","Perspectives on the role of nutrition in influencing academy soccer player development and performance: A qualitative case study of key stakeholders from an English category one soccer academy","Perspectives on the role of nutrition in influencing academy soccer player development and performance: A qualitative case study of key stakeholders from an English category one soccer academy.","10.1080/02640414.2024.2321008","10.1080/02640414.2024.2321008"
"Embase","doi","100","within_second_search","","Health Benefits of Different Sports: a Systematic Review and Meta-Analysis of Longitudinal and Intervention Studies Including 2.6 Million Adult Participants","Health Benefits of Different Sports: a Systematic Review and Meta-Analysis of Longitudinal and Intervention Studies Including 2.6 Million Adult Participants.","10.1186/s40798-024-00692-x","10.1186/s40798-024-00692-x"
"Embase","doi","100","within_second_search","","Is there a relationship between static postural control and core stability? A cross-sectional study in soccer players with groin pain","Is there a relationship between static postural control and core stability? A cross-sectional study in soccer players with groin pain.","10.1016/j.jor.2023.11.036","10.1016/j.jor.2023.11.036"
"Embase","doi","100","within_second_search","","Predicting Soccer Players' Fitness Status Through a Machine-Learning Approach","Predicting Soccer Players' Fitness Status Through a Machine-Learning Approach.","10.1123/ijspp.2023-0444","10.1123/ijspp.2023-0444"
"Embase","doi","100","within_second_search","","A comprehensive two-dimensional scoring system to assess the single-leg squat task in football players","A comprehensive two-dimensional scoring system to assess the single-leg squat task in football players.","10.1016/j.knee.2024.02.016","10.1016/j.knee.2024.02.016"
"Embase","doi","100","within_second_search","","Predictors of Anterior Cruciate Ligament Tears in Adolescents and Young Adults","Predictors of Anterior Cruciate Ligament Tears in Adolescents and Young Adults.","10.1177/23259671241272699","10.1177/23259671241272699"
"Embase","doi","100","within_second_search","","The risk factors and predictors of injury among collegiate rugby players under the age of 20","The risk factors and predictors of injury among collegiate rugby players under the age of 20.","10.23736/s0022-4707.24.15862-8","10.23736/s0022-4707.24.15862-8"
"Embase","doi","100","within_second_search","","Post-game recovery of isometric hamstring strength in a high-risk hamstring strain injury group throughout an Australian Football League season","Post-game recovery of isometric hamstring strength in a high-risk hamstring strain injury group throughout an Australian Football League season.","10.1080/24733938.2022.2159061","10.1080/24733938.2022.2159061"
"Embase","doi","100","within_second_search","","Ozone Therapy for a Soccer Player With Osteitis Pubis: A Case Report","Ozone Therapy for a Soccer Player With Osteitis Pubis: A Case Report.","10.1123/jsr.2023-0087","10.1123/jsr.2023-0087"
"Embase","doi","100","within_second_search","","Don't forget to mind the mind: a prospective cohort study over 12 months on mental health symptoms in active professional male footballers","Don't forget to mind the mind: a prospective cohort study over 12 months on mental health symptoms in active professional male footballers.","10.1186/s13102-024-01005-1","10.1186/s13102-024-01005-1"
"Embase","doi","100","within_second_search","","Adolescent Athletes with Stronger Athletic Identity Perceptions Have Weaker Fear Avoidance Perceptions during Musculoskeletal Injury Rehabilitation Return to Sports Preparation","Adolescent Athletes with Stronger Athletic Identity Perceptions Have Weaker Fear Avoidance Perceptions During Musculoskeletal Injury Rehabilitation Return to Sports Preparation.","10.1097/bpo.0000000000002723","10.1097/bpo.0000000000002723"
"Embase","doi","100","within_second_search","","The impact of a 10-week Nordic hamstring exercise programme on hamstring muscle stiffness, a randomised controlled trial using shear wave elastography","The impact of a 10-week Nordic hamstring exercise programme on hamstring muscle stiffness, a randomised controlled trial using shear wave elastography.","10.1080/02640414.2024.2402163","10.1080/02640414.2024.2402163"
"Embase","doi","100","within_second_search","","Effects of Cumulative Head Impact Exposure in Adolescent Male Contact and Collision Sport Student Athletes","Effects of Cumulative Head Impact Exposure in Adolescent Male Contact and Collision Sport Student Athletes.","10.1097/htr.0000000000000915","10.1097/htr.0000000000000915"
"Embase","doi","100","within_second_search","","Medial Malleolar Stress Fracture Treatment and Return to Activity: A Systematic Review","Medial Malleolar Stress Fracture Treatment and Return to Activity: A Systematic Review.","10.1177/24730114241303463","10.1177/24730114241303463"
"Embase","doi","100","within_second_search","","Revolutionizing PIP joint fracture treatment: A case of surgical precision and rapid recovery","Revolutionizing PIP joint fracture treatment: A case of surgical precision and rapid recovery.","10.1016/j.ijscr.2024.109813","10.1016/j.ijscr.2024.109813"
"Embase","doi","100","within_second_search","","Catastrophic Sports Injuries: Causation and Prevention","Catastrophic Sports Injuries: Causation and Prevention.","10.2106/jbjs.23.00335","10.2106/jbjs.23.00335"
"Embase","doi","100","within_second_search","","Complex knee injuries in football : Management from injury to return to competition","[Complex knee injuries in football : Management from injury to return to competition].","10.1007/s00132-024-04508-4","10.1007/s00132-024-04508-4"
"Embase","doi","100","within_second_search","","Effects of a Preseason Neuromuscular Training Program vs. an Endurance-Dominated Program on Physical Fitness and Injury Prevention in Female Soccer Players","Effects of a Preseason Neuromuscular Training Program vs. an Endurance-Dominated Program on Physical Fitness and Injury Prevention in Female Soccer Players.","10.1186/s40798-024-00731-7","10.1186/s40798-024-00731-7"
"Embase","doi","100","within_second_search","","Are all hamstring injuries equal? A retrospective analysis of time to return to full training following BAMIC type 'c' and T-junction injuries in professional men's rugby union","Are all hamstring injuries equal? A retrospective analysis of time to return to full training following BAMIC type 'c' and T-junction injuries in professional men's rugby union.","10.1111/sms.14586","10.1111/sms.14586"
"Embase","doi","100","within_second_search","","Injury Risk in Elite Young Male Soccer Players: A Review on the Impact of Growth, Maturation, and Workload","Injury Risk in Elite Young Male Soccer Players: A Review on the Impact of Growth, Maturation, and Workload.","10.1519/jsc.0000000000004889","10.1519/jsc.0000000000004889"
"Embase","doi","100","within_second_search","","Hamstring musculotendon mechanics of prospectively injured elite rugby athletes","Hamstring musculotendon mechanics of prospectively injured elite rugby athletes.","10.1080/15438627.2023.2189115","10.1080/15438627.2023.2189115"
"Embase","doi","100","within_second_search","","Magnetic resonance imaging predicts the days lost from training and competition: evaluation of 56 indirect muscle injuries in professional football players","Magnetic resonance imaging predicts the days lost from training and competition: evaluation of 56 indirect muscle injuries in professional football players.","10.23736/s0022-4707.23.15079-1","10.23736/s0022-4707.23.15079-1"
"Embase","doi","100","within_second_search","","Relationships between physical fitness characteristics, technical skill attributes, and sports injury in female Australian football players","Relationships between physical fitness characteristics, technical skill attributes, and sports injury in female Australian football players.","10.1371/journal.pone.0298267","10.1371/journal.pone.0298267"
"Embase","doi","100","within_second_search","","Perspectives on reasons why football and handball players sustain acute and severe knee injuries: A mixed-methods concept mapping study","Perspectives on reasons why football and handball players sustain acute and severe knee injuries: a mixed-methods concept mapping study.","10.1136/bmjsem-2024-002048","10.1136/bmjsem-2024-002048"
"Embase","doi","100","within_second_search","","Arthroscopic reduction and internal fixation for fracture of the posterior process of the talus (Shepherd's fracture): a case report","Arthroscopic reduction and internal fixation for fracture of the posterior process of the talus (Shepherd's fracture): a case report.","10.1186/s13256-024-04652-7","10.1186/s13256-024-04652-7"
"Embase","doi","100","within_second_search","","Return to Play Assessment After Lateral Ankle Sprains - German Male Elite Youth Football (Soccer) Academy Baseline Data","Return to Play Assessment After Lateral Ankle Sprains - German Male Elite Youth Football (Soccer) Academy Baseline Data.","10.26603/001c.120201","10.26603/001c.120201"
"Embase","doi","100","within_second_search","","Environment-based approaches to improve participation of young people with physical disabilities during COVID-19","Environment-based approaches to improve participation of young people with physical disabilities during COVID-19.","10.1111/dmcn.15822","10.1111/dmcn.15822"
"Embase","doi","100","within_second_search","","'T-junction' hamstring muscle injury in an elite-level football player","'T-junction' hamstring muscle injury in an elite-level football player.","10.1136/bjsports-2024-108463","10.1136/bjsports-2024-108463"
"Embase","doi","100","within_second_search","","Athletic Trainer and Emergency Medical Technician or Paramedic Opinions of Each Other's Understanding of Essential Emergent Football Injury Situation Tasks","Athletic Trainer and Emergency Medical Technician or Paramedic Opinions of Each Other's Understanding of Essential Emergent Football Injury Situation Tasks.","10.1097/pec.0000000000003083","10.1097/pec.0000000000003083"
"Embase","doi","100","within_second_search","","Risk and Prognosis of Hamstring Injuries in the National Football League: A 12-Year Review","Risk and Prognosis of Hamstring Injuries in the National Football League: A 12-Year Review.","10.1177/23259671241298622","10.1177/23259671241298622"
"Embase","doi","100","within_second_search","","Return to Play After Arthroscopic Management of Rotator Cuff Tears in Professional Athletes of Contact Sports","Return to Play After Arthroscopic Management of Rotator Cuff Tears in Professional Athletes of Contact Sports.","10.1177/23259671241264166","10.1177/23259671241264166"
"Embase","doi","100","existing_extraction","S542","Unmasking mental health symptoms in female professional football players: A 12-month follow-up study","Unmasking mental health symptoms in female professional football players: A 12-month follow-up study","10.1136/bmjsem-2024-001922","10.1136/bmjsem-2024-001922"
"Embase","doi","100","within_second_search","","Gender differences in foot and ankle sporting injuries: A systematic literature review","Gender differences in foot and ankle sporting injuries: A systematic literature review.","10.1016/j.foot.2024.102122","10.1016/j.foot.2024.102122"
"Embase","doi","100","within_second_search","","Impact of the Quadriceps Angle on Health and Injury Risk in Female Athletes","Impact of the Quadriceps Angle on Health and Injury Risk in Female Athletes.","10.3390/ijerph21121547","10.3390/ijerph21121547"
"Embase","doi","100","within_second_search","","Concussion in Female Athletes of Contact Sports: A Scoping Review","Concussion in Female Athletes of Contact Sports: A Scoping Review.","10.1177/23259671241276447","10.1177/23259671241276447"
"Embase","doi","100","within_second_search","","A comparative video analysis of hamstring injuries mechanism and situational pattern in men's and women's football (soccer)","A comparative video analysis of hamstring injuries mechanism and situational pattern in men's and women's football (soccer).","10.1002/ksa.12313","10.1002/ksa.12313"
"Embase","doi","100","within_second_search","","Epidemiology of quadriceps muscle strain injuries in elite male Australian football players","Epidemiology of quadriceps muscle strain injuries in elite male Australian football players.","10.1111/sms.14542","10.1111/sms.14542"
"Embase","doi","100","within_second_search","","Isolated Trapezoid Fracture in Adolescent Goalkeepers: A Scoping Review of the Literature and a Report of Two Cases","Isolated Trapezoid Fracture in Adolescent Goalkeepers: A Scoping Review of the Literature and a Report of Two Cases.","10.1016/j.jhsg.2023.09.001","10.1016/j.jhsg.2023.09.001"
"Embase","doi","100","within_second_search","","Factors associated with the Single Leg Squat test in female soccer players: a cross-sectional study","Factors associated with the Single Leg Squat test in female soccer players: a cross-sectional study.","10.1186/s13102-024-00853-1","10.1186/s13102-024-00853-1"
"Embase","doi","100","within_second_search","","Predictors of Early Return to Sport After Surgical Repair of Proximal Hamstring Complex Injuries in Professional Athletes: A Prospective Study","Predictors of Early Return to Sport After Surgical Repair of Proximal Hamstring Complex Injuries in Professional Athletes: A Prospective Study.","10.1177/03635465231225486","10.1177/03635465231225486"
"Embase","doi","100","within_second_search","","A Description of Suspected Concussions in Football-Related Activities among K-12 Students in Utah","A Description of Suspected Concussions in Football-Related Activities among K-12 Students in Utah.","10.1177/10598405221138731","10.1177/10598405221138731"
"Embase","doi","100","within_second_search","","Four distinct patterns of anterior cruciate ligament injury in women's professional football (soccer): a systematic video analysis of 37 match injuries","Four distinct patterns of anterior cruciate ligament injury in women's professional football (soccer): a systematic video analysis of 37 match injuries.","10.1136/bjsports-2023-107113","10.1136/bjsports-2023-107113"
"Embase","doi","100","within_second_search","","Changes in Hip Isometric Strength of Female College Soccer Players After High-Workload Training Session","Changes in Hip Isometric Strength of Female College Soccer Players After High-Workload Training Session.","10.1123/jsr.2023-0327","10.1123/jsr.2023-0327"
"Embase","doi","100","within_second_search","","Epidemiology of Sports-Related Concussion in Japanese University Soccer Players","Epidemiology of Sports-Related Concussion in Japanese University Soccer Players.","10.3390/brainsci14080827","10.3390/brainsci14080827"
"Embase","doi","100","within_second_search","","Hamstrings on focus: Are 72 hours sufficient for recovery after a football (soccer) match? A multidisciplinary approach based on hamstring injury risk factors and histology","Hamstrings on focus: Are 72 hours sufficient for recovery after a football (soccer) match? A multidisciplinary approach based on hamstring injury risk factors and histology.","10.1080/02640414.2024.2386209","10.1080/02640414.2024.2386209"
"Embase","doi","100","within_second_search","","Epidemiology of lateral ankle sprain focusing on indirect contact mechanism in male and female soccer players: An 18.5-month cohort study","Epidemiology of lateral ankle sprain focusing on indirect contact mechanism in male and female soccer players: An 18.5-month cohort study.","10.1016/j.injury.2024.111699","10.1016/j.injury.2024.111699"
"Embase","doi","100","within_second_search","","Motivation and goal-pursuit for injury prevention training in amateur football coaches: a cross-sectional study using the Health Action Process Approach","Motivation and goal-pursuit for injury prevention training in amateur football coaches: a cross-sectional study using the Health Action Process Approach.","10.1136/ip-2023-044978","10.1136/ip-2023-044978"
"Embase","doi","100","within_second_search","","Relationships of lower extremity and trunk asymmetries in elite soccer players","Relationships of lower extremity and trunk asymmetries in elite soccer players.","10.3389/fphys.2024.1343090","10.3389/fphys.2024.1343090"
"Embase","doi","100","within_second_search","","We stand with the players: a call to action for the football community","We stand with the players: a call to action for the football community.","10.1136/bjsports-2023-108041","10.1136/bjsports-2023-108041"
"Embase","doi","100","within_second_search","","Prevalence of physiological and perceptual markers of low energy availability in male academy football players: a study protocol for a cross-sectional study","Prevalence of physiological and perceptual markers of low energy availability in male academy football players: a study protocol for a cross-sectional study.","10.1136/bmjsem-2024-002250","10.1136/bmjsem-2024-002250"
"Embase","doi","100","within_second_search","","Lower extremity movement quality in professional team sport athletes: Inter-rater agreement and relationships with quantitative results from the corresponding pattern","Lower extremity movement quality in professional team sport athletes: Inter-rater agreement and relationships with quantitative results from the corresponding pattern.","10.1186/s13102-024-00886-6","10.1186/s13102-024-00886-6"
"Embase","doi","100","within_second_search","","Epidemiology of Shoulder Dislocation Treated at Emergency Departments in the United States Between 1997 and 2021","Epidemiology of Shoulder Dislocation Treated at Emergency Departments in the United States Between 1997 and 2021.","10.1177/23259671241234930","10.1177/23259671241234930"
"Embase","doi","100","within_second_search","","Short-term changes in the physiology of the primary motor cortex following head impact exposure during a Canadian football game","Short-term changes in the physiology of the primary motor cortex following head impact exposure during a Canadian football game.","10.3171/2023.11.jns231933","10.3171/2023.11.jns231933"
"Embase","doi","100","within_second_search","","Predicting Injuries in Elite Female Football Players With Global-Positioning-System and Multiomics Data","Predicting Injuries in Elite Female Football Players With Global-Positioning-System and Multiomics Data.","10.1123/ijspp.2023-0184","10.1123/ijspp.2023-0184"
"Embase","doi","100","within_second_search","","A Comment on Gonzalez et al: Predicting Injuries in Elite Female Football Players With Global-Positioning-System and Multiomics Data","A Comment on Gonzalez et al: Predicting Injuries in Elite Female Football Players With Global-Positioning-System and Multiomics Data.","10.1123/ijspp.2024-0246","10.1123/ijspp.2024-0246"
"Embase","doi","100","within_second_search","","Monitoring the physical demands of training in Rugby League: the practices and perceptions of practitioners","Monitoring the physical demands of training in Rugby League: the practices and perceptions of practitioners.","10.1080/24733938.2023.2229281","10.1080/24733938.2023.2229281"
"Embase","doi","100","within_second_search","","Relationship Between Nordic Hamstring Strength and Single Leg Bridge Test in University Soccer Players","Relationship Between Nordic Hamstring Strength and Single Leg Bridge Test in University Soccer Players.","10.1123/jsr.2022-0451","10.1123/jsr.2022-0451"
"Embase","doi","100","within_second_search","","Arthroscopic Management of Posterior Shoulder Instability","Arthroscopic Management of Posterior Shoulder Instability.","10.1016/j.csm.2024.03.027","10.1016/j.csm.2024.03.027"
"Embase","doi","100","within_second_search","","Nutritional Optimization for Brain Health in Contact Sports: A Systematic Review and Meta-Analysis on Long-Chain omega-3 Fatty Acids and Neurofilament Light","Nutritional Optimization for Brain Health in Contact Sports: A Systematic Review and Meta-Analysis on Long-Chain omega-3 Fatty Acids and Neurofilament Light.","10.1016/j.cdnut.2024.104454","10.1016/j.cdnut.2024.104454"
"Embase","doi","100","within_second_search","","Changes in injury and illness incidence and burden in elite junior male Australian footballers over a 6-year period","Changes in injury and illness incidence and burden in elite junior male Australian footballers over a 6-year period.","10.1016/j.jsams.2024.07.007","10.1016/j.jsams.2024.07.007"
"Embase","doi","100","within_second_search","","The usefulness of balance test in preseason evaluation of injuries in amputee football players: a pilot prospective observational study","The usefulness of balance test in preseason evaluation of injuries in amputee football players: a pilot prospective observational study.","10.7717/peerj.16573","10.7717/peerj.16573"
"Embase","doi","100","within_second_search","","Concussion Rates in Youth Lacrosse Players and Comparison With Youth American Football","Concussion Rates in Youth Lacrosse Players and Comparison With Youth American Football.","10.1177/23259671231223169","10.1177/23259671231223169"
"Embase","doi","100","within_second_search","","Motivation Unraveled: Giving Choice to Football Players to Improve Anterior Cruciate Ligament Injury Prevention","Motivation Unraveled: Giving Choice to Football Players to Improve Anterior Cruciate Ligament Injury Prevention.","10.1519/jsc.0000000000004912","10.1519/jsc.0000000000004912"
"Embase","doi","100","within_second_search","","Sport-related concussions in wrestling: does mechanism of injury affect recovery?","Sport-related concussions in wrestling: does mechanism of injury affect recovery?.","10.23736/s0022-4707.24.15911-7","10.23736/s0022-4707.24.15911-7"
"Embase","doi","100","within_second_search","","Neural Mechanisms Associated With Postural Control in Collegiate Soccer and Non-Soccer Athletes","Neural Mechanisms Associated With Postural Control in Collegiate Soccer and Non-Soccer Athletes.","10.1097/npt.0000000000000476","10.1097/npt.0000000000000476"
"Embase","doi","100","within_second_search","","Fantasy football points capture performance declines in National Football League offensive skill players following an ankle injury","Fantasy football points capture performance declines in National Football League offensive skill players following an ankle injury.","10.1016/j.jor.2024.03.030","10.1016/j.jor.2024.03.030"
"Embase","doi","100","within_second_search","","Sub-concussive head impacts from heading footballs do not acutely alter brain excitability as compared to a control group","Sub-concussive head impacts from heading footballs do not acutely alter brain excitability as compared to a control group.","10.1371/journal.pone.0306560","10.1371/journal.pone.0306560"
"Embase","doi","100","within_second_search","","Can tests of physical fitness predict traumatic knee injury in youth female athletes? A prospective cohort study","Can tests of physical fitness predict traumatic knee injury in youth female athletes? A prospective cohort study.","10.1016/j.ptsp.2024.06.007","10.1016/j.ptsp.2024.06.007"
"Embase","doi","100","within_second_search","","Differences in Lumbopelvic Alignment in Adolescent Male Soccer Players With Bilateral and Unilateral Lumbar Bone Stress Injuries: An MRI Evaluation","Differences in Lumbopelvic Alignment in Adolescent Male Soccer Players With Bilateral and Unilateral Lumbar Bone Stress Injuries: An MRI Evaluation.","10.1177/23259671241229692","10.1177/23259671241229692"
"Embase","doi","100","within_second_search","","Are sprint accelerations related to groin injuries? A biomechanical analysis of adolescent soccer players","Are sprint accelerations related to groin injuries? A biomechanical analysis of adolescent soccer players.","10.1080/14763141.2022.2133740","10.1080/14763141.2022.2133740"
"Embase","doi","100","within_second_search","","MRI spectrum of injuries to the thumb metacarpophalangeal joint ulnar collateral ligament with a proposed expanded classification of injuries in American football players","MRI spectrum of injuries to the thumb metacarpophalangeal joint ulnar collateral ligament with a proposed expanded classification of injuries in American football players.","10.1007/s00256-023-04539-6","10.1007/s00256-023-04539-6"
"Embase","doi","100","within_second_search","","Observe, Practice, and Improve? Enhancing Sidestep Cutting Execution in Talented Female Soccer Players: A Four-Week Intervention Program With Video Instruction","Observe, Practice, and Improve? Enhancing Sidestep Cutting Execution in Talented Female Soccer Players: A Four-Week Intervention Program With Video Instruction.","10.1519/jsc.0000000000004796","10.1519/jsc.0000000000004796"
"Embase","doi","100","within_second_search","","Economic impact of muscle injury rate and hamstring strain injuries in professional football clubs. Evidence from LaLiga","Economic impact of muscle injury rate and hamstring strain injuries in professional football clubs. Evidence from LaLiga.","10.1371/journal.pone.0301498","10.1371/journal.pone.0301498"
"Embase","doi","87","existing_extraction","S506","The impact of a mid-season FIFA World CupTM on injury occurrence and patterns in French professional soccer clubs","The impact of a mid-season FIFA World Cup TM on injury occurrence and patterns in French professional soccer clubs.","10.1080/15438627.2024.2326517","10.1080/15438627.2024.2326517"
"Embase","doi","100","within_second_search","","Shoulder injuries in Brazilian professional football players: epidemiological analysis of 3828 games","Shoulder injuries in Brazilian professional football players: epidemiological analysis of 3828 games.","10.1016/j.jisako.2024.01.012","10.1016/j.jisako.2024.01.012"
"Embase","doi","100","within_second_search","","Relationship between coordination variability and Osgood-Schlatter disease in male junior youth soccer players -cross-sectional study using an inertial measurement unit-","Relationship between coordination variability and Osgood-Schlatter disease in male junior youth soccer players -cross-sectional study using an inertial measurement unit.","10.1016/j.clinbiomech.2024.106182","10.1016/j.clinbiomech.2024.106182"
"Embase","doi","100","existing_extraction","S471","Well-being fluctuations and injuries during an entire season in male professional soccer players: an observational study","Well-being fluctuations and injuries during an entire season in male professional soccer players: an observational study","10.1080/15438627.2024.2330959","10.1080/15438627.2024.2330959"
"Embase","doi","100","within_second_search","","Investigation of Head Kinematics and Brain Strain Response During Soccer Heading Using a Custom-Fit Instrumented Mouthguard","Investigation of Head Kinematics and Brain Strain Response During Soccer Heading Using a Custom-Fit Instrumented Mouthguard.","10.1007/s10439-023-03430-8","10.1007/s10439-023-03430-8"
"Embase","doi","100","within_second_search","","Changes in oral functions and speech when using custom-fitted mouthguards: An uncontrolled before-and-after study","Changes in oral functions and speech when using custom-fitted mouthguards: An uncontrolled before-and-after study.","10.1111/edt.12939","10.1111/edt.12939"
"Embase","doi","100","within_second_search","","Practitioners' perspective of non-contact injury risk factors and injury prevention programming in professional North American male soccer","Practitioners' perspective of non-contact injury risk factors and injury prevention programming in professional North American male soccer.","10.1016/j.ptsp.2024.06.003","10.1016/j.ptsp.2024.06.003"
"Embase","doi","100","within_second_search","","Musculoskeletal Pain, Mood, and Sports Injury in Wheelchair Power Soccer Players","Musculoskeletal Pain, Mood, and Sports Injury in Wheelchair Power Soccer Players.","10.1123/jsr.2022-0251","10.1123/jsr.2022-0251"
"Embase","doi","100","within_second_search","","Longitudinal Characterization of Pain Interference and Influential Factors in Former National Football League (NFL) Players Over a 19-Year Period: An NFL-LONG Study","Longitudinal Characterization of Pain Interference and Influential Factors in Former National Football League (NFL) Players Over a 19-Year Period: An NFL-LONG Study.","10.1016/j.jpain.2024.104577","10.1016/j.jpain.2024.104577"
"Embase","doi","100","within_second_search","","Factors That May Influence Americans' Views on When Children Should Start Playing Tackle Football","Factors That May Influence Americans' Views on When Children Should Start Playing Tackle Football.","10.4085/1062-6050-0004.23","10.4085/1062-6050-0004.23"
"Embase","doi","100","within_second_search","","Interaction of Medical Conditions and Football Exposures Associated with Premortem Chronic Traumatic Encephalopathy Diagnosis in Former Professional American Football Players","Interaction of Medical Conditions and Football Exposures Associated with Premortem Chronic Traumatic Encephalopathy Diagnosis in Former Professional American Football Players.","10.1007/s40279-023-01942-w","10.1007/s40279-023-01942-w"
"Embase","doi","100","within_second_search","","How Shell Add-On Products Influence Varsity Football Helmet Performance?","How Shell Add-On Products Influence Varsity Football Helmet Performance?.","10.1007/s10439-024-03627-5","10.1007/s10439-024-03627-5"
"Embase","doi","100","within_second_search","","Effects of COVID-19 on Rate of Injury and Position-Specific Injury During the 2020 National Football League Season","Effects of COVID-19 on Rate of Injury and Position-Specific Injury During the 2020 National Football League Season.","10.1519/jsc.0000000000004602","10.1519/jsc.0000000000004602"
"Embase","doi","100","within_second_search","","Linking Type and Extent of Head Trauma to Cavum Septum Pellucidum in Older Adults with and Without Alzheimer Disease and Related Dementias","Linking Type and Extent of Head Trauma to Cavum Septum Pellucidum in Older Adults With and Without Alzheimer Disease and Related Dementias.","10.1212/wnl.0000000000209183","10.1212/wnl.0000000000209183"
"Embase","doi","100","within_second_search","","Epidemiology and clinical profile of sports injuries treated in the Douala General and Laquintinie Hospitals, in Cameroon","Epidemiology and clinical profile of sports injuries treated in the Douala General and Laquintinie Hospitals, in Cameroon.","10.1136/bmjsem-2024-002023","10.1136/bmjsem-2024-002023"
"Embase","doi","100","within_second_search","","External Training Loads and Soft-Tissue Injury Occurrence During Congested Versus Noncongested Periods in Football","External Training Loads and Soft-Tissue Injury Occurrence During Congested Versus Noncongested Periods in Football.","10.1123/ijspp.2024-0058","10.1123/ijspp.2024-0058"
"Embase","doi","100","within_second_search","","Impact of Playing Surface on Concussion Symptoms in Young American Football Players","Impact of Playing Surface on Concussion Symptoms in Young American Football Players.","10.1097/jsm.0000000000001204","10.1097/jsm.0000000000001204"
"Embase","doi","100","within_second_search","","Soccer and volleyball players do not land differently: implications for anterior cruciate ligament injury risk","Soccer and volleyball players do not land differently: implications for anterior cruciate ligament injury risk.","10.23736/s0022-4707.24.15769-6","10.23736/s0022-4707.24.15769-6"
"Embase","doi","100","within_second_search","","Prospective cohort study of long-term neurological outcomes in retired elite athletes: the Advanced BiomaRker, Advanced Imaging and Neurocognitive (BRAIN) Health Study protocol","Prospective cohort study of long-term neurological outcomes in retired elite athletes: the Advanced BiomaRker, Advanced Imaging and Neurocognitive (BRAIN) Health Study protocol.","10.1136/bmjopen-2023-082902","10.1136/bmjopen-2023-082902"
"Embase","doi","100","within_second_search","","Injury and Treatment Characteristics of Middle School-Aged Patients Under the Care of Athletic Trainers From 2010 to 2022: A Report From the Athletic Training Practice-Based Research Network","Injury and Treatment Characteristics of Middle School-Aged Patients Under the Care of Athletic Trainers From 2010 to 2022: A Report From the Athletic Training Practice-Based Research Network.","10.4085/1062-6050-0359.23","10.4085/1062-6050-0359.23"
"Embase","doi","100","within_second_search","","Prognosticating Return-To-Play Time Following a Hamstring Strain Injury Using Early Flexibility Asymmetry and Musculoskeletal Ultrasound Imaging Outcomes: An Exploratory Study among Canadian University Football Players","Prognosticating Return-To-Play Time Following a Hamstring Strain Injury Using Early Flexibility Asymmetry and Musculoskeletal Ultrasound Imaging Outcomes: An Exploratory Study Among Canadian University Football Players.","10.1097/jsm.0000000000001230","10.1097/jsm.0000000000001230"
"Embase","doi","100","within_second_search","","Evaluating the Importance of Return to Sports and Hamstring Strength in a Discrete Choice Experiment for Anterior Cruciate Ligament Injury","Evaluating the Importance of Return to Sports and Hamstring Strength in a Discrete Choice Experiment for Anterior Cruciate Ligament Injury.","10.1177/23259671241282657","10.1177/23259671241282657"
"Embase","doi","100","within_second_search","","Impact of the Soweto football derby on the trauma emergency department at Chris Hani Baragwanath Academic Hospital, a tertiary level hospital in South Africa","Impact of the Soweto football derby on the trauma emergency department at Chris Hani Baragwanath Academic Hospital, a tertiary level hospital in South Africa.","10.1371/journal.pone.0306836","10.1371/journal.pone.0306836"
"Embase","doi","100","within_second_search","","Arthroscopic Shoulder Stabilization in High School Football Players","Arthroscopic Shoulder Stabilization in High School Football Players.","10.1177/23259671241239334","10.1177/23259671241239334"
"Embase","doi","100","within_second_search","","Eccentric Hamstring Strength Imbalance among Football and Soccer Athletes","Eccentric Hamstring Strength Imbalance among Football and Soccer Athletes.","10.14423/smj.0000000000001674","10.14423/smj.0000000000001674"
"Embase","doi","100","within_second_search","","Variables Associated With Knee Valgus in Male Professional Soccer Players During a Single-Leg Vertical Landing Task","Variables Associated With Knee Valgus in Male Professional Soccer Players During a Single-Leg Vertical Landing Task.","10.1123/jab.2023-0067","10.1123/jab.2023-0067"
"Embase","doi","100","within_second_search","","Finite element brain deformation in adolescent soccer heading","Finite element brain deformation in adolescent soccer heading.","10.1080/10255842.2023.2236746","10.1080/10255842.2023.2236746"
"Embase","doi","100","within_second_search","","Deaths and clashes induced by rivalry among fans during FIFA World Cup 2022 in Bangladesh","Deaths and clashes induced by rivalry among fans during FIFA World Cup 2022 in Bangladesh.","10.5249/jivr.v16i2.1910","10.5249/jivr.v16i2.1910"
"Embase","doi","100","within_second_search","","A New Case Report of Traboulsi Syndrome: A Literature Review and Insights Into Genotype-Phenotype Correlations","A New Case Report of Traboulsi Syndrome: A Literature Review and Insights Into Genotype-Phenotype Correlations.","10.3390/genes15091120","10.3390/genes15091120"
"Embase","doi","100","within_second_search","","Instrumented Mouthguards in Elite-Level Men's and Women's Rugby Union: The Incidence and Propensity of Head Acceleration Events in Matches","Instrumented Mouthguards in Elite-Level Men's and Women's Rugby Union: The Incidence and Propensity of Head Acceleration Events in Matches.","10.1007/s40279-023-01953-7","10.1007/s40279-023-01953-7"
"Embase","doi","100","within_second_search","","Uncovering the hidden effects of repetitive subconcussive head impact exposure: A mega-analytic approach characterizing seasonal brain microstructural changes in contact and collision sports athletes","Uncovering the hidden effects of repetitive subconcussive head impact exposure: A mega-analytic approach characterizing seasonal brain microstructural changes in contact and collision sports athletes.","10.1002/hbm.26811","10.1002/hbm.26811"
"Embase","doi","100","within_second_search","","Ultrasound Diagnosis and Compressive Biomechanical Taping of a Lumbar Morel-Lavallee Lesion in a High School Football Player: A Clinical Vignette","Ultrasound Diagnosis and Compressive Biomechanical Taping of a Lumbar Morel-Lavallee Lesion in a High School Football Player: A Clinical Vignette.","10.1097/phm.0000000000002316","10.1097/phm.0000000000002316"
"Embase","doi","100","within_second_search","","Pediatric Concussion Injuries in Soccer: Emergency Department Trends in the United States From 2012 to 2023","Pediatric Concussion Injuries in Soccer: Emergency Department Trends in the United States From 2012 to 2023.","10.1177/23259671241303180","10.1177/23259671241303180"
"Embase","doi","100","within_second_search","","Performance, asymmetry and biomechanical parameters in wheelchair rugby players","Performance, asymmetry and biomechanical parameters in wheelchair rugby players.","10.1080/14763141.2021.1898670","10.1080/14763141.2021.1898670"
"Embase","doi","100","within_second_search","","Effects of School Physical Education on the Exercise Habits of Children and Adolescents: An Empirical Analysis Using China Health and Nutrition Survey Data","Effects of School Physical Education on the Exercise Habits of Children and Adolescents: An Empirical Analysis Using China Health and Nutrition Survey Data.","10.1111/josh.13391","10.1111/josh.13391"
"Embase","doi","100","within_second_search","","Injury in Starting and Replacement Players from Five Professional Men's Rugby Unions","Injury in Starting and Replacement Players from Five Professional Men's Rugby Unions.","10.1007/s40279-024-02014-3","10.1007/s40279-024-02014-3"
"Embase","doi","100","within_second_search","","Treatment of acute ankle distortion in footballers : Are we doing it particularly right or particularly wrong?","[Treatment of acute ankle distortion in footballers : Are we doing it particularly right or particularly wrong?].","10.1007/s00132-024-04506-6","10.1007/s00132-024-04506-6"
"Embase","doi","100","within_second_search","","Subsequent musculoskeletal injury after concussion in National Football League players","Subsequent musculoskeletal injury after concussion in National Football League players.","10.1136/bjsports-2023-107970","10.1136/bjsports-2023-107970"
"Embase","doi","100","within_second_search","","Do Sport-Related Concussions Later in the Season Take Longer to Recover From?","Do Sport-Related Concussions Later in the Season Take Longer to Recover From?.","10.1097/jsm.0000000000001189","10.1097/jsm.0000000000001189"
"Embase","doi","100","within_second_search","","Association between Hip/Groin Pain and Hip ROM and Strength in Elite Female Soccer Players","Association between Hip/Groin Pain and Hip ROM and Strength in Elite Female Soccer Players.","10.3390/jcm13185648","10.3390/jcm13185648"
"Embase","doi","100","within_second_search","","Factors Associated With a Successful Return to Performance After Anterior Cruciate Ligament Reconstruction: A Multiparametric Evaluation in Soccer Players","Factors Associated With a Successful Return to Performance After Anterior Cruciate Ligament Reconstruction: A Multiparametric Evaluation in Soccer Players.","10.1177/23259671241275663","10.1177/23259671241275663"
"Embase","doi","100","within_second_search","","A low-volume Nordic hamstring curl programme improves change of direction ability, despite no architectural, strength or speed adaptations in elite youth soccer players","A low-volume Nordic hamstring curl programme improves change of direction ability, despite no architectural, strength or speed adaptations in elite youth soccer players.","10.1080/15438627.2022.2079984","10.1080/15438627.2022.2079984"
"Embase","doi","100","within_second_search","","Demographic and Injury Characteristics as Potential Risk Factors for Anterior Cruciate Ligament Injuries: A Multicentric Cross-Sectional Study","Demographic and Injury Characteristics as Potential Risk Factors for Anterior Cruciate Ligament Injuries: A Multicentric Cross-Sectional Study.","10.3390/jcm13175063","10.3390/jcm13175063"
"Embase","doi","100","within_second_search","","Return to Activity After Patellofemoral Osteochondral Fracture: A Comparison of Metallic Screw and Bioabsorbable Fixation","Return to Activity After Patellofemoral Osteochondral Fracture: A Comparison of Metallic Screw and Bioabsorbable Fixation.","10.1177/23259671241292641","10.1177/23259671241292641"
"Embase","doi","100","within_second_search","","Does Playing Football (Soccer) Really Increase the Risk of Knee Osteoarthritis? A Systematic Review and Meta-analysis","Does Playing Football (Soccer) Really Increase the Risk of Knee Osteoarthritis? A Systematic Review and Meta-analysis.","10.2519/jospt.2024.12029","10.2519/jospt.2024.12029"
"Embase","doi","100","within_second_search","","INJURIES DURING THE COVID-19 PANDEMIC IN THE 2021 PAULISTA SOCCER CHAMPIONSHIP IN BRAZIL","INJURIES DURING THE COVID-19 PANDEMIC IN THE 2021 PAULISTA SOCCER CHAMPIONSHIP IN BRAZIL.","10.1590/1413-785220243206e279169","10.1590/1413-785220243206e279169"
"Embase","doi","100","within_second_search","","The Role of MRI in Groin Pain Syndrome in Athletes","The Role of MRI in Groin Pain Syndrome in Athletes.","10.3390/diagnostics14080814","10.3390/diagnostics14080814"
"Embase","doi","100","within_second_search","","Using co-design to identify intervention components to address unhealthy dietary and activity behaviours in New Zealand South Asians","Using co-design to identify intervention components to address unhealthy dietary and activity behaviours in New Zealand South Asians.","10.1017/jns.2024.48","10.1017/jns.2024.48"
"Embase","doi","100","within_second_search","","Acute-Onset Elbow Pain in a 14-year-old Football Quarterback","Acute-Onset Elbow Pain in a 14-year-old Football Quarterback.","10.1542/pir.2022-005872","10.1542/pir.2022-005872"
"Embase","doi","100","within_second_search","","Injury prevention for women and girls playing Australian Football: Programme cocreation, dissemination and early adopter coach feedback","Injury prevention for women and girls playing Australian Football: programme cocreation, dissemination and early adopter coach feedback.","10.1136/bmjsem-2023-001711","10.1136/bmjsem-2023-001711"
"Embase","doi","100","within_second_search","","The effectiveness of the Copenhagen adduction exercise on improving eccentric hip adduction strength among soccer players with groin injury: a randomized controlled trial","The effectiveness of the Copenhagen adduction exercise on improving eccentric hip adduction strength among soccer players with groin injury: a randomized controlled trial.","10.1080/00913847.2024.2321958","10.1080/00913847.2024.2321958"
"Embase","doi","100","within_second_search","","Analysis of Concussions Reported in American Professional Football Injury Reports in the 2019 Through 2023 Regular Seasons","Analysis of Concussions Reported in American Professional Football Injury Reports in the 2019 Through 2023 Regular Seasons.","10.1016/j.wneu.2024.05.026","10.1016/j.wneu.2024.05.026"
"Embase","doi","100","within_second_search","","Secondary injury prevention reduces hamstring strain and time-loss groin injury burdens in male professional football","Secondary injury prevention reduces hamstring strain and time-loss groin injury burdens in male professional football.","10.1016/j.ptsp.2024.08.003","10.1016/j.ptsp.2024.08.003"
"Embase","doi","100","within_second_search","","Biomarkers of Neurobiologic Recovery in Adults with Sport-Related Concussion","Biomarkers of Neurobiologic Recovery in Adults With Sport-Related Concussion.","10.1001/jamanetworkopen.2024.15983","10.1001/jamanetworkopen.2024.15983"
"Embase","doi","100","within_second_search","","The effects of jump training on measures of physical performance, lower extremities injury incidence and burden in highly trained male soccer players","The effects of jump training on measures of physical performance, lower extremities injury incidence and burden in highly trained male soccer players.","10.1080/15438627.2022.2079989","10.1080/15438627.2022.2079989"
"Embase","doi","100","within_second_search","","Players are positive regarding injury prevention exercise programmes, but coaches need ongoing support: A survey-based evaluation using the Health Action Process Approach model across one season in amateur and youth football","Players are positive regarding injury prevention exercise programmes, but coaches need ongoing support: a survey-based evaluation using the Health Action Process Approach model across one season in amateur and youth football.","10.1136/bmjsem-2024-002009","10.1136/bmjsem-2024-002009"
"Embase","doi","100","within_second_search","","Best practices for the dissemination and implementation of neuromuscular training injury prevention warm-ups in youth team sport: a systematic review","Best practices for the dissemination and implementation of neuromuscular training injury prevention warm-ups in youth team sport: a systematic review.","10.1136/bjsports-2023-106906","10.1136/bjsports-2023-106906"
"Embase","doi","100","within_second_search","","Team Approach: Neuromuscular Training for Primary and Secondary Prevention of Anterior Cruciate Ligament Injury","Team Approach: Neuromuscular Training for Primary and Secondary Prevention of Anterior Cruciate Ligament Injury.","10.2106/jbjs.rvw.23.00207","10.2106/jbjs.rvw.23.00207"
"Embase","doi","100","within_second_search","","Factors Affecting Outcomes and Complications of Primary Anterior Cruciate Ligament Reconstruction: A Retrospective Study of 110 Patients","Factors Affecting Outcomes and Complications of Primary Anterior Cruciate Ligament Reconstruction: A Retrospective Study of 110 Patients.","10.1177/23259671241279423","10.1177/23259671241279423"
"Embase","doi","100","within_second_search","","Health status of university football athletes through multidimensional screening","Health status of university football athletes through multidimensional screening.","10.1080/00913847.2023.2246178","10.1080/00913847.2023.2246178"
"Embase","doi","100","within_second_search","","Development of a standardised method for the analysis of mechanisms and circumstances of injury in football (PhD Academy Award)","Development of a standardised method for the analysis of mechanisms and circumstances of injury in football (PhD Academy Award).","10.1136/bjsports-2023-107644","10.1136/bjsports-2023-107644"
"Embase","doi","100","within_second_search","","Perceptual Response Training for Reduction of Injury Risk Among High School Girls' Soccer Players","Perceptual Response Training for Reduction of Injury Risk Among High School Girls' Soccer Players.","10.3390/brainsci14111091","10.3390/brainsci14111091"
"Embase","doi","100","within_second_search","","Factors Associated With a Lateral Ankle Sprain in Young Female Soccer Players: A Prospective Cohort Study","Factors Associated With a Lateral Ankle Sprain in Young Female Soccer Players: A Prospective Cohort Study.","10.1177/23259671231221481","10.1177/23259671231221481"
"Embase","doi","100","within_second_search","","Physiological and Psychological Effects of Short-Term Recreational Football in Adults 60+","Physiological and Psychological Effects of Short-Term Recreational Football in Adults 60.","10.3390/ijerph21091194","10.3390/ijerph21091194"
"Embase","doi","100","within_second_search","","Lower limb injuries in american football players in Poland","Lower limb injuries in american football players in Poland.","10.23736/s0022-4707.24.15974-9","10.23736/s0022-4707.24.15974-9"
"Embase","doi","100","within_second_search","","Association of Genetic Profile with Muscle Mass Gain and Muscle Injury Prevention in Professional Football Players after Creatine Supplementation","Association of Genetic Profile with Muscle Mass Gain and Muscle Injury Prevention in Professional Football Players after Creatine Supplementation.","10.3390/nu16152511","10.3390/nu16152511"
"Embase","doi","100","within_second_search","","Single leg drop jump is affected by physical capacities in male soccer players following ACL reconstruction","Single leg drop jump is affected by physical capacities in male soccer players following ACL reconstruction.","10.1080/24733938.2023.2225481","10.1080/24733938.2023.2225481"
"Embase","doi","100","within_second_search","","Epidemiology of hamstring injuries in 538 cases from an FC Barcelona multi sports club","Epidemiology of hamstring injuries in 538 cases from an FC Barcelona multi sports club.","10.1080/00913847.2023.2170684","10.1080/00913847.2023.2170684"
"Embase","doi","100","within_second_search","","The Influence of the Playing Surface on Workload Response in Spanish Professional Male Soccer Players","The Influence of the Playing Surface on Workload Response in Spanish Professional Male Soccer Players.","10.3390/s24144506","10.3390/s24144506"
"Embase","doi","100","within_second_search","","DEXA Body Composition Asymmetry Analysis and Association to Injury Risk and Low Back Pain in University Soccer Players","DEXA Body Composition Asymmetry Analysis and Association to Injury Risk and Low Back Pain in University Soccer Players.","10.3390/ijerph21050559","10.3390/ijerph21050559"
"Embase","doi","100","within_second_search","","Effects of Contextual Variables on Match Load in a Professional Soccer Team Attending to the Different Season Periods","Effects of Contextual Variables on Match Load in a Professional Soccer Team Attending to the Different Season Periods.","10.3390/s24020679","10.3390/s24020679"
"Embase","doi","100","within_second_search","","Coaches of youth field sports as delivery agents of injury prevention programmes: how are we training the trainers? A scoping review","Coaches of youth field sports as delivery agents of injury prevention programmes: how are we training the trainers? A scoping review.","10.1136/bjsports-2023-106934","10.1136/bjsports-2023-106934"
"Embase","doi","100","within_second_search","","Western Medical Acupuncture Perception and Use for Pain Management Among Athletes: A Systematic Review","Western Medical Acupuncture Perception and Use for Pain Management Among Athletes: A Systematic Review.","10.2147/jpr.s441869","10.2147/jpr.s441869"
"Embase","doi","100","within_second_search","","'Supporting the Support Staff': A Narrative Review of Nutritional Opportunities to Enhance Recovery and Wellbeing in Multi-Disciplinary Soccer Performance Staff","'Supporting the Support Staff': A Narrative Review of Nutritional Opportunities to Enhance Recovery and Wellbeing in Multi-Disciplinary Soccer Performance Staff.","10.3390/nu16203474","10.3390/nu16203474"
"Embase","doi","100","existing_extraction","S409","Muscle injury characteristics and incidence rates in men's amateur soccer: A one season prospective study","Muscle injury characteristics and incidence rates in men's amateur soccer: A one season prospective study.","10.1080/15438627.2022.2122827","10.1080/15438627.2022.2122827"
"Embase","doi","100","within_second_search","","Hip adduction and abduction strength in different test positions and their relationship to previous groin injuries in women footballers","Hip adduction and abduction strength in different test positions and their relationship to previous groin injuries in women footballers.","10.1080/15438627.2024.2368898","10.1080/15438627.2024.2368898"
"Embase","doi","100","within_second_search","","An Apparent Achilles Heel of the NFL: Have Achilles Tendon Injuries Significantly Increased to Unacceptably High Incidence Levels in the NFL and if so, why? A Clinical Insight","An Apparent Achilles Heel of the NFL: Have Achilles Tendon Injuries Significantly Increased to Unacceptably High Incidence Levels in the NFL and if so, why? A Clinical Insight.","10.26603/001c.92082","10.26603/001c.92082"
"Embase","doi","100","within_second_search","","Random measurement and prediction errors limit the practical relevance of two velocity sensors to estimate the 1RM back squat","Random measurement and prediction errors limit the practical relevance of two velocity sensors to estimate the 1RM back squat.","10.3389/fphys.2024.1435103","10.3389/fphys.2024.1435103"
"Embase","doi","100","within_second_search","","Cognitive, functional, and neuropsychiatric correlates of regional tau pathology in autopsy-confirmed chronic traumatic encephalopathy","Cognitive, functional, and neuropsychiatric correlates of regional tau pathology in autopsy-confirmed chronic traumatic encephalopathy.","10.1186/s13024-023-00697-2","10.1186/s13024-023-00697-2"
"Embase","doi","100","within_second_search","","Associations of Sex and Sport Contact-Level with Recovery Timelines Among Collegiate Athletes with Sport-Related Concussion","Associations of Sex and Sport Contact-Level with Recovery Timelines Among Collegiate Athletes with Sport-Related Concussion.","10.1186/s40798-024-00742-4","10.1186/s40798-024-00742-4"
"Embase","doi","100","within_second_search","","Practice Patterns and Return-to-Sports Timing of National Football League Head Team Physicians for ACL Reconstruction","Practice Patterns and Return-to-Sports Timing of National Football League Head Team Physicians for ACL Reconstruction.","10.1177/23259671241274139","10.1177/23259671241274139"
"Embase","doi","100","within_second_search","","Pediatric Concussions in Contact Sports: A 10-Year Retrospective Analysis of Mechanisms and Associated Symptoms","Pediatric Concussions in Contact Sports: A 10-Year Retrospective Analysis of Mechanisms and Associated Symptoms.","10.1177/23259671241262009","10.1177/23259671241262009"
"Embase","doi","100","within_second_search","","Familial Predisposition to Anterior Cruciate Ligament Injury in Australian Rules Footballers","Familial Predisposition to Anterior Cruciate Ligament Injury in Australian Rules Footballers.","10.1177/23259671241295613","10.1177/23259671241295613"
"Embase","doi","100","within_second_search","","Prediction of talent selection in elite male youth soccer across 7 seasons: A machine-learning approach","Prediction of talent selection in elite male youth soccer across 7 seasons: A machine-learning approach.","10.1080/02640414.2024.2442850","10.1080/02640414.2024.2442850"
"Embase","doi","100","within_second_search","","Changes in hamstring contractile properties during the competitive season in young football players","Changes in hamstring contractile properties during the competitive season in young football players.","10.7717/peerj.17049","10.7717/peerj.17049"
"Embase","doi","100","within_second_search","","Peak instantaneous PlayerLoad metrics highlight movement strategy deficits in professional male soccer players","Peak instantaneous PlayerLoad metrics highlight movement strategy deficits in professional male soccer players.","10.1080/15438627.2022.2079985","10.1080/15438627.2022.2079985"
"Embase","doi","100","within_second_search","","Mass Participation and Tournament Event Management for the Team Physician: A Consensus Statement (2022 Update)","Mass Participation and Tournament Event Management for the Team Physician: A Consensus Statement (2022 Update).","10.1249/jsr.0000000000001160","10.1249/jsr.0000000000001160"
"Embase","doi","100","within_second_search","","Paving the path for injury prevention in rugby-7s: A systematic review and meta-analysis","Paving the path for injury prevention in rugby-7s: A systematic review and meta-analysis.","10.1002/ejsc.12156","10.1002/ejsc.12156"
"Embase","doi","100","within_second_search","","Soccer and Vocational Training are Ineffective Delivery Strategies to Prevent HIV and Substance Abuse by Young, South African Men: A Cluster Randomized Controlled Trial","Soccer and Vocational Training are Ineffective Delivery Strategies to Prevent HIV and Substance Abuse by Young, South African Men: A Cluster Randomized Controlled Trial.","10.1007/s10461-024-04458-0","10.1007/s10461-024-04458-0"
"Embase","doi","100","within_second_search","","Understanding the impact: an investigation into the National Brain Injury Awareness Week and public interest regarding concussion in Australia","Understanding the impact: an investigation into the National Brain Injury Awareness Week and public interest regarding concussion in Australia.","10.1016/j.puhe.2024.01.011","10.1016/j.puhe.2024.01.011"
"Embase","doi","100","within_second_search","","Biomechanical Load Quantification Using a Lower Extremity Inertial Sensor Setup During Football Specific Activities","Biomechanical Load Quantification Using a Lower Extremity Inertial Sensor Setup During Football Specific Activities.","10.1080/14763141.2022.2051596","10.1080/14763141.2022.2051596"
"Embase","doi","100","within_second_search","","Health and Lifestyle Factors and Dementia Risk among Former Professional Soccer Players","Health and Lifestyle Factors and Dementia Risk Among Former Professional Soccer Players.","10.1001/jamanetworkopen.2024.49742","10.1001/jamanetworkopen.2024.49742"
"Embase","doi","100","within_second_search","","Injury-inciting circumstances of sudden-onset hamstring injuries: video analyses of 63 match injuries in male professional football players in the Qatar Stars League (2013-2020)","Injury-inciting circumstances of sudden-onset hamstring injuries: video analyses of 63 match injuries in male professional football players in the Qatar Stars League (2013-2020).","10.1136/bjsports-2023-106722","10.1136/bjsports-2023-106722"
"Embase","doi","100","within_second_search","","Injury prevention in Brazilian women's football: Perceptions of physiotherapists and practices within elite clubs","Injury prevention in Brazilian women's football: Perceptions of physiotherapists and practices within elite clubs.","10.1016/j.ptsp.2024.04.001","10.1016/j.ptsp.2024.04.001"
"Embase","doi","100","within_second_search","","Gender differences in female and male Australian football concussion injury: A prospective observational study of emergency department presentations","Gender differences in female and male Australian football concussion injury: A prospective observational study of emergency department presentations.","10.1111/1742-6723.14433","10.1111/1742-6723.14433"
"Embase","doi","100","within_second_search","","Injuries in athletic club players: growth and maturation as potential risk factors (PhD Academy Award)","Injuries in athletic club players: growth and maturation as potential risk factors (PhD Academy Award).","10.1136/bjsports-2023-106702","10.1136/bjsports-2023-106702"
"Embase","doi","100","within_second_search","","Padel an increasing cause of sport-related eye injuries in Sweden","Padel an increasing cause of sport-related eye injuries in Sweden.","10.1111/aos.15685","10.1111/aos.15685"
"Embase","doi","100","within_second_search","","Protein Requirements for Maximal Muscle Mass and Athletic Performance Are Achieved with Completely Plant-Based Diets Scaled to Meet Energy Needs: A Modeling Study in Professional American Football Players","Protein Requirements for Maximal Muscle Mass and Athletic Performance Are Achieved with Completely Plant-Based Diets Scaled to Meet Energy Needs: A Modeling Study in Professional American Football Players.","10.3390/nu16121903","10.3390/nu16121903"
"Embase","doi","100","within_second_search","","Sport-related concussion in soccer -a scoping review of available guidelines and a call for action to FIFA & soccer governing bodies","Sport-related concussion in soccer -a scoping review of available guidelines and a call for action to FIFA & soccer governing bodies.","10.1016/j.bas.2024.102763","10.1016/j.bas.2024.102763"
"Embase","doi","100","within_second_search","","Long-term Outcomes of Multiligament Knee Injuries in American Football Players","Long-term Outcomes of Multiligament Knee Injuries in American Football Players.","10.1177/03635465241252440","10.1177/03635465241252440"
"Embase","doi","100","within_second_search","","Effects of mTBI with loss of consciousness on neurobehavioral symptoms, depression, and insomnia in former collegiate and NFL football athletes","Effects of mTBI with loss of consciousness on neurobehavioral symptoms, depression, and insomnia in former collegiate and NFL football athletes.","10.1080/02699052.2024.2347552","10.1080/02699052.2024.2347552"
"Embase","doi","100","within_second_search","","Clinical and Neuropathological Correlates of Substance Use in American Football Players","Clinical and Neuropathological Correlates of Substance Use in American Football Players.","10.3233/jad-240300","10.3233/jad-240300"
"Embase","doi","100","existing_extraction","S497","Longitudinal analysis of the incidence rate of injury in elite youth football: Trends over six years including the COVID-19 pandemic period","Longitudinal analysis of the incidence rate of injury in elite youth football: Trends over six years including the COVID-19 pandemic period","10.1016/j.ptsp.2024.01.006","10.1016/j.ptsp.2024.01.006"
"Embase","doi","100","within_second_search","","Pipkin IV fracture dislocation of the hip in a football athlete - A case report","Pipkin IV fracture dislocation of the hip in a football athlete - A case report.","10.1016/j.tcr.2024.101072","10.1016/j.tcr.2024.101072"
"Embase","doi","100","within_second_search","","Male elite soccer players have a higher incidence of accessory ossicles in the foot and ankle","Male elite soccer players have a higher incidence of accessory ossicles in the foot and ankle.","10.1007/s00264-023-06074-4","10.1007/s00264-023-06074-4"
"Embase","doi","100","within_second_search","","Models of Video Feedback for Youth Athletes Performing an American Football Tackle","Models of Video Feedback for Youth Athletes Performing an American Football Tackle.","10.4085/1062-6050-0602.22","10.4085/1062-6050-0602.22"
"Embase","doi","100","within_second_search","","Sex-based differences in hamstrings stiffness assessment in football players using ultrasound shear wave elastography","Sex-based differences in hamstrings stiffness assessment in football players using ultrasound shear wave elastography.","10.21037/qims-24-398","10.21037/qims-24-398"
"Embase","doi","100","within_second_search","","Essential elements of physical fitness analysis in male adolescent athletes using machine learning","Essential elements of physical fitness analysis in male adolescent athletes using machine learning.","10.1371/journal.pone.0298870","10.1371/journal.pone.0298870"
"Embase","doi","100","within_second_search","","Age of First Exposure Does Not Relate to Post-Career Health in Former Professional American-Style Football Players","Age of First Exposure Does Not Relate to Post-Career Health in Former Professional American-Style Football Players.","10.1007/s40279-024-02062-9","10.1007/s40279-024-02062-9"
"Embase","doi","100","within_second_search","","Women, concussion and disputing an old myth: the game of football is not 'unsuitable for females'","Women, concussion and disputing an old myth: the game of football is not 'unsuitable for females'.","10.1136/bjsports-2023-107486","10.1136/bjsports-2023-107486"
"Embase","doi","100","within_second_search","","From tackles to trauma: investigating the influence of the FIFA World Cup 2022 on public maxillofacial department in Qatar - an observational study","From tackles to trauma: investigating the influence of the FIFA World Cup 2022 on public maxillofacial department in Qatar - an observational study.","10.1097/js9.0000000000000804","10.1097/js9.0000000000000804"
"Embase","doi","100","within_second_search","","Comparison of bioactive substances in novel-developed freeze-dried platelet-rich plasma (PRP) and activated normal PRP, and investigation of bioactive substance levels after long-term storage","Comparison of bioactive substances in novel-developed freeze-dried platelet-rich plasma (PRP) and activated normal PRP, and investigation of bioactive substance levels after long-term storage.","10.1016/j.reth.2024.03.021","10.1016/j.reth.2024.03.021"
"Embase","doi","100","within_second_search","","Association of Sport Helmet Status on Concussion Presentation and Recovery in Male Collegiate Student-Athletes","Association of Sport Helmet Status on Concussion Presentation and Recovery in Male Collegiate Student-Athletes.","10.1007/s10439-024-03575-0","10.1007/s10439-024-03575-0"
"Embase","doi","100","within_second_search","","Influence of ACTN3 R577X Polymorphism on Blood Creatine Kinase Levels Relative to Number of Sprints in Brazilian Professional Soccer Players","Influence of ACTN3 R577X Polymorphism on Blood Creatine Kinase Levels Relative to Number of Sprints in Brazilian Professional Soccer Players.","10.3390/genes15070896","10.3390/genes15070896"
"Embase","doi","100","within_second_search","","Deceleration Capacity During Directional Change as a Time-Efficient (Ecological) Prescreening of Hip Adductor Force Status in Amateur Soccer Players","Deceleration Capacity During Directional Change as a Time-Efficient (Ecological) Prescreening of Hip Adductor Force Status in Amateur Soccer Players.","10.1519/jsc.0000000000004915","10.1519/jsc.0000000000004915"
"Embase","doi","100","within_second_search","","Knee osteoarthritis in the former elite football players and the ordinary population: a comparative cross-sectional study","Knee osteoarthritis in the former elite football players and the ordinary population: a comparative cross-sectional study.","10.1080/24733938.2023.2228279","10.1080/24733938.2023.2228279"
"Embase","doi","100","within_second_search","","Post-traumatic jejunal branch of superior mesenteric artery pseudoaneurysm in paediatrics: a compelling case report highlighting early diagnosis and successful endovascular embolization","Post-traumatic jejunal branch of superior mesenteric artery pseudoaneurysm in paediatrics: a compelling case report highlighting early diagnosis and successful endovascular embolization.","10.1097/ms9.0000000000001856","10.1097/ms9.0000000000001856"
"Embase","doi","100","within_second_search","","Efficacy of a new injury prevention programme (FUNBALL) in young male football (soccer) players: a cluster-randomised controlled trial","Efficacy of a new injury prevention programme (FUNBALL) in young male football (soccer) players: a cluster-randomised controlled trial.","10.1136/bjsports-2023-107388","10.1136/bjsports-2023-107388"
"Embase","doi","100","within_second_search","","The Football Association Injury and Illness Surveillance Study: The Incidence, Burden and Severity of Injuries and Illness in Men's and Women's International Football","The Football Association Injury and Illness Surveillance Study: The Incidence, Burden and Severity of Injuries and Illness in Men's and Women's International Football.","10.1007/s40279-020-01411-8","10.1007/s40279-020-01411-8"
"Embase","doi","100","within_second_search","","Presurgical perspective and postsurgical evaluation of acromioclavicular joint instability","Presurgical perspective and postsurgical evaluation of acromioclavicular joint instability.","10.1007/s00256-023-04526-x","10.1007/s00256-023-04526-x"
"Embase","doi","100","within_second_search","","Injury surveillance in Spanish professional female soccer players: A three-season retrospective study","Injury surveillance in Spanish professional female soccer players: A three-season retrospective study.","10.1016/j.injury.2024.111922","10.1016/j.injury.2024.111922"
"Embase","doi","100","within_second_search","","INCREASED INCIDENCE OF INJURIES IN THE SAO PAULO SOCCER CHAMPIONSHIP POST-PANDEMIC","INCREASED INCIDENCE OF INJURIES IN THE SAO PAULO SOCCER CHAMPIONSHIP POST-PANDEMIC.","10.1590/1413-785220243206e282994","10.1590/1413-785220243206e282994"
"Embase","doi","100","within_second_search","","Association Between Total Genotype Score and Muscle Injuries in Top-Level Football Players: a Pilot Study","Association Between Total Genotype Score and Muscle Injuries in Top-Level Football Players: a Pilot Study.","10.1186/s40798-024-00682-z","10.1186/s40798-024-00682-z"
"Embase","doi","100","within_second_search","","MRI findings of closed hand injuries in adolescent goalkeepers: a case-based review","MRI findings of closed hand injuries in adolescent goalkeepers: a case-based review.","10.1007/s00256-023-04531-0","10.1007/s00256-023-04531-0"
"Embase","doi","100","within_second_search","","Changes in the central nervous system in football players: an MRI study","Changes in the central nervous system in football players: an MRI study.","10.1177/02841851241248410","10.1177/02841851241248410"
"Embase","doi","100","within_second_search","","Do high-risk head trauma sports athletes have impaired vestibular function?","Do high-risk head trauma sports athletes have impaired vestibular function?.","10.1016/j.amjoto.2024.104429","10.1016/j.amjoto.2024.104429"
"Embase","doi","100","within_second_search","","Olfactory function is reduced in a subset of former elite American football players with traumatic encephalopathy syndrome","Olfactory function is reduced in a subset of former elite American football players with traumatic encephalopathy syndrome.","10.1093/chemse/bjae043","10.1093/chemse/bjae043"
"Embase","doi","100","within_second_search","","Physical and emotional impact of multiple knee surgeries","Physical and emotional impact of multiple knee surgeries.","10.1136/bjsports-2023-107697","10.1136/bjsports-2023-107697"
"Embase","doi","100","within_second_search","","A systematic review and network meta-analysis on the effectiveness of exercise-based interventions for reducing the injury incidence in youth team-sport players. Part 2: an analysis by movement patterns","A systematic review and network meta-analysis on the effectiveness of exercise-based interventions for reducing the injury incidence in youth team-sport players. Part 2: an analysis by movement patterns.","10.1080/07853890.2024.2337724","10.1080/07853890.2024.2337724"
"Embase","doi","100","within_second_search","","Inter- and intra-session variability of compression strain gauge for the adductor groin squeeze test on soccer athletes","Inter- and intra-session variability of compression strain gauge for the adductor groin squeeze test on soccer athletes.","10.1049/htl2.12074","10.1049/htl2.12074"
"Embase","doi","100","within_second_search","","T1-VIBE and STIR MRI of lumbar pars interarticularis injuries in elite athletes: fracture characterisation and potential prognostic indicators","T1-VIBE and STIR MRI of lumbar pars interarticularis injuries in elite athletes: fracture characterisation and potential prognostic indicators.","10.1007/s00256-023-04437-x","10.1007/s00256-023-04437-x"
"Embase","doi","100","within_second_search","","'Playing catch-up': safety and optimal tackle outcomes in women's rugby union (PhD Academy Award)","'Playing catch-up': safety and optimal tackle outcomes in women's rugby union (PhD Academy Award).","10.1136/bjsports-2024-108251","10.1136/bjsports-2024-108251"
"Embase","doi","100","within_second_search","","Perceptions of the mouthguard in basketball, rugby, and soccer players. Qualitative study at a public university in Colombia","Perceptions of the mouthguard in basketball, rugby, and soccer players. Qualitative study at a public university in Colombia.","10.1186/s13102-024-00903-8","10.1186/s13102-024-00903-8"
"Embase","doi","100","within_second_search","","Contribution of ankle motion pattern during landing to reduce the knee-related injury risk","Contribution of ankle motion pattern during landing to reduce the knee-related injury risk.","10.1016/j.compbiomed.2024.108965","10.1016/j.compbiomed.2024.108965"
"Embase","doi","100","within_second_search","","Clinical implications of head trauma in frontotemporal dementia and primary progressive aphasia","Clinical implications of head trauma in frontotemporal dementia and primary progressive aphasia.","10.1186/s13195-024-01553-1","10.1186/s13195-024-01553-1"
"Embase","doi","100","within_second_search","","Hair cortisol is a physiological indicator of training stress for female footballers","Hair cortisol is a physiological indicator of training stress for female footballers.","10.1007/s00421-024-05571-7","10.1007/s00421-024-05571-7"
"Embase","doi","100","within_second_search","","'You can change your life through sports'-physical activity interventions to improve the health and well-being of adults experiencing homelessness: a mixed-methods systematic review","'You can change your life through sports'-physical activity interventions to improve the health and well-being of adults experiencing homelessness: a mixed-methods systematic review.","10.1136/bjsports-2023-107562","10.1136/bjsports-2023-107562"
"Embase","doi","100","within_second_search","","The relationship between executed cut angle and speed with lower extremity joint angles during unanticipated side-step cutting in soccer players","The relationship between executed cut angle and speed with lower extremity joint angles during unanticipated side-step cutting in soccer players.","10.1016/j.gaitpost.2024.09.006","10.1016/j.gaitpost.2024.09.006"
"Embase","doi","100","within_second_search","","Cerebral Cortical Surface Structure and Neural Activation Pattern Among Adolescent Football Players","Cerebral Cortical Surface Structure and Neural Activation Pattern Among Adolescent Football Players.","10.1001/jamanetworkopen.2023.54235","10.1001/jamanetworkopen.2023.54235"
"Embase","doi","100","within_second_search","","Normative and limit values of speed, endurance and power tests results of young football players","Normative and limit values of speed, endurance and power tests results of young football players.","10.3389/fphys.2024.1502694","10.3389/fphys.2024.1502694"
"Embase","doi","100","within_second_search","","Comparison of an Adaptive Ankle Brace to Conventional Taping for Rehabilitation of Acute Ankle Injury in Young Subelite Soccer Players: A Pilot Study","Comparison of an Adaptive Ankle Brace to Conventional Taping for Rehabilitation of Acute Ankle Injury in Young Subelite Soccer Players: A Pilot Study.","10.1123/jsr.2023-0290","10.1123/jsr.2023-0290"
"Embase","doi","100","within_second_search","","Brain morphometry in former American football players: findings from the DIAGNOSE CTE research project","Brain morphometry in former American football players: findings from the DIAGNOSE CTE research project.","10.1093/brain/awae098","10.1093/brain/awae098"
"Embase","doi","100","within_second_search","","Head impact differences in blind football between Rio 2016 and Tokyo 2020 Paralympic Games: video-based observational study","Head impact differences in blind football between Rio 2016 and Tokyo 2020 Paralympic Games: video-based observational study.","10.1136/bmjopen-2023-081942","10.1136/bmjopen-2023-081942"
"Embase","doi","100","within_second_search","","Concomitant Popliteomeniscal Fascicles Tears Are Found in 21% of Professional Soccer Players With Acute Anterior Cruciate Ligament Injuries","Concomitant Popliteomeniscal Fascicles Tears Are Found in 21% of Professional Soccer Players With Acute Anterior Cruciate Ligament Injuries.","10.1016/j.asmr.2024.100956","10.1016/j.asmr.2024.100956"
"Embase","doi","100","within_second_search","","Isolated distal grade III lateral collateral ligament injury: what is the real clinical impact in professional athletes?","Isolated distal grade III lateral collateral ligament injury: what is the real clinical impact in professional athletes?.","10.1007/s00256-023-04463-9","10.1007/s00256-023-04463-9"
"Embase","doi","90","within_second_search","","Fourteen-Year-Old Male Football Player with Lesser Tuberosity Avulsion Fracture: Open Transosseous Equivalent Suture Repair","Fourteen-Year-Old Male Football Player with Lesser Tuberosity Avulsion Fracture: Open Transosseous Equivalent Suture Repair: A Case Report.","10.2106/jbjs.cc.24.00204","10.2106/jbjs.cc.24.00204"
"Embase","doi","100","within_second_search","","Physical Demands of Walking Football in Patients with Cardiovascular Risk Factors and Diseases","Physical Demands of Walking Football in Patients With Cardiovascular Risk Factors and Diseases.","10.1097/jsm.0000000000001218","10.1097/jsm.0000000000001218"
"Embase","doi","100","within_second_search","","Substantia Nigra Pathology, Contact Sports Play, and Parkinsonism in Chronic Traumatic Encephalopathy","Substantia Nigra Pathology, Contact Sports Play, and Parkinsonism in Chronic Traumatic Encephalopathy.","10.1001/jamaneurol.2024.2166","10.1001/jamaneurol.2024.2166"
"Embase","doi","100","within_second_search","","Do healthy athletes exhibit at-risk biomechanics for anterior cruciate ligament injury during pivoting movements?","Do healthy athletes exhibit at-risk biomechanics for anterior cruciate ligament injury during pivoting movements?.","10.1080/14763141.2022.2080105","10.1080/14763141.2022.2080105"
"Embase","doi","100","within_second_search","","Are recommended tackle techniques associated with superior performance outcomes? A retrospective video analysis study of elite women's rugby union","Are recommended tackle techniques associated with superior performance outcomes? A retrospective video analysis study of elite women's rugby union.","10.1080/02640414.2024.2434799","10.1080/02640414.2024.2434799"
"Embase","doi","100","within_second_search","","Fresh osteochondral allograft transplantation of the medial femoral condyle in an elite football player","Fresh osteochondral allograft transplantation of the medial femoral condyle in an elite football player.","10.1136/bcr-2024-262374","10.1136/bcr-2024-262374"
"Embase","doi","100","within_second_search","","Identification of potential risk factors for lower limb injuries in female team-sport athletes: a prospective cohort study","Identification of potential risk factors for lower limb injuries in female team-sport athletes: a prospective cohort study.","10.1080/24733938.2023.2181386","10.1080/24733938.2023.2181386"
"Embase","doi","100","within_second_search","","Atraumatic Sport-Related Medial Sesamoid Pain: Conservative Treatment Outcome and Magnetic Resonance Imaging Features","Atraumatic Sport-Related Medial Sesamoid Pain: Conservative Treatment Outcome and Magnetic Resonance Imaging Features.","10.4055/cios24037","10.4055/cios24037"
"Embase","doi","100","within_second_search","","Maximum speed exposures in Australian rules football: do methods matter?","Maximum speed exposures in Australian rules football: do methods matter?.","10.1080/24733938.2023.2211048","10.1080/24733938.2023.2211048"
"Embase","doi","100","within_second_search","","Lower limbs strength variations between injured and non-injured professional soccer players","Lower limbs strength variations between injured and non-injured professional soccer players.","10.1177/00368504231216312","10.1177/00368504231216312"
"Embase","doi","100","within_second_search","","Prevalence and intensity of pain in male and female amateur football players: A prospective cohort study","Prevalence and intensity of pain in male and female amateur football players: A prospective cohort study.","10.1016/j.jsams.2024.01.006","10.1016/j.jsams.2024.01.006"
"Embase","doi","100","within_second_search","","Characterization of injuries among elite football players during a sports season in Burkina Faso: the 2019-2020 sports season","[Characterization of injuries among elite football players during a sports season in Burkina Faso: the 2019-2020 sports season].","10.11604/pamj.2024.48.33.39254","10.11604/pamj.2024.48.33.39254"
"Embase","doi","100","within_second_search","","Response to Lolli: Predicting Injuries in Elite Female Football Players With Global-Positioning-System and Multiomics Data","Response to Lolli: Predicting Injuries in Elite Female Football Players With Global-Positioning-System and Multiomics Data.","10.1123/ijspp.2024-0308","10.1123/ijspp.2024-0308"
"Embase","doi","100","within_second_search","","The Influence of Futsal Players' Initial Physical Condition on the Occurrence of Injuries","The Influence of Futsal Players' Initial Physical Condition on the Occurrence of Injuries.","10.1055/a-2363-1885","10.1055/a-2363-1885"
"Embase","doi","100","within_second_search","","Prediction of ACL-tear by lower limbs muscle strength and flexibility: a prospective cohort study in 95 female soccer players","Prediction of ACL-tear by lower limbs muscle strength and flexibility: a prospective cohort study in 95 female soccer players.","10.1080/15438627.2023.2280554","10.1080/15438627.2023.2280554"
"Embase","doi","100","within_second_search","","Evaluation of the Value of the Y-Balance Test to Predict Lower Limb Injuries in Professional Male Footballers","Evaluation of the Value of the Y-Balance Test to Predict Lower Limb Injuries in Professional Male Footballers.","10.1123/jsr.2023-0139","10.1123/jsr.2023-0139"
"Embase","doi","100","within_second_search","","'Benched' the effect of the COVID-19 lockdown on injury incidence in sub-elite football in Australia: a retrospective population study using injury insurance records","'Benched' the effect of the COVID-19 lockdown on injury incidence in sub-elite football in Australia: a retrospective population study using injury insurance records.","10.1080/24733938.2022.2143551","10.1080/24733938.2022.2143551"
"Embase","doi","100","within_second_search","","Limited Return to Preinjury Performance in NCAA Division I American Football Players With Hamstring Injuries","Limited Return to Preinjury Performance in NCAA Division I American Football Players With Hamstring Injuries.","10.1177/23259671241243345","10.1177/23259671241243345"
"Embase","doi","100","within_second_search","","The frequency of injuries of Iranian male professional soccer players: a cross-sectional study","The frequency of injuries of Iranian male professional soccer players: a cross-sectional study.","10.5249/jivr.v16i2.1897","10.5249/jivr.v16i2.1897"
"Embase","doi","100","within_second_search","","Groin injuries in women's premier league football in Norway: A two-season prospective cohort study describing clinical and imaging characteristics","Groin injuries in women's premier league football in Norway: A two-season prospective cohort study describing clinical and imaging characteristics.","10.1111/sms.14611","10.1111/sms.14611"
"Embase","doi","100","within_second_search","","Concussion incidence and mechanisms differ between elite females and males in Australian Football","Concussion incidence and mechanisms differ between elite females and males in Australian Football.","10.1016/j.jsams.2023.12.003","10.1016/j.jsams.2023.12.003"
"Embase","doi","100","within_second_search","","Do age and body size affect the eccentric knee flexor strength measured during the Nordic hamstring exercise in male soccer players?","Do age and body size affect the eccentric knee flexor strength measured during the Nordic hamstring exercise in male soccer players?.","10.1080/14763141.2021.2003850","10.1080/14763141.2021.2003850"
"Embase","doi","100","within_second_search","","Evaluation of Lateral and Medial Parts of the Hamstring Muscle Fatigue Symmetry in Professional Footballers Cleared to Play After ACL Reconstruction","Evaluation of Lateral and Medial Parts of the Hamstring Muscle Fatigue Symmetry in Professional Footballers Cleared to Play After ACL Reconstruction.","10.3390/jcm13216521","10.3390/jcm13216521"
"Embase","doi","100","within_second_search","","Acute Compartment Syndrome in a Football Player with Quadriceps Contusion and Successful Return to Sport: A Case Report","Acute Compartment Syndrome in a Football Player With Quadriceps Contusion and Successful Return to Sport: A Case Report.","10.2106/jbjs.cc.23.00688","10.2106/jbjs.cc.23.00688"
"Embase","doi","100","within_second_search","","Injury prevention in football : A challenge for team doctors and coaching team","[Injury prevention in football : A challenge for team doctors and coaching team].","10.1007/s00132-024-04503-9","10.1007/s00132-024-04503-9"
"Embase","doi","100","within_second_search","","NCAA football players are at higher risk of upper extremity injury after first-time concussion","NCAA football players are at higher risk of upper extremity injury after first-time concussion.","10.1080/00913847.2024.2327275","10.1080/00913847.2024.2327275"
"Embase","doi","100","within_second_search","","Impact of fish oil supplementation on plasma levels of highly unsaturated fatty acid-containing lipid classes and molecular species in American football athletes","Impact of fish oil supplementation on plasma levels of highly unsaturated fatty acid-containing lipid classes and molecular species in American football athletes.","10.1186/s12986-024-00815-x","10.1186/s12986-024-00815-x"
"Embase","doi","100","within_second_search","","Consideration of Mental Health and Well-Being in High-Level Sport: When Will a Coach-Centred Approach Be Introduced?","Consideration of Mental Health and Well-Being in High-Level Sport: When Will a Coach-Centred Approach Be Introduced?.","10.1007/s40279-024-02044-x","10.1007/s40279-024-02044-x"
"Embase","doi","100","within_second_search","","Designing a study on footballers injuries in the 2024 African cup of nations competition (Ivory Coast)","Designing a study on footballers' injuries in the 2024 African cup of nations competition (Ivory Coast).","10.62438/tunismed.v102i2.4815","10.62438/tunismed.v102i2.4815"
"Embase","doi","100","within_second_search","","Reduced Match Exposure in the Previous 2 Matches Accounts for Hamstring Muscle Injury Incidence in Professional Football Players","Reduced Match Exposure in the Previous 2 Matches Accounts for Hamstring Muscle Injury Incidence in Professional Football Players.","10.1177/19417381231158117","10.1177/19417381231158117"
"Embase","doi","100","within_second_search","","Embedded finite element modeling of the mechanics of brain axonal fiber tracts under head impact conditions","Embedded finite element modeling of the mechanics of brain axonal fiber tracts under head impact conditions.","10.1016/j.compbiomed.2024.109063","10.1016/j.compbiomed.2024.109063"
"Embase","doi","100","within_second_search","","Cervical and Lumbar Disk Replacement in Athletes: Is It Safe to Return to Play? A Systematic Review of the Scientific Literature and Lay Press","Cervical and Lumbar Disk Replacement in Athletes: Is It Safe to Return to Play? A Systematic Review of the Scientific Literature and Lay Press.","10.1227/neu.0000000000002637","10.1227/neu.0000000000002637"
"Embase","doi","100","within_second_search","","Lower Extremity Injury Rates on Artificial Turf Versus Natural Grass Surfaces in the National Football League During the 2021 and 2022 Seasons","Lower Extremity Injury Rates on Artificial Turf Versus Natural Grass Surfaces in the National Football League During the 2021 and 2022 Seasons.","10.1177/23259671241265378","10.1177/23259671241265378"
"Embase","doi","100","within_second_search","","Effects of mid-season camp period loading on sports injury anxiety and physical performance of professional male soccer players","Effects of mid-season camp period loading on sports injury anxiety and physical performance of professional male soccer players.","10.1016/j.jbmt.2024.04.030","10.1016/j.jbmt.2024.04.030"
"Embase","doi","100","within_second_search","","Concussions in Soccer","Concussions in Soccer.","10.1097/jsa.0000000000000403","10.1097/jsa.0000000000000403"
"Embase","doi","100","within_second_search","","The associations of transformational leadership and team cohesion on the psychological health of young football players through basic psychological needs","The associations of transformational leadership and team cohesion on the psychological health of young football players through basic psychological needs.","10.1080/24733938.2023.2194287","10.1080/24733938.2023.2194287"
"Embase","doi","100","within_second_search","","Has Sustained Time Away From Sports Due to the COVID-19 Pandemic Led to Increased Sport-Related Soft Tissue Injuries?","Has Sustained Time Away From Sports Due to the COVID-19 Pandemic Led to Increased Sport-Related Soft Tissue Injuries?.","10.1177/19417381231198541","10.1177/19417381231198541"
"Embase","doi","100","within_second_search","","Exploring the impact of athletic identity on gender role conflict and athlete injury fear avoidance in male English professional academy football players","Exploring the impact of athletic identity on gender role conflict and athlete injury fear avoidance in male English professional academy football players.","10.1080/24733938.2023.2224293","10.1080/24733938.2023.2224293"
"Embase","doi","100","within_second_search","","Elite Soccer Players' Weekly Workload Assessment Through a New Training Load and Performance Score","Elite Soccer Players' Weekly Workload Assessment Through a New Training Load and Performance Score.","10.1080/02701367.2024.2358956","10.1080/02701367.2024.2358956"
"Embase","doi","100","within_second_search","","ACTN3 XX Genotype Negatively Affects Running Performance and Increases Muscle Injury Incidence in LaLiga Football Players","ACTN3 XX Genotype Negatively Affects Running Performance and Increases Muscle Injury Incidence in LaLiga Football Players.","10.3390/genes15030386","10.3390/genes15030386"
"Embase","doi","100","within_second_search","","Effects of Small-Sided Soccer Games on Physical Fitness and Cardiometabolic Health Biomarkers in Untrained Children and Adolescents: A Systematic Review and Meta-Analysis","Effects of Small-Sided Soccer Games on Physical Fitness and Cardiometabolic Health Biomarkers in Untrained Children and Adolescents: A Systematic Review and Meta-Analysis.","10.3390/jcm13175221","10.3390/jcm13175221"
"Embase","doi","100","within_second_search","","The economics of a national anterior cruciate ligament injury prevention program for amateur football players: a Markov model analysis","The economics of a national anterior cruciate ligament injury prevention program for amateur football players: a Markov model analysis.","10.5694/mja2.52385","10.5694/mja2.52385"
"Embase","doi","100","within_second_search","","Oro-dental trauma burden and mouthguard usage among contact sports players: A call for sports dentistry initiatives in Sri Lanka","Oro-dental trauma burden and mouthguard usage among contact sports players: A call for sports dentistry initiatives in Sri Lanka.","10.1111/edt.12916","10.1111/edt.12916"
"Embase","doi","100","within_second_search","","Myositis ossificans circumscripta of the thigh: A pediatric case report","Myositis ossificans circumscripta of the thigh: A pediatric case report.","10.1016/j.radcr.2024.08.160","10.1016/j.radcr.2024.08.160"
"Embase","doi","100","within_second_search","","The effects of two different fatigue protocols on movement quality during anticipated and unanticipated change of directions in female soccer players","The effects of two different fatigue protocols on movement quality during anticipated and unanticipated change of directions in female soccer players.","10.1371/journal.pone.0302144","10.1371/journal.pone.0302144"
"Embase","doi","100","within_second_search","","Influence of a football match on landing biomechanics and jump performance in female football players","Influence of a football match on landing biomechanics and jump performance in female football players.","10.1111/sms.14518","10.1111/sms.14518"
"Embase","doi","100","within_second_search","","Neurocognitive & Ecological Motor Learning Considerations for the 11+ ACL Injury Prevention Program: A Commentary","Neurocognitive & Ecological Motor Learning Considerations for the 11+ ACL Injury Prevention Program: A Commentary.","10.26603/001c.123956","10.26603/001c.123956"
"Embase","doi","100","within_second_search","","The application of match-event and instrumented mouthguard data to inform match limits: An example using rugby union Premiership and rugby league Super League data from England","The application of match-event and instrumented mouthguard data to inform match limits: An example using rugby union Premiership and rugby league Super League data from England.","10.1002/ejsc.12188","10.1002/ejsc.12188"
"Embase","doi","100","within_second_search","","Acute effects of Nordic hamstring exercise on hip and knee joints proprioception","Acute effects of Nordic hamstring exercise on hip and knee joints proprioception.","10.1016/j.jbmt.2024.03.006","10.1016/j.jbmt.2024.03.006"
"Embase","doi","100","within_second_search","","Epidemiology and clinical characteristics of football injuries among academy players in Ghana","Epidemiology and clinical characteristics of football injuries among academy players in Ghana.","10.1136/bmjsem-2022-001519","10.1136/bmjsem-2022-001519"
"Embase","doi","100","within_second_search","","The Sprint Mechanics Assessment Score: A Qualitative Screening Tool for the In-field Assessment of Sprint Running Mechanics","The Sprint Mechanics Assessment Score: A Qualitative Screening Tool for the In-field Assessment of Sprint Running Mechanics.","10.1177/03635465241235525","10.1177/03635465241235525"
"Embase","doi","100","within_second_search","","Nutritional Considerations of Irish Performance Dietitians and Nutritionists in Concussion Injury Management","Nutritional Considerations of Irish Performance Dietitians and Nutritionists in Concussion Injury Management.","10.3390/nu16040497","10.3390/nu16040497"
"Embase","doi","100","within_second_search","","Applying diffusion innovation theory to evaluate the attributes of the new tackle law in rugby football codes","Applying diffusion innovation theory to evaluate the attributes of the new tackle law in rugby football codes.","10.1136/bjsports-2024-108376","10.1136/bjsports-2024-108376"
"Embase","doi","100","within_second_search","","Physical Conditioning and Functional Injury-Screening Profile of Elite Female Soccer Players: A Systematic Review","Physical Conditioning and Functional Injury-Screening Profile of Elite Female Soccer Players: A Systematic Review.","10.1123/ijspp.2023-0463","10.1123/ijspp.2023-0463"
"Embase","doi","100","within_second_search","","Epidemiology of American Football-Related Fractures in the United States 2002-2021","Epidemiology of American Football-Related Fractures in the United States 2002-2021.","10.1177/23259671241259481","10.1177/23259671241259481"
"Embase","doi","100","within_second_search","","Knee Biomechanics During Cutting Maneuvers and Secondary ACL Injury Risk: A Prospective Cohort Study of Knee Biomechanics in 756 Female Elite Handball and Soccer Players","Knee Biomechanics During Cutting Maneuvers and Secondary ACL Injury Risk: A Prospective Cohort Study of Knee Biomechanics in 756 Female Elite Handball and Soccer Players.","10.1177/03635465241234255","10.1177/03635465241234255"
"Embase","doi","100","within_second_search","","Pars Interarticularis and Pedicle Stress Injuries in Young Athletes With Low Back Pain: A Retrospective Cohort Study of 902 Patients Evaluated With Magnetic Resonance Imaging","Pars Interarticularis and Pedicle Stress Injuries in Young Athletes With Low Back Pain: A Retrospective Cohort Study of 902 Patients Evaluated With Magnetic Resonance Imaging.","10.1177/03635465241264804","10.1177/03635465241264804"
"Embase","doi","100","within_second_search","","A systematic review and network meta-analysis on the effectiveness of exercise-based interventions for reducing the injury incidence in youth team-sport players. Part 1: an analysis by classical training components","A systematic review and network meta-analysis on the effectiveness of exercise-based interventions for reducing the injury incidence in youth team-sport players. Part 1: an analysis by classical training components.","10.1080/07853890.2024.2408457","10.1080/07853890.2024.2408457"
"Embase","doi","100","within_second_search","","Characterization of acute effects of football competition on hamstring muscles by muscle functional MRI techniques","Characterization of acute effects of football competition on hamstring muscles by muscle functional MRI techniques.","10.1371/journal.pone.0308328","10.1371/journal.pone.0308328"
"Embase","doi","100","within_second_search","","Physical and Muscular Performance in a Professional Soccer Player with a Posterior Cruciate Ligament Injury Following an Isokinetic Exercise Program: A Case Report","Physical and Muscular Performance in a Professional Soccer Player with a Posterior Cruciate Ligament Injury Following an Isokinetic Exercise Program: A Case Report.","10.26603/001c.123471","10.26603/001c.123471"
"Embase","doi","100","within_second_search","","Intermediate Outcomes of Medial Ulnar Collateral Ligament Reconstruction Using Gracilis Allograft in Adolescent Patients","Intermediate Outcomes of Medial Ulnar Collateral Ligament Reconstruction Using Gracilis Allograft in Adolescent Patients.","10.1177/23259671241228868","10.1177/23259671241228868"
"Embase","doi","100","within_second_search","","Femoroacetabular Impingement and Groin Injuries Among Soccer Players","Femoroacetabular Impingement and Groin Injuries Among Soccer Players.","10.1097/jsa.0000000000000394","10.1097/jsa.0000000000000394"
"Embase","doi","100","within_second_search","","Examination of plasma biomarkers of amyloid, tau, neurodegeneration, and neuroinflammation in former elite American football players","Examination of plasma biomarkers of amyloid, tau, neurodegeneration, and neuroinflammation in former elite American football players.","10.1002/alz.14231","10.1002/alz.14231"
"Embase","doi","100","within_second_search","","Tibiofemoral Dislocation Management in a Rural High School Football Scenario: Development of a Popliteal Artery Injury Suspicion Index","Tibiofemoral Dislocation Management in a Rural High School Football Scenario: Development of a Popliteal Artery Injury Suspicion Index.","10.1097/pec.0000000000003082","10.1097/pec.0000000000003082"
"Embase","doi","100","within_second_search","","Differences in Overuse Injuries in Gender-Comparable Sports: A Nationally Representative Sample of High School Athletes","Differences in Overuse Injuries in Gender-Comparable Sports: A Nationally Representative Sample of High School Athletes.","10.4085/1062-6050-0040.23","10.4085/1062-6050-0040.23"
"Embase","doi","100","within_second_search","","Preliminary Baseline Vestibular Ocular Motor Screening Scores in Pediatric Soccer Athletes","Preliminary Baseline Vestibular Ocular Motor Screening Scores in Pediatric Soccer Athletes.","10.1123/jsr.2022-0327","10.1123/jsr.2022-0327"
"Embase","doi","100","within_second_search","","Tri-axial loading response to anti-gravity running highlights movement strategy compensations during knee injury rehabilitation of a professional soccer player","Tri-axial loading response to anti-gravity running highlights movement strategy compensations during knee injury rehabilitation of a professional soccer player.","10.1080/15438627.2023.2216824","10.1080/15438627.2023.2216824"
"Embase","doi","100","within_second_search","","Association of Vascular Risk Factors and CSF and Imaging Biomarkers With White Matter Hyperintensities in Former American Football Players","Association of Vascular Risk Factors and CSF and Imaging Biomarkers With White Matter Hyperintensities in Former American Football Players.","10.1212/wnl.0000000000208030","10.1212/wnl.0000000000208030"
"Embase","doi","100","within_second_search","","Osseous Triceps Avulsion in a 12-Year-Old Girl: A Case Report","Osseous Triceps Avulsion in a 12-Year-Old Girl: A Case Report.","10.2106/jbjs.cc.24.00075","10.2106/jbjs.cc.24.00075"
"Embase","doi","100","within_second_search","","Male football players have better patient-reported outcomes after primary anterior cruciate ligament reconstruction compared with females","Male football players have better patient-reported outcomes after primary anterior cruciate ligament reconstruction compared with females.","10.1186/s13102-024-00996-1","10.1186/s13102-024-00996-1"
"Embase","doi","100","within_second_search","","Descriptive epidemiology study of hand injuries sustained in Gaelic football referred to a hand therapy service over 1 year","Descriptive epidemiology study of hand injuries sustained in Gaelic football referred to a hand therapy service over 1 year.","10.1136/bmjsem-2024-001974","10.1136/bmjsem-2024-001974"
"Embase","doi","100","within_second_search","","Multimodal treatment of attention-deficit/hyperactivity disorder and comorbid symptoms in an ultra football fan: A case report from Switzerland","Multimodal treatment of attention-deficit/hyperactivity disorder and comorbid symptoms in an ultra football fan: A case report from Switzerland.","10.1177/2050313x241280766","10.1177/2050313x241280766"
"Embase","doi","100","existing_extraction","S366","Uncovering injuries in Brazilian elite women's football: A prospective cohort study","Uncovering injuries in Brazilian elite women's football: A prospective cohort study","10.1016/j.jsams.2024.01.008","10.1016/j.jsams.2024.01.008"
"Embase","doi","100","within_second_search","","Male and female soccer players exhibit different knee joint mechanics during pre-planned change of direction","Male and female soccer players exhibit different knee joint mechanics during pre-planned change of direction.","10.1080/14763141.2020.1830160","10.1080/14763141.2020.1830160"
"Embase","doi","100","within_second_search","","Genetic vulnerability and adverse mental health outcomes following mild traumatic brain injury: a meta-analysis of CENTER-TBI and TRACK-TBI cohorts","Genetic vulnerability and adverse mental health outcomes following mild traumatic brain injury: a meta-analysis of CENTER-TBI and TRACK-TBI cohorts.","10.1016/j.eclinm.2024.102956","10.1016/j.eclinm.2024.102956"
"Embase","doi","100","within_second_search","","The balancing act - Physiotherapists' experiences of managing rugby-related concussion in the community","The balancing act - Physiotherapists' experiences of managing rugby-related concussion in the community.","10.1080/09593985.2023.2170195","10.1080/09593985.2023.2170195"
"Embase","doi","100","within_second_search","","Lower hamstring to quadriceps muscle strength ratio and lower body weight as factors associated with noncontact anterior cruciate ligament injury in male American football players: A prospective cohort study","Lower hamstring to quadriceps muscle strength ratio and lower body weight as factors associated with noncontact anterior cruciate ligament injury in male American football players: A prospective cohort study.","10.1016/j.asmart.2023.11.006","10.1016/j.asmart.2023.11.006"
"Embase","doi","100","within_second_search","","Does playing surface affect the risk of anterior cruciate ligament injuries in the National Football League? A look at the 2017 - 2021 NFL seasons","Does playing surface affect the risk of anterior cruciate ligament injuries in the National Football League? A look at the 2017 - 2021 NFL seasons.","10.1080/00913847.2023.2178817","10.1080/00913847.2023.2178817"
"Embase","doi","100","within_second_search","","SoccHealth: a health status examination of former professional football (soccer) players within the German National Cohort","SoccHealth: a health status examination of former professional football (soccer) players within the German National Cohort.","10.1136/bmjsem-2024-002228","10.1136/bmjsem-2024-002228"
"Embase","doi","100","within_second_search","","Position comparison of sport-related concussions in female youth soccer players","Position comparison of sport-related concussions in female youth soccer players.","10.1080/00913847.2023.2246869","10.1080/00913847.2023.2246869"
"Embase","doi","100","within_second_search","","Effects of plyometric jump training on measures of physical fitness and lower-limb asymmetries in prepubertal male soccer players: a randomized controlled trial","Effects of plyometric jump training on measures of physical fitness and lower-limb asymmetries in prepubertal male soccer players: a randomized controlled trial.","10.1186/s13102-024-00821-9","10.1186/s13102-024-00821-9"
"Embase","doi","100","within_second_search","","Trends in Pediatric Neck Injuries During Sporting Activities","Trends in Pediatric Neck Injuries During Sporting Activities.","10.3390/jcm13247713","10.3390/jcm13247713"
"Embase","doi","100","within_second_search","","The Effect of Primary ACL Reconstruction on Career Longevity in English Premier League and Championship Soccer Players Compared With Uninjured Controls: A Matched Cohort Analysis","The Effect of Primary ACL Reconstruction on Career Longevity in English Premier League and Championship Soccer Players Compared With Uninjured Controls: A Matched Cohort Analysis.","10.1177/03635465241235949","10.1177/03635465241235949"
"Embase","doi","100","within_second_search","","Epidemiologic Trends in Ophthalmic Trauma Related to Major Sports: An NEISS Study","Epidemiologic Trends in Ophthalmic Trauma Related to Major Sports: An NEISS Study.","10.1080/09286586.2023.2173246","10.1080/09286586.2023.2173246"
"Embase","doi","100","within_second_search","","Return to Soccer After Acute Anterior Cruciate Ligament Primary Repair: A 2-Year Minimum Follow-up Study of 50 Amateur Players","Return to Soccer After Acute Anterior Cruciate Ligament Primary Repair: A 2-Year Minimum Follow-up Study of 50 Amateur Players.","10.1177/03635465241256099","10.1177/03635465241256099"
"Embase","doi","100","within_second_search","","Return to Play Rates Following Operative Ankle Fractures Differ Between High- and Low-Performing National Football League Athletes","Return to Play Rates Following Operative Ankle Fractures Differ Between High- and Low-Performing National Football League Athletes.","10.3928/01477447-20230517-05","10.3928/01477447-20230517-05"
"Embase","doi","100","within_second_search","","Non-surgical treatment of oblique diaphyseal fractures of the fourth and fifth metacarpals in a professional athlete: A case report","Non-surgical treatment of oblique diaphyseal fractures of the fourth and fifth metacarpals in a professional athlete: A case report.","10.1016/j.ijscr.2024.109256","10.1016/j.ijscr.2024.109256"
"Embase","doi","100","within_second_search","","Double-Leg and Single-Leg Jump Test Reference Values for Athletes With and Without Anterior Cruciate Ligament Reconstruction Who Play Popular Pivoting Sports, Including Soccer and Basketball: A Scoping Review","Double-Leg and Single-Leg Jump Test Reference Values for Athletes With and Without Anterior Cruciate Ligament Reconstruction Who Play Popular Pivoting Sports, Including Soccer and Basketball: A Scoping Review.","10.2519/jospt.2024.12374","10.2519/jospt.2024.12374"
"Embase","doi","100","within_second_search","","Sports-Related Musculoskeletal Injuries in Medical Students","Sports-Related Musculoskeletal Injuries in Medical Students.","10.4103/ijoem.ijoem_111_23","10.4103/ijoem.ijoem_111_23"
"Embase","doi","100","within_second_search","","Decreased isometric neck strength is a risk factor for head, neck and face injuries in professional rugby league players","Decreased isometric neck strength is a risk factor for head, neck and face injuries in professional rugby league players.","10.1080/02640414.2024.2432793","10.1080/02640414.2024.2432793"
"Embase","doi","100","within_second_search","","Epidemiology of Sports Injuries Among High School Athletes in the United States: Data From 2015 to 2019","Epidemiology of Sports Injuries Among High School Athletes in the United States: Data From 2015 to 2019.","10.1177/23259671241252637","10.1177/23259671241252637"
"Embase","doi","100","within_second_search","","Utilisation of New Zealand Rugby's concussion management pathway: A mixed methods investigation","Utilisation of New Zealand Rugby's concussion management pathway: A mixed methods investigation.","10.1002/ejsc.12213","10.1002/ejsc.12213"
"Embase","doi","100","within_second_search","","Concussion burden and later-life cardiovascular risk factors in former professional American-style football players","Concussion burden and later-life cardiovascular risk factors in former professional American-style football players.","10.1002/acn3.52045","10.1002/acn3.52045"
"Embase","doi","100","within_second_search","","Effects of hyperbaric oxygen therapy on recovery after a football match in young players: a double-blind randomized controlled trial","Effects of hyperbaric oxygen therapy on recovery after a football match in young players: a double-blind randomized controlled trial.","10.3389/fphys.2024.1483142","10.3389/fphys.2024.1483142"
"Embase","doi","100","within_second_search","","Efficacy of the FIFA cooling break heat policy during an intermittent treadmill football simulation in hot conditions in trained males","Efficacy of the FIFA cooling break heat policy during an intermittent treadmill football simulation in hot conditions in trained males.","10.1136/bjsports-2024-108131","10.1136/bjsports-2024-108131"
"Embase","doi","100","within_second_search","","Quality of Life in Youth Soccer Players After Mild Traumatic Brain Injury","Quality of Life in Youth Soccer Players After Mild Traumatic Brain Injury.","10.4085/1062-6050-0011.23","10.4085/1062-6050-0011.23"
"Embase","doi","100","within_second_search","","Use of blood flow restriction for increasing the strength of the ischiocrural muscles in anterior cruciate ligament rehabilitation: A case report","Use of blood flow restriction for increasing the strength of the ischiocrural muscles in anterior cruciate ligament rehabilitation: A case report.","10.1002/pri.2059","10.1002/pri.2059"
"Embase","doi","100","within_second_search","","Inflammatory biomarkers for neurobehavioral dysregulation in former American football players: findings from the DIAGNOSE CTE Research Project","Inflammatory biomarkers for neurobehavioral dysregulation in former American football players: findings from the DIAGNOSE CTE Research Project.","10.1186/s12974-024-03034-6","10.1186/s12974-024-03034-6"
"Embase","doi","100","within_second_search","","The effect of post-match fatigue on physical performance in adolescent soccer players","The effect of post-match fatigue on physical performance in adolescent soccer players.","10.23736/s0022-4707.24.16061-6","10.23736/s0022-4707.24.16061-6"
"Embase","doi","100","within_second_search","","Knowledge and awareness of anterior cruciate ligament injury among Turkish professional athletes: an online survey","Knowledge and awareness of anterior cruciate ligament injury among Turkish professional athletes: an online survey.","10.1080/15438627.2023.2252128","10.1080/15438627.2023.2252128"
"Embase","doi","100","within_second_search","","Energy expenditure of international female rugby union players during a major international tournament: a doubly labelled water study","Energy expenditure of international female rugby union players during a major international tournament: a doubly labelled water study.","10.1139/apnm-2023-0596","10.1139/apnm-2023-0596"
"Embase","doi","100","within_second_search","","Career duration and later-life health conditions among former professional American-style football players","Career duration and later-life health conditions among former professional American-style football players.","10.1136/oemed-2024-109571","10.1136/oemed-2024-109571"
"Embase","doi","100","within_second_search","","A prospective investigation of the effects of soccer heading on cognitive and sensorimotor performances in semi-professional female players","A prospective investigation of the effects of soccer heading on cognitive and sensorimotor performances in semi-professional female players.","10.3389/fnhum.2024.1345868","10.3389/fnhum.2024.1345868"
"Embase","doi","100","within_second_search","","Treating Dystonia in a Soccer Player Through an Integrated Rehabilitative Approach: A Case Report","Treating Dystonia in a Soccer Player Through an Integrated Rehabilitative Approach: A Case Report.","10.1123/jsr.2023-0100","10.1123/jsr.2023-0100"
"Embase","doi","100","within_second_search","","Injury surveillance of head and neck injuries with a special focus on sport-related concussions: Eight seasons observational study in professional football in Qatar","Injury surveillance of head and neck injuries with a special focus on sport-related concussions: Eight seasons observational study in professional football in Qatar.","10.1016/j.jsams.2024.08.202","10.1016/j.jsams.2024.08.202"
"Embase","doi","100","within_second_search","","Impact of lateral ankle sprains on physical function, range of motion, isometric strength and balance in professional soccer players","Impact of lateral ankle sprains on physical function, range of motion, isometric strength and balance in professional soccer players.","10.1136/bmjsem-2024-002293","10.1136/bmjsem-2024-002293"
"Embase","doi","100","within_second_search","","A Change-Point Method to Detect Meaningful Change in Return-to-Sport Progression in Athletes","A Change-Point Method to Detect Meaningful Change in Return-to-Sport Progression in Athletes.","10.1123/ijspp.2023-0178","10.1123/ijspp.2023-0178"
"Embase","doi","100","within_second_search","","Epidemiology of adverse events related to sports among community people: a scoping review","Epidemiology of adverse events related to sports among community people: a scoping review.","10.1136/bmjopen-2023-082984","10.1136/bmjopen-2023-082984"
"Embase","doi","100","within_second_search","","Individualized monitoring of longitudinal heading exposure in soccer","Individualized monitoring of longitudinal heading exposure in soccer.","10.1038/s41598-024-52163-8","10.1038/s41598-024-52163-8"
"Embase","doi","100","within_second_search","","Injury Incidence, Severity, and Type Across the Menstrual Cycle in Female Footballers: A Prospective Three Season Cohort Study","Injury Incidence, Severity, and Type Across the Menstrual Cycle in Female Footballers: A Prospective Three Season Cohort Study.","10.1249/mss.0000000000003391","10.1249/mss.0000000000003391"
"Embase","doi","100","within_second_search","","Quantitative Evaluation of Knee Cartilage in Professional Martial Arts Athletes Using T2 Mapping: A Comparative Study","Quantitative Evaluation of Knee Cartilage in Professional Martial Arts Athletes Using T2 Mapping: A Comparative Study.","10.4085/1062-6050-0127.23","10.4085/1062-6050-0127.23"
"Embase","doi","100","within_second_search","","Grade III distal medial collateral ligament rupture co-existing with transient lateral patellar dislocation","Grade III distal medial collateral ligament rupture co-existing with transient lateral patellar dislocation.","10.1016/j.radcr.2023.11.086","10.1016/j.radcr.2023.11.086"
"Embase","doi","100","within_second_search","","Intrinsic Risk Factors for Noncontact Anterior Cruciate Ligament Injury in Young Female Soccer Players: A Prospective Cohort Study","Intrinsic Risk Factors for Noncontact Anterior Cruciate Ligament Injury in Young Female Soccer Players: A Prospective Cohort Study.","10.1177/03635465241278745","10.1177/03635465241278745"
"Embase","doi","100","within_second_search","","Risk Factors of Emergency Department Utilization After Outpatient Surgery for Sports-Related Injuries","Risk Factors of Emergency Department Utilization After Outpatient Surgery for Sports-Related Injuries.","10.5435/jaaos-d-22-00715","10.5435/jaaos-d-22-00715"
"Embase","doi","100","within_second_search","","Acute psychological symptom profiles in high school football players following sport-related concussion","Acute psychological symptom profiles in high school football players following sport-related concussion.","10.3171/2023.9.peds23301","10.3171/2023.9.peds23301"
"Embase","doi","100","within_second_search","","Influences of fatigue and anticipation on female soccer players' biomechanical characteristics during 180degree pivot turn: implication for risk and prevention of anterior cruciate ligament injury","Influences of fatigue and anticipation on female soccer players' biomechanical characteristics during 180degree pivot turn: implication for risk and prevention of anterior cruciate ligament injury.","10.3389/fphys.2024.1424092","10.3389/fphys.2024.1424092"
"Embase","doi","100","within_second_search","","Use of Publicly Obtained Data in Sports Medicine Research: A Systematic Review and Bibliometric Analysis","Use of Publicly Obtained Data in Sports Medicine Research: A Systematic Review and Bibliometric Analysis.","10.1177/03635465231177054","10.1177/03635465231177054"
"Embase","doi","100","within_second_search","","Evaluation of the lower extremity functional test to predict lower limb injuries in professional male footballers","Evaluation of the lower extremity functional test to predict lower limb injuries in professional male footballers.","10.1038/s41598-024-53223-9","10.1038/s41598-024-53223-9"
"Embase","doi","100","within_second_search","","Publicly available data sources in sport-related concussion research: a caution for missing data","Publicly available data sources in sport-related concussion research: a caution for missing data.","10.1186/s40621-024-00484-7","10.1186/s40621-024-00484-7"
"Embase","doi","100","within_second_search","","Incidence of lower limb tendinopathy: A 3-year prospective study of a youth elite athletes in a Brazilian sport club","Incidence of lower limb tendinopathy: A 3-year prospective study of a youth elite athletes in a Brazilian sport club.","10.1016/j.jbmt.2024.04.042","10.1016/j.jbmt.2024.04.042"
"Embase","doi","100","within_second_search","","Psychosocial Factors Associated With Lower Extremity Reinjury Risk in Soccer Players: Contribution of Self-Confidence and Reinjury Anxiety","Psychosocial Factors Associated With Lower Extremity Reinjury Risk in Soccer Players: Contribution of Self-Confidence and Reinjury Anxiety.","10.4085/1062-6050-0434.23","10.4085/1062-6050-0434.23"
"Embase","doi","100","within_second_search","","Impact of Weekly Training-Load Structure and Content on the Risk of Injury in Professional Rugby Union Match-Play","Impact of Weekly Training-Load Structure and Content on the Risk of Injury in Professional Rugby Union Match-Play.","10.1519/jsc.0000000000004852","10.1519/jsc.0000000000004852"
"Embase","doi","100","within_second_search","","The Association Between the Development of Cam Morphology During Skeletal Growth in High-Impact Athletes and the Presence of Cartilage Loss and Labral Damage in Adulthood: A Prospective Cohort Study With a 12-Year Follow-up","The Association Between the Development of Cam Morphology During Skeletal Growth in High-Impact Athletes and the Presence of Cartilage Loss and Labral Damage in Adulthood: A Prospective Cohort Study With a 12-Year Follow-up.","10.1177/03635465241256123","10.1177/03635465241256123"
"Embase","doi","100","within_second_search","","Return to Play and Performance After Anterior Cruciate Ligament Reconstruction in Soccer Players: A Systematic Review of Recent Evidence","Return to Play and Performance After Anterior Cruciate Ligament Reconstruction in Soccer Players: A Systematic Review of Recent Evidence.","10.1007/s40279-024-02035-y","10.1007/s40279-024-02035-y"
"Embase","doi","100","within_second_search","","Evaluation of a medical after-care intervention among deselected elite male Academy football players: a pilot study","Evaluation of a medical after-care intervention among deselected elite male Academy football players: a pilot study.","10.1136/bmjsem-2024-001891","10.1136/bmjsem-2024-001891"
"Embase","doi","100","within_second_search","","Epidemiology of Hamstring Tears in National Collegiate Athletic Association Athletes: Findings from the National Collegiate Athletic Association Injury Surveillance Program between 2014/2015 and 2018/2019","Epidemiology of Hamstring Tears in National Collegiate Athletic Association Athletes: Findings From the National Collegiate Athletic Association Injury Surveillance Program Between 2014/2015 and 2018/2019.","10.1097/jsm.0000000000001240","10.1097/jsm.0000000000001240"
"Embase","doi","100","within_second_search","","Meniscus Injuries in Soccer","Meniscus Injuries in Soccer.","10.1097/jsa.0000000000000389","10.1097/jsa.0000000000000389"
"Embase","doi","100","within_second_search","","Return to Performance of a Soccer Player with an Adductor Longus Injury: A Case Report","Return to Performance of a Soccer Player with an Adductor Longus Injury: A Case Report.","10.3390/medicina60121998","10.3390/medicina60121998"
"Embase","doi","100","within_second_search","","Smart Textile Impact Sensor for e-Helmet to Measure Head Injury","Smart Textile Impact Sensor for e-Helmet to Measure Head Injury.","10.3390/s24092919","10.3390/s24092919"
"Embase","doi","100","within_second_search","","An overview of the risk factors for producing fifth metatarsal fracture in sports activities: A systematic review","An overview of the risk factors for producing fifth metatarsal fracture in sports activities: A systematic review.","10.1002/jfa2.70012","10.1002/jfa2.70012"
"Embase","doi","100","within_second_search","","Use of AI methods to assessment of lower limb peak torque in deaf and hearing football players group","Use of AI methods to assessment of lower limb peak torque in deaf and hearing football players group.","10.37190/abb-02474-2024-02","10.37190/abb-02474-2024-02"
"Embase","doi","100","within_second_search","","Injury Prevention Training in Girls' and Women's Elite Football in Denmark: A Survey of Practices and Perceptions","Injury Prevention Training in Girls' and Women's Elite Football in Denmark: A Survey of Practices and Perceptions.","10.1111/sms.14696","10.1111/sms.14696"
"Embase","doi","100","within_second_search","","Cannabinoid Therapy in Athletics: A Review of Current Cannabis Research to Evaluate Potential Real-World Cannabinoid Applications in Sport","Cannabinoid Therapy in Athletics: A Review of Current Cannabis Research to Evaluate Potential Real-World Cannabinoid Applications in Sport.","10.1007/s40279-024-02094-1","10.1007/s40279-024-02094-1"
"Embase","doi","100","within_second_search","","The state of play for contact training and coaching in women's rugby","The state of play for contact training and coaching in women's rugby.","10.1002/ejsc.12119","10.1002/ejsc.12119"
"Embase","doi","100","within_second_search","","Evaluation of WIMU Sensor Performance in Estimating Running Stride and Vertical Stiffness in Football Training Sessions: A Comparison with Smart Insoles","Evaluation of WIMU Sensor Performance in Estimating Running Stride and Vertical Stiffness in Football Training Sessions: A Comparison with Smart Insoles.","10.3390/s24248087","10.3390/s24248087"
"Embase","doi","100","within_second_search","","Individual In-Situ GPS-Derived Acceleration-Speed Profiling: Toward Automatization and Refinement in Male Professional Rugby Union Players","Individual In-Situ GPS-Derived Acceleration-Speed Profiling: Toward Automatization and Refinement in Male Professional Rugby Union Players.","10.1186/s40798-023-00672-7","10.1186/s40798-023-00672-7"
"Embase","doi","100","within_second_search","","Is It Possible to Improve Performance in Competition After an Adductor Longus Injury in Professional Football Players?","Is It Possible to Improve Performance in Competition After an Adductor Longus Injury in Professional Football Players?.","10.1123/jsr.2024-0028","10.1123/jsr.2024-0028"
"Embase","doi","100","within_second_search","","Sport-related concussion in 8- to 12-year-olds: an understudied population","Sport-related concussion in 8- to 12-year-olds: an understudied population.","10.3171/2023.10.peds23410","10.3171/2023.10.peds23410"
"Embase","doi","100","within_second_search","","Classification and management of tibial tubercle avulsion fractures in children","Classification and management of tibial tubercle avulsion fractures in children.","10.12968/hmed.2023.0380","10.12968/hmed.2023.0380"
"Embase","doi","100","within_second_search","","Developing injury prevention programmes for ladies Gaelic football: a Delphi study","Developing injury prevention programmes for ladies Gaelic football: a Delphi study.","10.1136/ip-2024-045334","10.1136/ip-2024-045334"
"Embase","doi","100","within_second_search","","Is your system fit for purpose? Female athlete health considerations for rugby injury and illness surveillance systems","Is your system fit for purpose? Female athlete health considerations for rugby injury and illness surveillance systems.","10.1002/ejsc.12089","10.1002/ejsc.12089"
"Embase","doi","100","within_second_search","","Knee muscle strength, body composition, and balance performance of youth soccer players","Knee muscle strength, body composition, and balance performance of youth soccer players.","10.1186/s13102-024-00966-7","10.1186/s13102-024-00966-7"
"Embase","doi","100","within_second_search","","Return to play after head injury in adolescent sports: evaluating football versus other sports","Return to play after head injury in adolescent sports: evaluating football versus other sports.","10.3171/2024.3.peds23565","10.3171/2024.3.peds23565"
"Embase","doi","100","within_second_search","","Comparing virtual reality and balance training effects on postural strategies during ball kicking in soccer players with chronic ankle instability","Comparing virtual reality and balance training effects on postural strategies during ball kicking in soccer players with chronic ankle instability.","10.1038/s41598-024-83071-6","10.1038/s41598-024-83071-6"
"Embase","doi","100","within_second_search","","Hawaiian High School Football Player Positional Differences in Helmet Impact Characteristics","Hawaiian High School Football Player Positional Differences in Helmet Impact Characteristics.","10.4085/1062-6050-0068.24","10.4085/1062-6050-0068.24"
"Embase","doi","100","within_second_search","","Can watching the World Cup make you mentally healthier? Positive associations between involvement in physical activities and flourishing were mediated by psychological need satisfaction","Can watching the World Cup make you mentally healthier? Positive associations between involvement in physical activities and flourishing were mediated by psychological need satisfaction.","10.1186/s40359-024-01861-z","10.1186/s40359-024-01861-z"
"Embase","doi","100","within_second_search","","Head Acceleration Events During Tackle, Ball-Carry, and Ruck Events in Professional Southern Hemisphere Men's Rugby Union Matches: A Study Using Instrumented Mouthguards","Head Acceleration Events During Tackle, Ball-Carry, and Ruck Events in Professional Southern Hemisphere Men's Rugby Union Matches: A Study Using Instrumented Mouthguards.","10.1111/sms.14676","10.1111/sms.14676"
"Embase","doi","100","within_second_search","","Training and Match-Related Head Acceleration Events in Top Level Domestic Senior Women's and Men's Rugby Union: A Multi-League Instrumented Mouthguard Study","Training and Match-Related Head Acceleration Events in Top Level Domestic Senior Women's and Men's Rugby Union: A Multi-League Instrumented Mouthguard Study.","10.1111/sms.14744","10.1111/sms.14744"
"Embase","doi","100","within_second_search","","A large-scale multivariate soccer athlete health, performance, and position monitoring dataset","A large-scale multivariate soccer athlete health, performance, and position monitoring dataset.","10.1038/s41597-024-03386-x","10.1038/s41597-024-03386-x"
"Embase","doi","100","within_second_search","","Third of former American football players report CTE symptoms, study finds","Third of former American football players report CTE symptoms, study finds.","10.1136/bmj.q2144","10.1136/bmj.q2144"
"Embase","doi","100","within_second_search","","Thrombosis and Thrombotic Risk in Athletes","Thrombosis and Thrombotic Risk in Athletes.","10.3390/jcm13164881","10.3390/jcm13164881"
"Embase","doi","100","within_second_search","","Are we tackle ready? Cross-sectional video analysis of match tackle characteristics in elite women's Rugby Union","Are we tackle ready? Cross-sectional video analysis of match tackle characteristics in elite women's Rugby Union.","10.1002/ejsc.12120","10.1002/ejsc.12120"
"Embase","doi","100","within_second_search","","Contact Breast Injuries Among Female Athletes: A Systematic Review","Contact Breast Injuries Among Female Athletes: A Systematic Review.","10.1007/s40279-024-02027-y","10.1007/s40279-024-02027-y"
"Embase","doi","100","within_second_search","","The Injury Mechanism of Achilles Tendon Rupture in Professional Athletes: A Video Analysis Study","The Injury Mechanism of Achilles Tendon Rupture in Professional Athletes: A Video Analysis Study.","10.7547/21-196","10.7547/21-196"
"Embase","doi","100","within_second_search","","Variations in External and Internal Intensities and Impact of Maturational Age on Soccer Training Tasks","Variations in External and Internal Intensities and Impact of Maturational Age on Soccer Training Tasks.","10.3390/s24175656","10.3390/s24175656"
"Embase","doi","100","within_second_search","","The Effect of Strength and Balance Training on Kinesiophobia, Ankle Instability, Function, and Performance in Elite Adolescent Soccer Players with Functional Ankle Instability: A Prospective Cluster Randomized Controlled Trial","The Effect of Strength and Balance Training on Kinesiophobia, Ankle Instability, Function, and Performance in Elite Adolescent Soccer Players with Functional Ankle Instability: A Prospective Cluster Randomized Controlled Trial.","10.52082/jssm.2024.593","10.52082/jssm.2024.593"
"Embase","doi","100","within_second_search","","'Considering the reality, I am very lucky': how professional players and staff perceive injury prevention and performance protection in women's football","'Considering the reality, I am very lucky': how professional players and staff perceive injury prevention and performance protection in women's football.","10.1136/bjsports-2023-106891","10.1136/bjsports-2023-106891"
"Embase","doi","100","within_second_search","","Sport-specific Differences in Cartilage Treatment","Sport-specific Differences in Cartilage Treatment.","10.1097/jsa.0000000000000393","10.1097/jsa.0000000000000393"
"Embase","doi","100","within_second_search","","The Role of Virtual Reality in the Management of Football Injuries","The Role of Virtual Reality in the Management of Football Injuries.","10.3390/medicina60061000","10.3390/medicina60061000"
"Embase","doi","100","within_second_search","","Neck Muscle Activation During Soccer Heading: Implications for Brain Injury Prevention","Neck Muscle Activation During Soccer Heading: Implications for Brain Injury Prevention","10.1097/htr.0000000000000962","10.1097/htr.0000000000000962"
"Embase","doi","100","within_second_search","","The role of transformational leadership in the associations between coach-athlete relationship and team resilience: A study on elite football players","The role of transformational leadership in the associations between coach-athlete relationship and team resilience: A study on elite football players.","10.1186/s40359-024-02043-7","10.1186/s40359-024-02043-7"
"Embase","doi","100","within_second_search","","Consistency of wound care in Leg Clubs","Consistency of wound care in Leg Clubs.","10.12968/bjcn.2024.29.sup6.s40","10.12968/bjcn.2024.29.sup6.s40"
"Embase","doi","100","within_second_search","","A finite element model for predicting impact-induced damage to a skin simulant","A finite element model for predicting impact-induced damage to a skin simulant.","10.1038/s41598-024-60369-z","10.1038/s41598-024-60369-z"
"Embase","doi","100","within_second_search","","Concussion Incidence by Type of Sport: Differences by Sex, Age Groups, Type of Session, and Level of Play An Overview of Systematic Reviews With Meta-analysis","Concussion Incidence by Type of Sport: Differences by Sex, Age Groups, Type of Session, and Level of Play An Overview of Systematic Reviews With Meta-analysis.","10.2519/jospt.2024.12677","10.2519/jospt.2024.12677"
"Embase","doi","100","within_second_search","","Anxiety-Related Concussion Perceptions of Parents of Youth Athletes","Anxiety-Related Concussion Perceptions of Parents of Youth Athletes.","10.4085/1062-6050-0579.23","10.4085/1062-6050-0579.23"
"Embase","doi","100","within_second_search","","The Impact of a Congested Match Schedule (Due to the COVID-19 Lockdown) on Creatine Kinase (CK) in Elite Football Players Using GPS Tracking Technology","The Impact of a Congested Match Schedule (Due to the COVID-19 Lockdown) on Creatine Kinase (CK) in Elite Football Players Using GPS Tracking Technology.","10.3390/s24216917","10.3390/s24216917"
"Embase","doi","100","within_second_search","","Avenues for prevention using the epidemiology of sport-related concussion from a large high school surveillance study","Avenues for prevention using the epidemiology of sport-related concussion from a large high school surveillance study.","10.3171/2024.4.focus24153","10.3171/2024.4.focus24153"
"Embase","doi","100","within_second_search","","Injury prevention in youth football (soccer): a comprehensive description of the development process of the 'FUNBALL' programme","Injury prevention in youth football (soccer): a comprehensive description of the development process of the 'FUNBALL' programme.","10.1136/bmjsem-2024-002260","10.1136/bmjsem-2024-002260"
"Embase","doi","100","within_second_search","","FIFA 11+ KIDS in the prevention of soccer injuries in children: a systematic review","FIFA 11+ KIDS in the prevention of soccer injuries in children: a systematic review.","10.1186/s13018-024-04876-9","10.1186/s13018-024-04876-9"
"Embase","title_author_year","100","within_second_search","","Kinesiophobia and changes in the quality of play after injury in American football players","Kinesiophobia and changes in the quality of play after injury in American football players","",""
"Embase","doi","100","within_second_search","","Injury Profile in Youth Female Athletes: A Systematic Review and Meta-Analysis","Injury Profile in Youth Female Athletes: A Systematic Review and Meta-Analysis.","10.1007/s40279-023-01988-w","10.1007/s40279-023-01988-w"
"Embase","doi","100","within_second_search","","Evaluation of a football fitness implementation initiative for an older adult population in a small-scale island society","Evaluation of a football fitness implementation initiative for an older adult population in a small-scale island society.","10.3389/fpubh.2024.1406601","10.3389/fpubh.2024.1406601"
"Embase","doi","100","within_second_search","","Characterizing Muscle Activity in Soccer Players with a History of Hamstring Strain Injuries during Accelerated Sprinting","Characterizing Muscle Activity in Soccer Players with a History of Hamstring Strain Injuries during Accelerated Sprinting.","10.52082/jssm.2024.656","10.52082/jssm.2024.656"
"Embase","doi","100","within_second_search","","Prognosticating Return-To-Play Time Following a Hamstring Strain Injury Using Early Flexibility Asymmetry and Musculoskeletal Ultrasound Imaging Outcomes: An Exploratory Study Among Canadian University Football Players","Prognosticating Return-To-Play Time Following a Hamstring Strain Injury Using Early Flexibility Asymmetry and Musculoskeletal Ultrasound Imaging Outcomes: An Exploratory Study Among Canadian University Football Players.","10.1097/jsm.0000000000001230","10.1097/jsm.0000000000001230"
"Embase","title_author_year","100","within_second_search","","Physical activity level and injury incidence among American football players","Physical activity level and injury incidence among American football players","",""
"Embase","doi","100","within_second_search","","Extrinsic Risk Factors for Primary Noncontact Anterior Cruciate Ligament Injury in Adolescents Aged between 14 and 18 years: A Systematic Review","Extrinsic Risk Factors for Primary Noncontact Anterior Cruciate Ligament Injury in Adolescents Aged between 14 and 18 years: A Systematic Review.","10.1007/s40279-023-01975-1","10.1007/s40279-023-01975-1"
"Embase","doi","100","within_second_search","","Nutritional knowledge, attitudes and behaviours in rugby league; influences of age, body composition and ancestry","Nutritional knowledge, attitudes and behaviours in rugby league; influences of age, body composition and ancestry.","10.1080/15502783.2024.2411714","10.1080/15502783.2024.2411714"
"Embase","doi","100","within_second_search","","The Development of Principles for Patient and Public Involvement (PPI) in Preclinical Spinal Cord Research: A Modified Delphi Study","The Development of Principles for Patient and Public Involvement (PPI) in Preclinical Spinal Cord Research: A Modified Delphi Study.","10.1111/hex.14130","10.1111/hex.14130"
"Embase","doi","100","within_second_search","","Thoracolumbar Fascia and Lumbar Muscle Stiffness in Athletes with A History of Hamstring Injury","Thoracolumbar Fascia and Lumbar Muscle Stiffness in Athletes with A History of Hamstring Injury.","10.52082/jssm.2024.436","10.52082/jssm.2024.436"
"Embase","doi","100","within_second_search","","A Rehabilitation Algorithm After Lateral Ankle Sprains in Professional Football (Soccer): An Approach Based on Clinical Practice Guidelines","A Rehabilitation Algorithm After Lateral Ankle Sprains in Professional Football (Soccer): An Approach Based on Clinical Practice Guidelines.","10.26603/001c.120205","10.26603/001c.120205"
"Embase","doi","100","within_second_search","","College Football 2024","College Football 2024.","10.1177/19417381241270361","10.1177/19417381241270361"
"Embase","doi","100","within_second_search","","Head Impact Exposure in Hawaiian High School Football: Influence of Adherence Rates on a Helmetless Tackling and Blocking Training Intervention","Head Impact Exposure in Hawaiian High School Football: Influence of Adherence Rates on a Helmetless Tackling and Blocking Training Intervention.","10.4085/1062-6050-0014.24","10.4085/1062-6050-0014.24"
"Embase","doi","100","within_second_search","","The Impact of Injury on Career Progression in Elite Youth Football-Findings at 10 Years","The Impact of Injury on Career Progression in Elite Youth Football-Findings at 10 Years.","10.3390/jcm13071915","10.3390/jcm13071915"
"Embase","doi","100","within_second_search","","Enhancing Sports Injury Risk Assessment in Soccer Through Machine Learning and Training Load Analysis","Enhancing Sports Injury Risk Assessment in Soccer Through Machine Learning and Training Load Analysis.","10.52082/jssm.2024.537","10.52082/jssm.2024.537"
"SportDiscus","doi","100","within_second_search","","Physical Conditioning and Functional Injury-Screening Profile of Elite Female Soccer Players: A Systematic Review.","Physical Conditioning and Functional Injury-Screening Profile of Elite Female Soccer Players: A Systematic Review.","10.1123/ijspp.2023-0463","10.1123/ijspp.2023-0463"
"SportDiscus","doi","100","within_second_search","","Is It Possible to Improve Performance in Competition After an Adductor Longus Injury in Professional Football Players?","Is It Possible to Improve Performance in Competition After an Adductor Longus Injury in Professional Football Players?.","10.1123/jsr.2024-0028","10.1123/jsr.2024-0028"
"SportDiscus","doi","100","within_second_search","","Can the Copenhagen Adduction Exercise Prevent Groin Injuries in Soccer Players? A Critically Appraised Topic.","Can the Copenhagen Adduction Exercise Prevent Groin Injuries in Soccer Players? A Critically Appraised Topic.","10.1123/jsr.2023-0088","10.1123/jsr.2023-0088"
"SportDiscus","doi","100","within_second_search","","Relationships Among Baseline Concussion Balance Test and Gaze Stability Test Scores in Division-I Collegiate Athletes.","Relationships Among Baseline Concussion Balance Test and Gaze Stability Test Scores in Division-I Collegiate Athletes.","10.1123/jsr.2023-0254","10.1123/jsr.2023-0254"
"SportDiscus","doi","100","within_second_search","","Comparison of an Adaptive Ankle Brace to Conventional Taping for Rehabilitation of Acute Ankle Injury in Young Subelite Soccer Players: A Pilot Study.","Comparison of an Adaptive Ankle Brace to Conventional Taping for Rehabilitation of Acute Ankle Injury in Young Subelite Soccer Players: A Pilot Study.","10.1123/jsr.2023-0290","10.1123/jsr.2023-0290"
"SportDiscus","doi","100","within_second_search","","Musculoskeletal Pain, Mood, and Sports Injury in Wheelchair Power Soccer Players.","Musculoskeletal Pain, Mood, and Sports Injury in Wheelchair Power Soccer Players.","10.1123/jsr.2022-0251","10.1123/jsr.2022-0251"
"SportDiscus","doi","100","within_second_search","","External Training Loads and Soft-Tissue Injury Occurrence During Congested Versus Noncongested Periods in Football.","External Training Loads and Soft-Tissue Injury Occurrence During Congested Versus Noncongested Periods in Football.","10.1123/ijspp.2024-0058","10.1123/ijspp.2024-0058"
"SportDiscus","doi","100","within_second_search","","Does Neuromuscular Training Reduce the Risk of Lower-Extremity Musculoskeletal Injury in High School Female Athletes With a History of Sport-Related Concussion?","Does Neuromuscular Training Reduce the Risk of Lower-Extremity Musculoskeletal Injury in High School Female Athletes With a History of Sport-Related Concussion?.","10.1123/jsr.2023-0403","10.1123/jsr.2023-0403"
"SportDiscus","doi","100","within_second_search","","Predicting Soccer Players' Fitness Status Through a Machine-Learning Approach.","Predicting Soccer Players' Fitness Status Through a Machine-Learning Approach.","10.1123/ijspp.2023-0444","10.1123/ijspp.2023-0444"
"SportDiscus","doi","100","within_second_search","","Ozone Therapy for a Soccer Player With Osteitis Pubis: A Case Report.","Ozone Therapy for a Soccer Player With Osteitis Pubis: A Case Report.","10.1123/jsr.2023-0087","10.1123/jsr.2023-0087"
"SportDiscus","doi","100","within_second_search","","Predicting Injuries in Elite Female Football Players With Global-Positioning-System and Multiomics Data.","Predicting Injuries in Elite Female Football Players With Global-Positioning-System and Multiomics Data.","10.1123/ijspp.2023-0184","10.1123/ijspp.2023-0184"
"SportDiscus","doi","100","within_second_search","","Implementing a scoping review to explore sport officials' mental health.","Implementing a scoping review to explore sport officials' mental health.","10.3389/fspor.2024.1436149","10.3389/fspor.2024.1436149"
"SportDiscus","doi","100","within_second_search","","Reasons why selected young female and male football players drop out on their path to the elite senior level.","Reasons why selected young female and male football players drop out on their path to the elite senior level.","10.3389/fspor.2025.1703101","10.3389/fspor.2025.1703101"
"SportDiscus","doi","100","within_second_search","","Content Validity of a New Soccer (Football) Return-to-Play Test: The RONDO-TEST.","Content Validity of a New Soccer (Football) Return-to-Play Test: The RONDO-TEST.","10.3390/jfmk10010003","10.3390/jfmk10010003"
"SportDiscus","doi","100","within_second_search","","Changes in Hip Isometric Strength of Female College Soccer Players After High-Workload Training Session.","Changes in Hip Isometric Strength of Female College Soccer Players After High-Workload Training Session.","10.1123/jsr.2023-0327","10.1123/jsr.2023-0327"
"SportDiscus","doi","100","within_second_search","","A Change-Point Method to Detect Meaningful Change in Return-to-Sport Progression in Athletes.","A Change-Point Method to Detect Meaningful Change in Return-to-Sport Progression in Athletes.","10.1123/ijspp.2023-0178","10.1123/ijspp.2023-0178"
"SportDiscus","doi","100","within_second_search","","Critical Fluctuations as an Early Warning Signal of Sports Injuries? A Proof of Concept Using Football Monitoring Data.","Critical Fluctuations as an Early Warning Signal of Sports Injuries? A Proof of Concept Using Football Monitoring Data.","10.1186/s40798-024-00787-5","10.1186/s40798-024-00787-5"
"SportDiscus","doi","100","within_second_search","","Relationship Between Nordic Hamstring Strength and Single Leg Bridge Test in University Soccer Players.","Relationship Between Nordic Hamstring Strength and Single Leg Bridge Test in University Soccer Players.","10.1123/jsr.2022-0451","10.1123/jsr.2022-0451"
"SportDiscus","doi","100","within_second_search","","Feasibility and acceptability of a multi-component mental wellbeing program for young high-performance athletes in Australian Rules Football.","Feasibility and acceptability of a multi-component mental wellbeing program for young high-performance athletes in Australian Rules Football.","10.3389/fspor.2024.1470726","10.3389/fspor.2024.1470726"
"SportDiscus","doi","100","within_second_search","","Variables Associated With Knee Valgus in Male Professional Soccer Players During a Single-Leg Vertical Landing Task.","Variables Associated With Knee Valgus in Male Professional Soccer Players During a Single-Leg Vertical Landing Task.","10.1123/jab.2023-0067","10.1123/jab.2023-0067"
"SportDiscus","title_author_year","100","within_second_search","","МОНІТОРИНГ СПЕЦІАЛЬНОЇ ПРАЦЕЗДАТНОСТІ ЮНИХ ФУТБОЛІСТІВ ІРАКУ.","علاقة بعض المتغيرات البايوميكانيكية بالمدى الحركي لمفاصل الرجل الراكلة في مهارة التهديف بوجه القدم الداخلي للاعبات كرة الصالات.","10.28925/2664-2069.2026.18",""
"SportDiscus","doi","100","within_second_search","","Treating Dystonia in a Soccer Player Through an Integrated Rehabilitative Approach: A Case Report.","Treating Dystonia in a Soccer Player Through an Integrated Rehabilitative Approach: A Case Report.","10.1123/jsr.2023-0100","10.1123/jsr.2023-0100"
"SportDiscus","doi","100","within_second_search","","Mental Health in First- and Second-Division Soccer Players: A Cross-Sectional Study.","Mental Health in First- and Second-Division Soccer Players: A Cross-Sectional Study.","10.3390/sports12040106","10.3390/sports12040106"
"SportDiscus","doi","100","within_second_search","","Psychological risk factors for a first hamstring strain injury in soccer: a qualitative study.","Psychological risk factors for a first hamstring strain injury in soccer: a qualitative study.","10.3389/fspor.2024.1377045","10.3389/fspor.2024.1377045"
"SportDiscus","doi","100","within_second_search","","Social Support, Stress, and Mental Health: Examining the Stress-Buffering Hypothesis in Adolescent Football Athletes.","Social Support, Stress, and Mental Health: Examining the Stress-Buffering Hypothesis in Adolescent Football Athletes.","10.4085/1062-6050-0324.23","10.4085/1062-6050-0324.23"
"SportDiscus","doi","100","within_second_search","","A comparative video analysis of hamstring injuries mechanism and situational pattern in men's and women's football (soccer).","A comparative video analysis of hamstring injuries mechanism and situational pattern in men's and women's football (soccer).","10.1002/ksa.12313","10.1002/ksa.12313"
"SportDiscus","doi","100","within_second_search","","Evaluation of the impact of a 3-week specific-sport rehabilitation program on neuromotor control during single-leg countermovement-jump tests in professional soccer players with lower-limb injuries.","Evaluation of the impact of a 3-week specific-sport rehabilitation program on neuromotor control during single-leg countermovement-jump tests in professional soccer players with lower-limb injuries.","10.3389/fspor.2024.1448401","10.3389/fspor.2024.1448401"
"SportDiscus","doi","100","within_second_search","","Nonsurgical Management of Adductor-related groin pain with Ultrasound-Guided Platelet-Rich Plasma Injection and Physical Therapy in a Competitive Soccer Player: A Case Report.","Nonsurgical Management of Adductor-related groin pain with Ultrasound-Guided Platelet-Rich Plasma Injection and Physical Therapy in a Competitive Soccer Player: A Case Report.","10.26603/001c.120209","10.26603/001c.120209"
"SportDiscus","doi","100","within_second_search","","Predictors of Risk of Muscle Injury in Non-Professional Soccer Players: An Ambispective Cohort Study.","Predictors of Risk of Muscle Injury in Non-Professional Soccer Players: An Ambispective Cohort Study.","10.3390/sports12110314","10.3390/sports12110314"
"SportDiscus","doi","100","within_second_search","","Differences in isometric strength and sprinting speed of academy soccer players: a special interest in transition between the age groups and national team selected players.","Differences in isometric strength and sprinting speed of academy soccer players: a special interest in transition between the age groups and national team selected players.","10.3389/fspor.2025.1630522","10.3389/fspor.2025.1630522"
"SportDiscus","doi","100","within_second_search","","An exploratory qualitative study of the experiences of women in volunteer non-player roles in Australian community football clubs.","An exploratory qualitative study of the experiences of women in volunteer non-player roles in Australian community football clubs.","10.3389/fspor.2024.1448923","10.3389/fspor.2024.1448923"
"SportDiscus","doi","100","existing_extraction","S541","Epidemiology of Injury and Illness in North American Professional Men's Soccer: Comparing COVID-19 Lockdown With Previous Seasons.","Epidemiology of Injury and Illness in North American Professional Men's Soccer: Comparing COVID-19 Lockdown With Previous Seasons","10.1177/19417381241253227","10.1177/19417381241253227"
"SportDiscus","doi","100","within_second_search","","The principles of tactical formation identification in association football (soccer) — a survey.","The principles of tactical formation identification in association football (soccer) - a survey.","10.3389/fspor.2024.1512386","10.3389/fspor.2024.1512386"
"SportDiscus","doi","100","within_second_search","","Analysis of mental and physical fatigue over the course of a professional English Premier League season in outfield players.","Analysis of mental and physical fatigue over the course of a professional English Premier League season in outfield players.","10.5114/biolsport.2024.133001","10.5114/biolsport.2024.133001"
"SportDiscus","doi","100","within_second_search","","Psychosocial Factors Associated With Lower Extremity Reinjury Risk in Soccer Players: Contribution of Self-Confidence and Reinjury Anxiety.","Psychosocial Factors Associated With Lower Extremity Reinjury Risk in Soccer Players: Contribution of Self-Confidence and Reinjury Anxiety.","10.4085/1062-6050-0434.23","10.4085/1062-6050-0434.23"
"SportDiscus","title_author_year","100","within_second_search","","生态系统视角下我国校园足球发展有效治理探索.","آیا نشاانرهاای مهتبط با بار داخ لی و خارجی تمهین و مساابه یک عامل خطه آسایب بهای بازیکنان فوتبال است؟ یک مطالع در لیگ بهته خ لیجفارس","10.16099/j.sus.2024.03.11.0003",""
"SportDiscus","doi","100","within_second_search","","Don't forget to mind the mind: a prospective cohort study over 12 months on mental health symptoms in active professional male footballers.","Don't forget to mind the mind: a prospective cohort study over 12 months on mental health symptoms in active professional male footballers.","10.1186/s13102-024-01005-1","10.1186/s13102-024-01005-1"
"SportDiscus","doi","100","within_second_search","","Analyzing exercise-to-rest ratios in U19 American football European championship: implications for team success and injury prevention.","Analyzing exercise-to-rest ratios in U19 American football European championship: implications for team success and injury prevention.","10.3389/fspor.2024.1466118","10.3389/fspor.2024.1466118"
"SportDiscus","doi","100","within_second_search","","Effects of Powerchair Football: Contextual Factors That Impact Participation.","Effects of Powerchair Football: Contextual Factors That Impact Participation.","10.1123/apaq.2022-0124","10.1123/apaq.2022-0124"
"SportDiscus","title_author_year","100","within_second_search","","مقایسه اثر مدل آموزش بازی برای فهمیدن و آموزش سنتی بر عملکرد بازی فوتسال برخی فاکتورهای آمادگی جسمانی و سطح فعالیت بدنی دانش آموزان چاق.","آیا نشاانرهاای مهتبط با بار داخ لی و خارجی تمهین و مساابه یک عامل خطه آسایب بهای بازیکنان فوتبال است؟ یک مطالع در لیگ بهته خ لیجفارس","10.22059/jsmdl.2024.378462.1787",""
"SportDiscus","doi","100","within_second_search","","Epidemiology of Non-Contact Muscle Injuries in the Italian Male Elite Under-19 Football (Soccer) Championship.","Epidemiology of Non-Contact Muscle Injuries in the Italian Male Elite Under-19 Football (Soccer) Championship.","10.1186/s40798-024-00738-0","10.1186/s40798-024-00738-0"
"SportDiscus","doi","100","within_second_search","","Neurocognitive & Ecological Motor Learning Considerations for the 11+ ACL Injury Prevention Program: A Commentary.","Neurocognitive & Ecological Motor Learning Considerations for the 11+ ACL Injury Prevention Program: A Commentary.","10.26603/001c.123956","10.26603/001c.123956"
"SportDiscus","doi","100","within_second_search","","Hamstrings on focus: Are 72 hours sufficient for recovery after a football (soccer) match? A multidisciplinary approach based on hamstring injury risk factors and histology.","Hamstrings on focus: Are 72 hours sufficient for recovery after a football (soccer) match? A multidisciplinary approach based on hamstring injury risk factors and histology.","10.1080/02640414.2024.2386209","10.1080/02640414.2024.2386209"
"SportDiscus","doi","100","within_second_search","","Cerebral Haemodynamic Assessment Following Sport-related Concussion (Mild Traumatic Brain Injury) in Youth and Amateur Rugby Union Players.","Cerebral Haemodynamic Assessment Following Sport-related Concussion (Mild Traumatic Brain Injury) in Youth and Amateur Rugby Union Players.","10.1186/s40798-025-00849-2","10.1186/s40798-025-00849-2"
"SportDiscus","doi","100","within_second_search","","The team behind the team: prevalence and correlates of mental health problems among professional football team medical and allied staff?","The team behind the team: prevalence and correlates of mental health problems among professional football team medical and allied staff?.","10.1080/15438627.2023.2216827","10.1080/15438627.2023.2216827"
"SportDiscus","doi","100","within_second_search","","Achilles Tendon Pain in Male Professional Football Players - A Prospective Five-Season Study of 88 Injuries from the UEFA Elite Club Injury Study.","Achilles Tendon Pain in Male Professional Football Players - A Prospective Five-Season Study of 88 Injuries from the UEFA Elite Club Injury Study.","10.2147/oajsm.s493843","10.2147/oajsm.s493843"
"SportDiscus","doi","100","within_second_search","","Testing in Football: A Narrative Review.","Testing in Football: A Narrative Review.","10.3390/sports12110307","10.3390/sports12110307"
"SportDiscus","doi","100","within_second_search","","Return to Play Assessment After Lateral Ankle Sprains -- German Male Elite Youth Football (Soccer) Academy Baseline Data.","Return to Play Assessment After Lateral Ankle Sprains - German Male Elite Youth Football (Soccer) Academy Baseline Data.","10.26603/001c.120201","10.26603/001c.120201"
"SportDiscus","doi","100","within_second_search","","A Rehabilitation Algorithm After Lateral Ankle Sprains in Professional Football (Soccer): An Approach Based on Clinical Practice Guidelines.","A Rehabilitation Algorithm After Lateral Ankle Sprains in Professional Football (Soccer): An Approach Based on Clinical Practice Guidelines.","10.26603/001c.120205","10.26603/001c.120205"
"SportDiscus","doi","100","within_second_search","","Groin injuries in women's premier league football in Norway: A two‐season prospective cohort study describing clinical and imaging characteristics.","Groin injuries in women's premier league football in Norway: A two-season prospective cohort study describing clinical and imaging characteristics.","10.1111/sms.14611","10.1111/sms.14611"
"SportDiscus","doi","100","within_second_search","","Injuries in Female Futsal Players: A Systematic Review.","Injuries in Female Futsal Players: A Systematic Review.","10.3390/sports12110311","10.3390/sports12110311"
"SportDiscus","doi","94","within_second_search","","Kinematics of 90° change of direction in young football players: Insights for ACL injury prevention from the CUTtheACL study on 6008 trials.","Kinematics of 90degree change of direction in young football players: Insights for ACL injury prevention from the CUTtheACL study on 6008 trials.","10.1002/ksa.12230","10.1002/ksa.12230"
"SportDiscus","doi","100","within_second_search","","Interpersonal Coordination between Female Soccer Players: Leader-Follower Roles within a Collision-Avoidance Task.","Interpersonal Coordination between Female Soccer Players: Leader-Follower Roles within a Collision-Avoidance Task.","10.26603/001c.116156","10.26603/001c.116156"
"SportDiscus","doi","100","within_second_search","","Physical and Muscular Performance in a Professional Soccer Player with a Posterior Cruciate Ligament Injury Following an Isokinetic Exercise Program: A Case Report.","Physical and Muscular Performance in a Professional Soccer Player with a Posterior Cruciate Ligament Injury Following an Isokinetic Exercise Program: A Case Report.","10.26603/001c.123471","10.26603/001c.123471"
"SportDiscus","doi","100","within_second_search","","Are sprint accelerations related to groin injuries? A biomechanical analysis of adolescent soccer players.","Are sprint accelerations related to groin injuries? A biomechanical analysis of adolescent soccer players.","10.1080/14763141.2022.2133740","10.1080/14763141.2022.2133740"
"SportDiscus","doi","100","within_second_search","","Quality of Life in Youth Soccer Players After Mild Traumatic Brain Injury.","Quality of Life in Youth Soccer Players After Mild Traumatic Brain Injury.","10.4085/1062-6050-0011.23","10.4085/1062-6050-0011.23"
"SportDiscus","doi","100","within_second_search","","A Bibliometric Study on the Evolution of Women's Football and Determinants Behind Its Growth over the Last 30 Years.","A Bibliometric Study on the Evolution of Women's Football and Determinants Behind Its Growth over the Last 30 Years.","10.3390/sports12120333","10.3390/sports12120333"
"SportDiscus","doi","100","within_second_search","","Seasonal Comparison of Pre-Adolescent Soccer Players' Physical Performance Using an Objective Physical Test Battery.","Seasonal Comparison of Pre-Adolescent Soccer Players' Physical Performance Using an Objective Physical Test Battery.","10.3390/jfmk9030166","10.3390/jfmk9030166"
"SportDiscus","doi","100","within_second_search","","Comparison of Vertical Jump Force–Time Metrics Between ACL-Injured and Healthy Semi-Professional Male and Female Soccer Players.","Comparison of Vertical Jump Force-Time Metrics Between ACL-Injured and Healthy Semi-Professional Male and Female Soccer Players.","10.3390/sports12120339","10.3390/sports12120339"
"SportDiscus","doi","100","within_second_search","","Higher Eccentric Hamstring Muscle Fatigue After Participation in a Soccer Match in Young Female Athletes.","Higher Eccentric Hamstring Muscle Fatigue After Participation in a Soccer Match in Young Female Athletes.","10.1177/19417381241230613","10.1177/19417381241230613"
"SportDiscus","doi","100","within_second_search","","Effects of dominance and vision on unipedal balance tests in futsal players using a triaxial accelerometer.","Effects of dominance and vision on unipedal balance tests in futsal players using a triaxial accelerometer.","10.1080/14763141.2024.2301987","10.1080/14763141.2024.2301987"
"SportDiscus","doi","100","within_second_search","","Shoulder dislocations in professional male football (soccer): A retrospective epidemiological analysis of the German Bundesliga from season 2012/2013 until 2022/2023.","Shoulder dislocations in professional male football (soccer): A retrospective epidemiological analysis of the German Bundesliga from season 2012/2013 until 2022/2023.","10.1002/ksa.12199","10.1002/ksa.12199"
"SportDiscus","doi","100","within_second_search","","Match Injury Incidence for a New Zealand Amateur Domestic Female Soccer Team over Two Consecutive Seasons.","Match Injury Incidence for a New Zealand Amateur Domestic Female Soccer Team over Two Consecutive Seasons.","10.3390/sports12080216","10.3390/sports12080216"
"SportDiscus","doi","100","within_second_search","","Correlation of Player and Imaging Characteristics With Severity and Missed Time in National Football League Professional Athletes With Hamstring Strain Injury: A Retrospective Review.","Correlation of Player and Imaging Characteristics With Severity and Missed Time in National Football League Professional Athletes With Hamstring Strain Injury: A Retrospective Review.","10.1177/03635465241270281","10.1177/03635465241270281"
"SportDiscus","doi","100","within_second_search","","Insights into breast health issues in women's rugby.","Insights into breast health issues in women's rugby.","10.1002/ejsc.12128","10.1002/ejsc.12128"
"SportDiscus","doi","100","within_second_search","","The Effect of Strength and Balance Training on Kinesiophobia, Ankle Instability, Function, and Performance in Elite Adolescent Soccer Players with Functional Ankle Instability: A Prospective Cluster Randomized Controlled Trial.","The Effect of Strength and Balance Training on Kinesiophobia, Ankle Instability, Function, and Performance in Elite Adolescent Soccer Players with Functional Ankle Instability: A Prospective Cluster Randomized Controlled Trial.","10.52082/jssm.2024.593","10.52082/jssm.2024.593"
"SportDiscus","title_author_year","100","within_second_search","","اثر یک دوره تمرینات عصب یعضلانی بر تعادل ایستا، پویا و مکانیک پر شفرود در مردان فوتبالیست با ریسک بالای آسیب رباط صلیبی قدامی","آیا نشاانرهاای مهتبط با بار داخ لی و خارجی تمهین و مساابه یک عامل خطه آسایب بهای بازیکنان فوتبال است؟ یک مطالع در لیگ بهته خ لیجفارس","10.32598/sjrm.13.6.3298",""
"SportDiscus","doi","100","within_second_search","","The Impact of Match Workload and International Travel on Injuries in Professional Men's Football.","The Impact of Match Workload and International Travel on Injuries in Professional Men's Football.","10.3390/sports12080212","10.3390/sports12080212"
"SportDiscus","doi","100","within_second_search","","Effects of an 8-week pre-season targeted training on sprinting performance, agility and lower limb muscular asymmetries in elite soccer players.","Effects of an 8-week pre-season targeted training on sprinting performance, agility and lower limb muscular asymmetries in elite soccer players.","10.5114/biolsport.2024.134754","10.5114/biolsport.2024.134754"
"SportDiscus","doi","100","within_second_search","","Mechanisms of Injury Leading to Concussions in Collegiate Soccer Players: A CARE Consortium Study.","Mechanisms of Injury Leading to Concussions in Collegiate Soccer Players: A CARE Consortium Study.","10.1177/03635465241240789","10.1177/03635465241240789"
"SportDiscus","doi","100","within_second_search","","Does Playing Football (Soccer) Really Increase the Risk of Knee Osteoarthritis? A Systematic Review and Meta-analysis.","Does Playing Football (Soccer) Really Increase the Risk of Knee Osteoarthritis? A Systematic Review and Meta-analysis.","10.2519/jospt.2024.12029","10.2519/jospt.2024.12029"
"SportDiscus","doi","100","existing_extraction","S421","Exploring the true burden of a time-loss injury: full vs partial time-loss in elite academy football (soccer).","Exploring the true burden of a time-loss injury: full vs partial time-loss in elite academy football (soccer)","10.1080/24733938.2022.2156587","10.1080/24733938.2022.2156587"
"SportDiscus","doi","100","within_second_search","","If You Want to Prevent Hamstring Injuries in Soccer, Run Fast: A Narrative Review about Practical Considerations of Sprint Training.","If You Want to Prevent Hamstring Injuries in Soccer, Run Fast: A Narrative Review about Practical Considerations of Sprint Training.","10.3390/sports12050134","10.3390/sports12050134"
"SportDiscus","doi","100","existing_extraction","S472","What do we know about beach soccer injuries? Systematic video analysis of four consecutive years with 580 match injuries.","What do we know about beach soccer injuries? Systematic video analysis of four consecutive years with 580 match injuries","10.1080/15438627.2024.2324257","10.1080/15438627.2024.2324257"
"SportDiscus","doi","100","within_second_search","","Potential financial loss and risk factors for hamstring muscle injuries in elite male Brazilian soccer players: a season-long prospective cohort pilot study.","Potential financial loss and risk factors for hamstring muscle injuries in elite male Brazilian soccer players: a season-long prospective cohort pilot study.","10.3389/fspor.2024.1360452","10.3389/fspor.2024.1360452"
"SportDiscus","doi","100","existing_extraction","S471","Well-being fluctuations and injuries during an entire season in male professional soccer players: an observational study.","Well-being fluctuations and injuries during an entire season in male professional soccer players: an observational study","10.1080/15438627.2024.2330959","10.1080/15438627.2024.2330959"
"SportDiscus","doi","87","existing_extraction","S506","The impact of a mid-season FIFA World Cup™ on injury occurrence and patterns in French professional soccer clubs.","The impact of a mid-season FIFA World Cup TM on injury occurrence and patterns in French professional soccer clubs.","10.1080/15438627.2024.2326517","10.1080/15438627.2024.2326517"
"SportDiscus","doi","100","within_second_search","","Potential financial loss and risk factors for hamstring muscle injuries in elite male Brazilian soccer players: a season-long prospective cohort pilot study.","Potential financial loss and risk factors for hamstring muscle injuries in elite male Brazilian soccer players: a season-long prospective cohort pilot study.","10.3389/fspor.2024.1360452","10.3389/fspor.2024.1360452"
"SportDiscus","doi","100","within_second_search","","Intrinsic Risk Factors for Noncontact Anterior Cruciate Ligament Injury in Young Female Soccer Players: A Prospective Cohort Study.","Intrinsic Risk Factors for Noncontact Anterior Cruciate Ligament Injury in Young Female Soccer Players: A Prospective Cohort Study.","10.1177/03635465241278745","10.1177/03635465241278745"
"SportDiscus","doi","100","within_second_search","","Effects of In-Season Strength Training on Physical Fitness and Injury Prevention in North African Elite Young Female Soccer Players.","Effects of In-Season Strength Training on Physical Fitness and Injury Prevention in North African Elite Young Female Soccer Players.","10.1186/s40798-024-00762-0","10.1186/s40798-024-00762-0"
"SportDiscus","doi","100","within_second_search","","Characterizing Muscle Activity in Soccer Players with a History of Hamstring Strain Injuries during Accelerated Sprinting.","Characterizing Muscle Activity in Soccer Players with a History of Hamstring Strain Injuries during Accelerated Sprinting.","10.52082/jssm.2024.656","10.52082/jssm.2024.656"
"SportDiscus","doi","100","within_second_search","","Enhancing Sports Injury Risk Assessment in Soccer Through Machine Learning and Training Load Analysis.","Enhancing Sports Injury Risk Assessment in Soccer Through Machine Learning and Training Load Analysis.","10.52082/jssm.2024.537","10.52082/jssm.2024.537"
"SportDiscus","doi","100","within_second_search","","Has Sustained Time Away From Sports Due to the COVID-19 Pandemic Led to Increased Sport-Related Soft Tissue Injuries?","Has Sustained Time Away From Sports Due to the COVID-19 Pandemic Led to Increased Sport-Related Soft Tissue Injuries?.","10.1177/19417381231198541","10.1177/19417381231198541"
"SportDiscus","doi","100","within_second_search","","Injury and Treatment Characteristics of Middle School-Aged Patients Under the Care of Athletic Trainers From 2010 to 2022: A Report From the Athletic Training Practice-Based Research Network.","Injury and Treatment Characteristics of Middle School-Aged Patients Under the Care of Athletic Trainers From 2010 to 2022: A Report From the Athletic Training Practice-Based Research Network.","10.4085/1062-6050-0359.23","10.4085/1062-6050-0359.23"
"SportDiscus","doi","100","within_second_search","","Relationship between external and internal load indicators and injury using machine learning in professional soccer: a systematic review and meta-analysis.","Relationship between external and internal load indicators and injury using machine learning in professional soccer: a systematic review and meta-analysis.","10.1080/15438627.2023.2297190","10.1080/15438627.2023.2297190"
"SportDiscus","title_author_year","100","within_second_search","","تأثير برنامج تأهيلي على التهاب مفصل الركبة لدى لاعبات كرة قدم الصالات بالمملكة العربية السعودية.","آیا نشاانرهاای مهتبط با بار داخ لی و خارجی تمهین و مساابه یک عامل خطه آسایب بهای بازیکنان فوتبال است؟ یک مطالع در لیگ بهته خ لیجفارس","",""
"SportDiscus","doi","100","within_second_search","","Neurocognitive Errors and Noncontact Anterior Cruciate Ligament Injuries in Professional Male Soccer Players.","Neurocognitive Errors and Noncontact Anterior Cruciate Ligament Injuries in Professional Male Soccer Players.","10.4085/1062-6050-0209.22","10.4085/1062-6050-0209.22"
"SportDiscus","title_author_year","100","within_second_search","","اثرات شرایط مختلف تمرکز توجه بر عملکرد چابکی بازیکنان ماهر فوتسال.","آیا نشاانرهاای مهتبط با بار داخ لی و خارجی تمهین و مساابه یک عامل خطه آسایب بهای بازیکنان فوتبال است؟ یک مطالع در لیگ بهته خ لیجفارس","",""
"SportDiscus","title_author_year","100","within_second_search","","ФУНКЦІОНАЛЬНА ПІДГОТОВЛЕНІСТЬ ЮНИХ ФУТБОЛІСТІВ РІЗНИХ АМПЛУА НА ЕТАПІ ПОПЕРЕДНЬОЇ БАЗОВОЇ ПІДГОТОВКИ.","آیا نشاانرهاای مهتبط با بار داخ لی و خارجی تمهین و مساابه یک عامل خطه آسایب بهای بازیکنان فوتبال است؟ یک مطالع در لیگ بهته خ لیجفارس","10.28925/2664-2069.2025.212",""
"SportDiscus","title_author_year","100","within_second_search","","我国足球后备人才多元培养体系协同的内在机理与优化 路径.","آیا نشاانرهاای مهتبط با بار داخ لی و خارجی تمهین و مساابه یک عامل خطه آسایب بهای بازیکنان فوتبال است؟ یک مطالع در لیگ بهته خ لیجفارس","10.16099/j.sus.2023.12.07.0003",""
"SportDiscus","doi","100","within_second_search","","Association Between Total Genotype Score and Muscle Injuries in Top-Level Football Players: a Pilot Study.","Association Between Total Genotype Score and Muscle Injuries in Top-Level Football Players: a Pilot Study.","10.1186/s40798-024-00682-z","10.1186/s40798-024-00682-z"
"SportDiscus","doi","100","within_second_search","","Paraspinal Muscle Stiffness during Hamstring Exercise Using Shear-Wave Elastography.","Paraspinal Muscle Stiffness during Hamstring Exercise Using Shear-Wave Elastography.","10.3390/sports12080199","10.3390/sports12080199"
"SportDiscus","doi","100","within_second_search","","Patellofemoral Disorders in Soccer Players.","Patellofemoral Disorders in Soccer Players.","10.1097/jsa.0000000000000390","10.1097/jsa.0000000000000390"
"SportDiscus","doi","100","within_second_search","","Exploring the impact of athletic identity on gender role conflict and athlete injury fear avoidance in male English professional academy football players.","Exploring the impact of athletic identity on gender role conflict and athlete injury fear avoidance in male English professional academy football players.","10.1080/24733938.2023.2224293","10.1080/24733938.2023.2224293"
"SportDiscus","doi","100","within_second_search","","Differences in Short-Term Sport-Specific Functional Recovery After Primary ACL Reconstruction in the Adolescent Athlete.","Differences in Short-Term Sport-Specific Functional Recovery After Primary ACL Reconstruction in the Adolescent Athlete.","10.1177/19417381231156395","10.1177/19417381231156395"
"SportDiscus","doi","100","within_second_search","","Assessing Lower-Extremity Visuo-Motor Reaction Time in Young Male Soccer Players: Test-Retest Reliability and Minimum Detectable Change of the Brain Pro System.","Assessing Lower-Extremity Visuo-Motor Reaction Time in Young Male Soccer Players: Test-Retest Reliability and Minimum Detectable Change of the Brain Pro System.","10.1177/00315125241248306","10.1177/00315125241248306"
"SportDiscus","doi","100","within_second_search","","Potential Effects of Soccer Ball Characteristics on Ball-to-Head Contact: A Systematic Review.","Potential Effects of Soccer Ball Characteristics on Ball-to-Head Contact: A Systematic Review.","10.3390/jfmk9040210","10.3390/jfmk9040210"
"SportDiscus","doi","100","within_second_search","","Elite Soccer Players' Weekly Workload Assessment Through a New Training Load and Performance Score.","Elite Soccer Players' Weekly Workload Assessment Through a New Training Load and Performance Score.","10.1080/02701367.2024.2358956","10.1080/02701367.2024.2358956"
"SportDiscus","doi","100","within_second_search","","Characterization of the External Load of Soccer Goalkeepers Depending on the Category and Sports Context.","Characterization of the External Load of Soccer Goalkeepers Depending on the Category and Sports Context.","10.3390/sports12120318","10.3390/sports12120318"
"SportDiscus","doi","100","within_second_search","","Recovery from sport-induced muscle damage in relation to match-intervals in major events.","Recovery from sport-induced muscle damage in relation to match-intervals in major events.","10.3389/fspor.2024.1422986","10.3389/fspor.2024.1422986"
"SportDiscus","doi","100","within_second_search","","Biomechanical Load Quantification Using a Lower Extremity Inertial Sensor Setup During Football Specific Activities.","Biomechanical Load Quantification Using a Lower Extremity Inertial Sensor Setup During Football Specific Activities.","10.1080/14763141.2022.2051596","10.1080/14763141.2022.2051596"
"SportDiscus","doi","100","within_second_search","","Prediction of talent selection in elite male youth soccer across 7 seasons: A machine-learning approach.","Prediction of talent selection in elite male youth soccer across 7 seasons: A machine-learning approach.","10.1080/02640414.2024.2442850","10.1080/02640414.2024.2442850"
"SportDiscus","doi","100","within_second_search","","Match workload and international travel associated with (ACL) injuries in professional women's football.","Match workload and international travel associated with (ACL) injuries in professional women's football.","10.1002/ejsc.12193","10.1002/ejsc.12193"
"SportDiscus","doi","100","existing_extraction","S394","An injury burden heat map of all men's and women's teams of a professional football club over a decade.","An injury burden heat map of all men's and women's teams of a professional football club over a decade.","10.1080/15438627.2023.2228959","10.1080/15438627.2023.2228959"
"SportDiscus","doi","100","within_second_search","","Reduced Match Exposure in the Previous 2 Matches Accounts for Hamstring Muscle Injury Incidence in Professional Football Players.","Reduced Match Exposure in the Previous 2 Matches Accounts for Hamstring Muscle Injury Incidence in Professional Football Players.","10.1177/19417381231158117","10.1177/19417381231158117"
"SportDiscus","doi","100","within_second_search","","The Quality of Life of Former Portuguese Football Players.","The Quality of Life of Former Portuguese Football Players.","10.3390/sports12080200","10.3390/sports12080200"
"SportDiscus","doi","100","within_second_search","","Post-game recovery of isometric hamstring strength in a high-risk hamstring strain injury group throughout an Australian Football League season.","Post-game recovery of isometric hamstring strength in a high-risk hamstring strain injury group throughout an Australian Football League season.","10.1080/24733938.2022.2159061","10.1080/24733938.2022.2159061"
"SportDiscus","doi","100","within_second_search","","The use of saliva and blood progesterone to profile the menstrual cycles of youth professional football players.","The use of saliva and blood progesterone to profile the menstrual cycles of youth professional football players.","10.3389/fspor.2024.1430158","10.3389/fspor.2024.1430158"
"SportDiscus","title_author_year","100","within_second_search","","ویژگیهای شخصیتی و مهارتهای روانی در ورزشکاران رشته های فوتبال و وزنه برداری و پرورش اندام.","تاثیر کینزیوتیپ بر حس عمقی و مکانیک فرود فوتبالیستهای با ریسک بالای آسیب رباط صلیبی قدامی یک مطالعه تصادفی شده کنترل دار.","10.48308/mbsp.2024.232114.1210",""
"SportDiscus","doi","100","within_second_search","","Effects of a Preseason Neuromuscular Training Program vs. an Endurance-Dominated Program on Physical Fitness and Injury Prevention in Female Soccer Players.","Effects of a Preseason Neuromuscular Training Program vs. an Endurance-Dominated Program on Physical Fitness and Injury Prevention in Female Soccer Players.","10.1186/s40798-024-00731-7","10.1186/s40798-024-00731-7"
"SportDiscus","doi","100","within_second_search","","3-Dimensional Biomechanics of Noncontact Anterior Cruciate Ligament Injuries in Male Professional Soccer Players.","3-Dimensional Biomechanics of Noncontact Anterior Cruciate Ligament Injuries in Male Professional Soccer Players.","10.1177/03635465241248071","10.1177/03635465241248071"
"SportDiscus","doi","100","within_second_search","","Hip adduction and abduction strength in different test positions and their relationship to previous groin injuries in women footballers.","Hip adduction and abduction strength in different test positions and their relationship to previous groin injuries in women footballers.","10.1080/15438627.2024.2368898","10.1080/15438627.2024.2368898"
"SportDiscus","doi","100","within_second_search","","'Benched' the effect of the COVID-19 lockdown on injury incidence in sub-elite football in Australia: a retrospective population study using injury insurance records.","'Benched' the effect of the COVID-19 lockdown on injury incidence in sub-elite football in Australia: a retrospective population study using injury insurance records.","10.1080/24733938.2022.2143551","10.1080/24733938.2022.2143551"
"SportDiscus","doi","100","within_second_search","","Clinical Features and Therapeutic Process of Sacral Fatigue Fractures in Adolescents.","Clinical Features and Therapeutic Process of Sacral Fatigue Fractures in Adolescents.","10.1177/03635465241251848","10.1177/03635465241251848"
"SportDiscus","doi","100","within_second_search","","Tri-axial loading response to anti-gravity running highlights movement strategy compensations during knee injury rehabilitation of a professional soccer player.","Tri-axial loading response to anti-gravity running highlights movement strategy compensations during knee injury rehabilitation of a professional soccer player.","10.1080/15438627.2023.2216824","10.1080/15438627.2023.2216824"
"SportDiscus","doi","100","within_second_search","","Knowledge and awareness of anterior cruciate ligament injury among Turkish professional athletes: an online survey.","Knowledge and awareness of anterior cruciate ligament injury among Turkish professional athletes: an online survey.","10.1080/15438627.2023.2252128","10.1080/15438627.2023.2252128"
"SportDiscus","doi","100","within_second_search","","Differences in Overuse Injuries in Gender-Comparable Sports: A Nationally Representative Sample of High School Athletes.","Differences in Overuse Injuries in Gender-Comparable Sports: A Nationally Representative Sample of High School Athletes.","10.4085/1062-6050-0040.23","10.4085/1062-6050-0040.23"
"SportDiscus","doi","100","within_second_search","","Forecasting Ukraine's UEFA Ranking in a Crisis Context: Regression Analysis to 2030.","Forecasting Ukraine's UEFA Ranking in a Crisis Context: Regression Analysis to 2030.","10.15391/snsv.2025-4s.09","10.15391/snsv.2025-4s.09"
"SportDiscus","doi","100","within_second_search","","A Comment on González et al: Predicting Injuries in Elite Female Football Players With Global-Positioning-System and Multiomics Data.","A Comment on Gonzalez et al: Predicting Injuries in Elite Female Football Players With Global-Positioning-System and Multiomics Data.","10.1123/ijspp.2024-0246","10.1123/ijspp.2024-0246"
"SportDiscus","title_author_year","100","within_second_search","","保存的治療における成長期 スポーツ選手の骨盤裂離骨折の特徴.","آیا نشاانرهاای مهتبط با بار داخ لی و خارجی تمهین و مساابه یک عامل خطه آسایب بهای بازیکنان فوتبال است؟ یک مطالع در لیگ بهته خ لیجفارس","",""
"SportDiscus","doi","100","within_second_search","","Weekly Programming of Hamstring-Related Training Contents in European Professional Soccer.","Weekly Programming of Hamstring-Related Training Contents in European Professional Soccer.","10.3390/sports12030073","10.3390/sports12030073"
"SportDiscus","doi","100","within_second_search","","The Impact of Heat Exposure on the Health and Performance of Soccer Players: A Narrative Review and Bibliometric Analysis.","The Impact of Heat Exposure on the Health and Performance of Soccer Players: A Narrative Review and Bibliometric Analysis.","10.3390/sports12090249","10.3390/sports12090249"
"SportDiscus","doi","100","within_second_search","","Response to Lolli: Predicting Injuries in Elite Female Football Players With Global-Positioning-System and Multiomics Data.","Response to Lolli: Predicting Injuries in Elite Female Football Players With Global-Positioning-System and Multiomics Data.","10.1123/ijspp.2024-0308","10.1123/ijspp.2024-0308"
"SportDiscus","doi","100","within_second_search","","Knee and Hip Muscle Strength of Male Soccer Players from Different Competitive Levels.","Knee and Hip Muscle Strength of Male Soccer Players from Different Competitive Levels.","10.5114/jhk/185217","10.5114/jhk/185217"
"SportDiscus","doi","100","within_second_search","","Association of VDR Polymorphisms with Muscle Mass Development in Elite Young Soccer Players: A Pilot Study.","Association of VDR Polymorphisms with Muscle Mass Development in Elite Young Soccer Players: A Pilot Study.","10.3390/sports12090253","10.3390/sports12090253"
"SportDiscus","doi","100","within_second_search","","Acceleration profile of high-impact movements during young football games: a cross-sectional study involving healthy children.","Acceleration profile of high-impact movements during young football games: a cross-sectional study involving healthy children.","10.1080/14763141.2021.1970796","10.1080/14763141.2021.1970796"
"SportDiscus","doi","100","within_second_search","","Survey of the current practices of German football academies towards biological maturation assessment.","Survey of the current practices of German football academies towards biological maturation assessment.","10.1080/24733938.2023.2270563","10.1080/24733938.2023.2270563"
"SportDiscus","doi","100","within_second_search","","Balancing the load: A narrative review with methodological implications of compensatory training strategies for non-starting soccer players.","Balancing the load: A narrative review with methodological implications of compensatory training strategies for non-starting soccer players.","10.5114/biolsport.2024.139071","10.5114/biolsport.2024.139071"
"SportDiscus","doi","100","within_second_search","","Towards an understanding of maltreatment in football.","Towards an understanding of maltreatment in football.","10.3389/fspor.2024.1350317","10.3389/fspor.2024.1350317"
"SportDiscus","doi","100","within_second_search","","Long-term Outcomes of Multiligament Knee Injuries in American Football Players.","Long-term Outcomes of Multiligament Knee Injuries in American Football Players.","10.1177/03635465241252440","10.1177/03635465241252440"
"SportDiscus","doi","100","within_second_search","","Injury Prevention Training in Girls' and Women's Elite Football in Denmark: A Survey of Practices and Perceptions.","Injury Prevention Training in Girls' and Women's Elite Football in Denmark: A Survey of Practices and Perceptions.","10.1111/sms.14696","10.1111/sms.14696"
"SportDiscus","doi","100","within_second_search","","Injury incidence and characteristics in adolescent female football players: A systematic review with meta-analysis of prospective studies.","Injury incidence and characteristics in adolescent female football players: A systematic review with meta-analysis of prospective studies.","10.5114/biolsport.2024.132996","10.5114/biolsport.2024.132996"
"SportDiscus","doi","100","within_second_search","","The Influence of Including Goalkeepers on the Intensity Demands of Walking Football Practice.","The Influence of Including Goalkeepers on the Intensity Demands of Walking Football Practice.","10.3390/sports12120346","10.3390/sports12120346"
"SportDiscus","doi","100","existing_extraction","S409","Muscle injury characteristics and incidence rates in men's amateur soccer: A one season prospective study.","Muscle injury characteristics and incidence rates in men's amateur soccer: A one season prospective study.","10.1080/15438627.2022.2122827","10.1080/15438627.2022.2122827"
"SportDiscus","title_author_year","100","within_second_search","","طراحی مدل چگونگی تبدیل حامیان مالی به شرکای مالی در لیگ برتر فوتبال ایران یک نظریه داده بنیاد.","آیا نشاانرهاای مهتبط با بار داخ لی و خارجی تمهین و مساابه یک عامل خطه آسایب بهای بازیکنان فوتبال است؟ یک مطالع در لیگ بهته خ لیجفارس","10.22059/jsm.2023.366967.3214",""
"SportDiscus","doi","100","within_second_search","","Knee Biomechanics During Cutting Maneuvers and Secondary ACL Injury Risk: A Prospective Cohort Study of Knee Biomechanics in 756 Female Elite Handball and Soccer Players.","Knee Biomechanics During Cutting Maneuvers and Secondary ACL Injury Risk: A Prospective Cohort Study of Knee Biomechanics in 756 Female Elite Handball and Soccer Players.","10.1177/03635465241234255","10.1177/03635465241234255"
"SportDiscus","doi","100","within_second_search","","The associations of transformational leadership and team cohesion on the psychological health of young football players through basic psychological needs.","The associations of transformational leadership and team cohesion on the psychological health of young football players through basic psychological needs.","10.1080/24733938.2023.2194287","10.1080/24733938.2023.2194287"
"SportDiscus","doi","100","within_second_search","","Return to Soccer After Acute Anterior Cruciate Ligament Primary Repair: A 2-Year Minimum Follow-up Study of 50 Amateur Players.","Return to Soccer After Acute Anterior Cruciate Ligament Primary Repair: A 2-Year Minimum Follow-up Study of 50 Amateur Players.","10.1177/03635465241256099","10.1177/03635465241256099"
"SportDiscus","doi","100","within_second_search","","Does Headgear Prevent Sport-Related Concussion? A Systematic Review and Meta-Analysis of Randomized Controlled Trials Including 6311 Players and 173,383 Exposure Hours.","Does Headgear Prevent Sport-Related Concussion? A Systematic Review and Meta-Analysis of Randomized Controlled Trials Including 6311 Players and 173,383 Exposure Hours.","10.1177/19417381231174461","10.1177/19417381231174461"
"SportDiscus","doi","100","within_second_search","","Career Length After Surgically Treated ACL Plus Collateral Ligament Injury in Elite Athletes.","Career Length After Surgically Treated ACL Plus Collateral Ligament Injury in Elite Athletes.","10.1177/03635465241262440","10.1177/03635465241262440"
"SportDiscus","doi","100","within_second_search","","Thoracolumbar Fascia and Lumbar Muscle Stiffness in Athletes with A History of Hamstring Injury.","Thoracolumbar Fascia and Lumbar Muscle Stiffness in Athletes with A History of Hamstring Injury.","10.52082/jssm.2024.436","10.52082/jssm.2024.436"
"SportDiscus","doi","100","within_second_search","","Comparison of Inter-Rater and Intra-Rater Reliability of Raters with Different Levels of Experience When Using Landing Error Scoring System (LESS) in Field-Based Screening of Professional Football Players.","Comparison of Inter-Rater and Intra-Rater Reliability of Raters with Different Levels of Experience When Using Landing Error Scoring System (LESS) in Field-Based Screening of Professional Football Players.","10.3390/sports12090242","10.3390/sports12090242"
"SportDiscus","doi","100","within_second_search","","Only the stable survive: role of balance task difficulty on dynamic postural control in young athletes and non-athletes.","Only the stable survive: role of balance task difficulty on dynamic postural control in young athletes and non-athletes.","10.3389/fspor.2025.1556727","10.3389/fspor.2025.1556727"
"SportDiscus","doi","100","within_second_search","","A comparison in knee flexor and extensor strength following ACL reconstruction in international, male soccer players receiving patellar tendon or hamstrings grafts.","A comparison in knee flexor and extensor strength following ACL reconstruction in international, male soccer players receiving patellar tendon or hamstrings grafts.","10.5114/biolsport.2024.129471","10.5114/biolsport.2024.129471"
"SportDiscus","doi","100","within_second_search","","Pars Interarticularis and Pedicle Stress Injuries in Young Athletes With Low Back Pain: A Retrospective Cohort Study of 902 Patients Evaluated With Magnetic Resonance Imaging.","Pars Interarticularis and Pedicle Stress Injuries in Young Athletes With Low Back Pain: A Retrospective Cohort Study of 902 Patients Evaluated With Magnetic Resonance Imaging.","10.1177/03635465241264804","10.1177/03635465241264804"
"SportDiscus","doi","100","within_second_search","","Single leg drop jump is affected by physical capacities in male soccer players following ACL reconstruction.","Single leg drop jump is affected by physical capacities in male soccer players following ACL reconstruction.","10.1080/24733938.2023.2225481","10.1080/24733938.2023.2225481"
"SportDiscus","doi","100","within_second_search","","Effectiveness of cryo plus ultrasound therapy versus diathermy in combination with high-intensity laser therapy for pain relief in footballers with muscle injuries: A prospective study.","Effectiveness of cryo plus ultrasound therapy versus diathermy in combination with high-intensity laser therapy for pain relief in footballers with muscle injuries: A prospective study.","10.3233/bmr-230265","10.3233/bmr-230265"
"SportDiscus","doi","100","within_second_search","","Shoulder, upper arm and elbow injuries in high school men's American football.","Shoulder, upper arm and elbow injuries in high school men's American football.","10.1080/15438627.2022.2125318","10.1080/15438627.2022.2125318"
"SportDiscus","doi","100","within_second_search","","The effects of jump training on measures of physical performance, lower extremities injury incidence and burden in highly trained male soccer players.","The effects of jump training on measures of physical performance, lower extremities injury incidence and burden in highly trained male soccer players.","10.1080/15438627.2022.2079989","10.1080/15438627.2022.2079989"
"SportDiscus","doi","100","within_second_search","","Knee osteoarthritis in the former elite football players and the ordinary population: a comparative cross-sectional study.","Knee osteoarthritis in the former elite football players and the ordinary population: a comparative cross-sectional study.","10.1080/24733938.2023.2228279","10.1080/24733938.2023.2228279"
"SportDiscus","doi","100","within_second_search","","Epidemiology of Stingers in the National Football League, 2015-2019.","Epidemiology of Stingers in the National Football League, 2015-2019.","10.1177/19417381231223413","10.1177/19417381231223413"
"SportDiscus","doi","100","within_second_search","","Load monitoring, strength training, and recovery in futsal: Practitioners' perspectives.","Load monitoring, strength training, and recovery in futsal: Practitioners' perspectives.","10.1080/24733938.2022.2144641","10.1080/24733938.2022.2144641"
"SportDiscus","doi","100","within_second_search","","Analysis of potential hydration opportunities during future football tournaments based on data from the 2018 FIFA World Cup.","Analysis of potential hydration opportunities during future football tournaments based on data from the 2018 FIFA World Cup.","10.1080/24733938.2022.2137574","10.1080/24733938.2022.2137574"
"SportDiscus","doi","100","within_second_search","","Decrease in aerial challenges after revision of goal kick rules in Japan Professional Soccer League: explorative study of the possibility of a risk reduction for head injury, concussion, and brain damage by a rule revision.","Decrease in aerial challenges after revision of goal kick rules in Japan Professional Soccer League: explorative study of the possibility of a risk reduction for head injury, concussion, and brain damage by a rule revision.","10.1080/24733938.2022.2142274","10.1080/24733938.2022.2142274"
"SportDiscus","title_author_year","100","within_second_search","","老年状态下的体育参与何以可能 —基于一个业余足球爱好者的生命历程考察.","تاثیر کینزیوتیپ بر حس عمقی و مکانیک فرود فوتبالیستهای با ریسک بالای آسیب رباط صلیبی قدامی یک مطالعه تصادفی شده کنترل دار.","10.16099/j.sus.2023.10.10.0004",""
"SportDiscus","doi","100","within_second_search","","Artificial intelligence applications in the football codes: A systematic review.","Artificial intelligence applications in the football codes: A systematic review.","10.1080/02640414.2024.2383065","10.1080/02640414.2024.2383065"
"SportDiscus","doi","100","within_second_search","","Maximum speed exposures in Australian rules football: do methods matter?","Maximum speed exposures in Australian rules football: do methods matter?.","10.1080/24733938.2023.2211048","10.1080/24733938.2023.2211048"
"SportDiscus","doi","100","within_second_search","","The Relationship between Functional Movement Quality and Speed, Agility, and Jump Performance in Elite Female Youth Football Players.","The Relationship between Functional Movement Quality and Speed, Agility, and Jump Performance in Elite Female Youth Football Players.","10.3390/sports12080214","10.3390/sports12080214"
"SportDiscus","title_author_year","100","within_second_search","","INVESTIGATION OF THE EFFECTS ON PHYSIOLOGICAL PARAMETERS OF FOOTBALL PLAYERS IN PRE-SEASON PERIOD.","Investigation of the Effects on Physiological Parameters of Football Players in Preseason Period.","",""
"SportDiscus","doi","100","within_second_search","","Identification of potential risk factors for lower limb injuries in female team-sport athletes: a prospective cohort study.","Identification of potential risk factors for lower limb injuries in female team-sport athletes: a prospective cohort study.","10.1080/24733938.2023.2181386","10.1080/24733938.2023.2181386"
"SportDiscus","doi","100","existing_extraction","S549","Epidemiology of Concussive Injuries in Collegiate Recreational Athletes.","Epidemiology of Concussive Injuries in Collegiate Recreational Athletes.","10.1177/15588661241227938","10.1177/15588661241227938"
"SportDiscus","doi","100","within_second_search","","Predictors of Early Return to Sport After Surgical Repair of Proximal Hamstring Complex Injuries in Professional Athletes: A Prospective Study.","Predictors of Early Return to Sport After Surgical Repair of Proximal Hamstring Complex Injuries in Professional Athletes: A Prospective Study.","10.1177/03635465231225486","10.1177/03635465231225486"
"SportDiscus","doi","100","within_second_search","","The Effect of Primary ACL Reconstruction on Career Longevity in English Premier League and Championship Soccer Players Compared With Uninjured Controls: A Matched Cohort Analysis.","The Effect of Primary ACL Reconstruction on Career Longevity in English Premier League and Championship Soccer Players Compared With Uninjured Controls: A Matched Cohort Analysis.","10.1177/03635465241235949","10.1177/03635465241235949"
"SportDiscus","doi","100","within_second_search","","Maturity status influences perceived training load and neuromuscular performance during an academy soccer season.","Maturity status influences perceived training load and neuromuscular performance during an academy soccer season.","10.1080/15438627.2022.2102916","10.1080/15438627.2022.2102916"
"SportDiscus","doi","100","within_second_search","","Hamstring muscle injury is preceded by a short period of higher running demands in professional football players.","Hamstring muscle injury is preceded by a short period of higher running demands in professional football players.","10.5114/biolsport.2024.127387","10.5114/biolsport.2024.127387"
"SportDiscus","doi","100","within_second_search","","Epidemiology of quadriceps muscle strain injuries in elite male Australian football players.","Epidemiology of quadriceps muscle strain injuries in elite male Australian football players.","10.1111/sms.14542","10.1111/sms.14542"
"SportDiscus","doi","100","within_second_search","","The combined effects of growth and maturity status on injury risk in an elite football academy.","The combined effects of growth and maturity status on injury risk in an elite football academy.","10.5114/biolsport.2024.129472","10.5114/biolsport.2024.129472"
"SportDiscus","doi","100","within_second_search","","Level of Agreement Between Child and Parent Reporting on the Child Sport Concussion Assessment Tool (SCAT5).","Level of Agreement Between Child and Parent Reporting on the Child Sport Concussion Assessment Tool (SCAT5).","10.4085/1062-6050-0629.22","10.4085/1062-6050-0629.22"
"SportDiscus","doi","100","within_second_search","","Knee Biomechanics During Neurocognitively Challenged Drop Landings in Male Elite Soccer Players with Anterior Cruciate Ligament Reconstruction.","Knee Biomechanics During Neurocognitively Challenged Drop Landings in Male Elite Soccer Players with Anterior Cruciate Ligament Reconstruction.","10.1186/s40798-024-00685-w","10.1186/s40798-024-00685-w"
"SportDiscus","doi","100","within_second_search","","Peak instantaneous PlayerLoad metrics highlight movement strategy deficits in professional male soccer players.","Peak instantaneous PlayerLoad metrics highlight movement strategy deficits in professional male soccer players.","10.1080/15438627.2022.2079985","10.1080/15438627.2022.2079985"
"SportDiscus","doi","100","within_second_search","","Concussion Symptomatology by Symptom Resolution Time in US High School Athletes: Findings From the National Athletic Treatment, Injury and Outcomes Network High School Surveillance Program (NATION-SP).","Concussion Symptomatology by Symptom Resolution Time in US High School Athletes: Findings From the National Athletic Treatment, Injury and Outcomes Network High School Surveillance Program (NATION-SP).","10.4085/1062-6050-0201.23","10.4085/1062-6050-0201.23"
"SportDiscus","doi","100","within_second_search","","The effect of a 10-week TOCA Football System intervention program on sport-specific motor skills among junior footballers.","The effect of a 10-week TOCA Football System intervention program on sport-specific motor skills among junior footballers.","10.3389/fspor.2024.1339768","10.3389/fspor.2024.1339768"
"SportDiscus","doi","100","within_second_search","","The Sprint Mechanics Assessment Score: A Qualitative Screening Tool for the In-field Assessment of Sprint Running Mechanics.","The Sprint Mechanics Assessment Score: A Qualitative Screening Tool for the In-field Assessment of Sprint Running Mechanics.","10.1177/03635465241235525","10.1177/03635465241235525"
"SportDiscus","doi","100","within_second_search","","The impact of a 10-week Nordic hamstring exercise programme on hamstring muscle stiffness, a randomised controlled trial using shear wave elastography.","The impact of a 10-week Nordic hamstring exercise programme on hamstring muscle stiffness, a randomised controlled trial using shear wave elastography.","10.1080/02640414.2024.2402163","10.1080/02640414.2024.2402163"
"SportDiscus","doi","100","within_second_search","","The validity and reliability of the My Jump 2 app for measuring vertical stiffness in male college players.","The validity and reliability of the My Jump 2 app for measuring vertical stiffness in male college players.","10.3389/fspor.2024.1405118","10.3389/fspor.2024.1405118"
"SportDiscus","doi","100","within_second_search","","Use of blood flow restriction for increasing the strength of the ischiocrural muscles in anterior cruciate ligament rehabilitation: A case report.","Use of blood flow restriction for increasing the strength of the ischiocrural muscles in anterior cruciate ligament rehabilitation: A case report.","10.1002/pri.2059","10.1002/pri.2059"
"SportDiscus","doi","100","within_second_search","","Models of Video Feedback for Youth Athletes Performing an American Football Tackle.","Models of Video Feedback for Youth Athletes Performing an American Football Tackle.","10.4085/1062-6050-0602.22","10.4085/1062-6050-0602.22"
"SportDiscus","doi","100","within_second_search","","Perspectives on the role of nutrition in influencing academy soccer player development and performance: A qualitative case study of key stakeholders from an English category one soccer academy.","Perspectives on the role of nutrition in influencing academy soccer player development and performance: A qualitative case study of key stakeholders from an English category one soccer academy.","10.1080/02640414.2024.2321008","10.1080/02640414.2024.2321008"
"SportDiscus","doi","100","within_second_search","","The Influence of Futsal Players' Initial Physical Condition on the Occurrence of Injuries.","The Influence of Futsal Players' Initial Physical Condition on the Occurrence of Injuries.","10.1055/a-2363-1885","10.1055/a-2363-1885"
"SportDiscus","doi","100","within_second_search","","A low-volume Nordic hamstring curl programme improves change of direction ability, despite no architectural, strength or speed adaptations in elite youth soccer players.","A low-volume Nordic hamstring curl programme improves change of direction ability, despite no architectural, strength or speed adaptations in elite youth soccer players.","10.1080/15438627.2022.2079984","10.1080/15438627.2022.2079984"
"SportDiscus","doi","100","within_second_search","","Male and female soccer players exhibit different knee joint mechanics during pre-planned change of direction.","Male and female soccer players exhibit different knee joint mechanics during pre-planned change of direction.","10.1080/14763141.2020.1830160","10.1080/14763141.2020.1830160"
"SportDiscus","doi","100","within_second_search","","Head-first impacts during bubble soccer: examining head and neck injury potential.","Head-first impacts during bubble soccer: examining head and neck injury potential.","10.1007/s12283-024-00484-2","10.1007/s12283-024-00484-2"
"SportDiscus","doi","100","within_second_search","","A new statistical approach to training load and injury risk: separating the acute from the chronic load.","A new statistical approach to training load and injury risk: separating the acute from the chronic load.","10.5114/biolsport.2024.127388","10.5114/biolsport.2024.127388"
"SportDiscus","title_author_year","100","within_second_search","","تبیین وضعیت امنیت زیرساختهای ورزشگاههای فوتبال ایران با تأکید بر فناوری.","تاثیر کینزیوتیپ بر حس عمقی و مکانیک فرود فوتبالیستهای با ریسک بالای آسیب رباط صلیبی قدامی یک مطالعه تصادفی شده کنترل دار.","10.22059/jsm.2022.324720.2733",""
"SportDiscus","doi","100","within_second_search","","Dismissing the idea that basketball is a ""contactless"" sport: quantifying contacts during professional gameplay.","Dismissing the idea that basketball is a ""contactless"" sport: quantifying contacts during professional gameplay.","10.3389/fspor.2024.1419088","10.3389/fspor.2024.1419088"
"SportDiscus","doi","100","within_second_search","","Associations of Sex and Sport Contact-Level with Recovery Timelines Among Collegiate Athletes with Sport-Related Concussion.","Associations of Sex and Sport Contact-Level with Recovery Timelines Among Collegiate Athletes with Sport-Related Concussion.","10.1186/s40798-024-00742-4","10.1186/s40798-024-00742-4"
"SportDiscus","title_author_year","100","within_second_search","","تحلیل وبگاه رسمی باشگاه فوتبال لیورپول از منظر مدیریت هواداران.","تاثیر کینزیوتیپ بر حس عمقی و مکانیک فرود فوتبالیستهای با ریسک بالای آسیب رباط صلیبی قدامی یک مطالعه تصادفی شده کنترل دار.","",""
"SportDiscus","title_author_year","100","within_second_search","","ورزشکاران زن از چه هنجارهای نقش جنسیت و تعارض پیروی می کنند؟ مطالعه ای کیفی در ورزش فوتبال.","تاثیر کینزیوتیپ بر حس عمقی و مکانیک فرود فوتبالیستهای با ریسک بالای آسیب رباط صلیبی قدامی یک مطالعه تصادفی شده کنترل دار.","",""
"SportDiscus","doi","100","within_second_search","","Heterotopic Ossification and Platelet-Rich Plasma in Core Muscle Injuries: A Single-Institution Experience Over 6 Years.","Heterotopic Ossification and Platelet-Rich Plasma in Core Muscle Injuries: A Single-Institution Experience Over 6 Years.","10.1177/03635465231209509","10.1177/03635465231209509"
"SportDiscus","doi","100","within_second_search","","Ten‐year results from the UK National Ligament Registry: Patient characteristics and factors predicting nonresponders for completion of outcome scores.","Ten-year results from the UK National Ligament Registry: Patient characteristics and factors predicting nonresponders for completion of outcome scores.","10.1002/ksa.12116","10.1002/ksa.12116"
"SportDiscus","doi","100","within_second_search","","Use of Publicly Obtained Data in Sports Medicine Research: A Systematic Review and Bibliometric Analysis.","Use of Publicly Obtained Data in Sports Medicine Research: A Systematic Review and Bibliometric Analysis.","10.1177/03635465231177054","10.1177/03635465231177054"
"SportDiscus","doi","100","within_second_search","","Outcomes and Proportions of Subsequent Contralateral Sports Hernia Repair Following Primary Unilateral Repair.","Outcomes and Proportions of Subsequent Contralateral Sports Hernia Repair Following Primary Unilateral Repair.","10.1177/03635465231221496","10.1177/03635465231221496"
"SportDiscus","doi","100","within_second_search","","Health Benefits of Different Sports: a Systematic Review and Meta-Analysis of Longitudinal and Intervention Studies Including 2.6 Million Adult Participants.","Health Benefits of Different Sports: a Systematic Review and Meta-Analysis of Longitudinal and Intervention Studies Including 2.6 Million Adult Participants.","10.1186/s40798-024-00692-x","10.1186/s40798-024-00692-x"
"SportDiscus","doi","100","within_second_search","","Factors That May Influence Americans' Views on When Children Should Start Playing Tackle Football.","Factors That May Influence Americans' Views on When Children Should Start Playing Tackle Football.","10.4085/1062-6050-0004.23","10.4085/1062-6050-0004.23"
"SportDiscus","doi","100","within_second_search","","Platelet-Poor Plasma for the Treatment of Acute Hamstring Muscle Injuries in Collegiate Football Athletes: A Cohort Study.","Platelet-Poor Plasma for the Treatment of Acute Hamstring Muscle Injuries in Collegiate Football Athletes: A Cohort Study.","10.1097/jsm.0000000000001305","10.1097/jsm.0000000000001305"
"SportDiscus","doi","100","within_second_search","","Interaction of Medical Conditions and Football Exposures Associated with Premortem Chronic Traumatic Encephalopathy Diagnosis in Former Professional American Football Players.","Interaction of Medical Conditions and Football Exposures Associated with Premortem Chronic Traumatic Encephalopathy Diagnosis in Former Professional American Football Players.","10.1007/s40279-023-01942-w","10.1007/s40279-023-01942-w"
"SportDiscus","doi","100","within_second_search","","Editorial: Performance enhancement and injury mitigation in futsal.","Editorial: Performance enhancement and injury mitigation in futsal.","10.3389/fspor.2024.1446031","10.3389/fspor.2024.1446031"
"SportDiscus","doi","100","within_second_search","","Physical Demands of Walking Football in Patients With Cardiovascular Risk Factors and Diseases.","Physical Demands of Walking Football in Patients With Cardiovascular Risk Factors and Diseases.","10.1097/jsm.0000000000001218","10.1097/jsm.0000000000001218"
"SportDiscus","title_author_year","100","within_second_search","","تأثیر خستگی ذهنی و جسمی بر فعالیت مغزی حین تصمیم گیری خلاقانه فوتبالیستهای ماهر.","تاثیر کینزیوتیپ بر حس عمقی و مکانیک فرود فوتبالیستهای با ریسک بالای آسیب رباط صلیبی قدامی یک مطالعه تصادفی شده کنترل دار.","10.48308/mbsp.2023.231173.1195",""
"SportDiscus","doi","100","within_second_search","","Individual In-Situ GPS-Derived Acceleration-Speed Profiling: Toward Automatization and Refinement in Male Professional Rugby Union Players.","Individual In-Situ GPS-Derived Acceleration-Speed Profiling: Toward Automatization and Refinement in Male Professional Rugby Union Players.","10.1186/s40798-023-00672-7","10.1186/s40798-023-00672-7"
"SportDiscus","doi","100","within_second_search","","A rare soccer-related injury: Traumatic posterior hip fracture-dislocation – Case series and overview of the literature.","A rare soccer-related injury: Traumatic posterior hip fracture-dislocation - Case series and overview of the literature.","10.1016/j.jbmt.2023.11.037","10.1016/j.jbmt.2023.11.037"
"SportDiscus","doi","100","within_second_search","","Preliminary Examination of Guardian Cap Head Impact Kinematics Using Instrumented Mouthguards.","Preliminary Examination of Guardian Cap Head Impact Kinematics Using Instrumented Mouthguards.","10.4085/1062-6050-0136.23","10.4085/1062-6050-0136.23"
"SportDiscus","doi","100","within_second_search","","Hair cortisol is a physiological indicator of training stress for female footballers.","Hair cortisol is a physiological indicator of training stress for female footballers.","10.1007/s00421-024-05571-7","10.1007/s00421-024-05571-7"
"SportDiscus","title_author_year","100","within_second_search","","میزان تمایل به پرداخت شهروندان ایرانی جهت حمایت از تیم ملی فوتبال ایران در سبد هزینۀ خانوار.","تاثیر کینزیوتیپ بر حس عمقی و مکانیک فرود فوتبالیستهای با ریسک بالای آسیب رباط صلیبی قدامی یک مطالعه تصادفی شده کنترل دار.","10.22059/jsm.2020.307625.2544",""
"SportDiscus","doi","100","within_second_search","","Biceps Femoris Long Head Fascicle Length Not Associated With Hamstring Injury Risk in NCAA Football Athletes.","Biceps Femoris Long Head Fascicle Length Not Associated With Hamstring Injury Risk in NCAA Football Athletes.","10.1097/jsm.0000000000001300","10.1097/jsm.0000000000001300"
"SportDiscus","doi","100","within_second_search","","Motivation Unraveled: Giving Choice to Football Players to Improve Anterior Cruciate Ligament Injury Prevention.","Motivation Unraveled: Giving Choice to Football Players to Improve Anterior Cruciate Ligament Injury Prevention.","10.1519/jsc.0000000000004912","10.1519/jsc.0000000000004912"
"SportDiscus","doi","100","within_second_search","","The Use of Biofluid Markers to Evaluate the Consequences of Sport-Related Subconcussive Head Impact Exposure: A Scoping Review.","The Use of Biofluid Markers to Evaluate the Consequences of Sport-Related Subconcussive Head Impact Exposure: A Scoping Review.","10.1186/s40798-023-00665-6","10.1186/s40798-023-00665-6"
"SportDiscus","title_author_year","100","within_second_search","","数字化转型对职业足球俱乐部企业韧性的影响 --来自欧洲职业足球俱乐部的经验证据","آیا نشاانرهاای مهتبط با بار داخ لی و خارجی تمهین و مساابه یک عامل خطه آسایب بهای بازیکنان فوتبال است؟ یک مطالع در لیگ بهته خ لیجفارس","",""
"SportDiscus","doi","100","within_second_search","","Effects of mid-season camp period loading on sports injury anxiety and physical performance of professional male soccer players.","Effects of mid-season camp period loading on sports injury anxiety and physical performance of professional male soccer players.","10.1016/j.jbmt.2024.04.030","10.1016/j.jbmt.2024.04.030"
"SportDiscus","doi","100","within_second_search","","The effects of a combined physical activity and health education program on health knowledge and well‐being of socially vulnerable children.","The effects of a combined physical activity and health education program on health knowledge and well-being of socially vulnerable children.","10.1111/sms.14606","10.1111/sms.14606"
"SportDiscus","doi","100","within_second_search","","Training with reduced carbohydrate availability affects markers of bone resorption and formation in male academy soccer players from the English Premier League.","Training with reduced carbohydrate availability affects markers of bone resorption and formation in male academy soccer players from the English Premier League.","10.1007/s00421-024-05574-4","10.1007/s00421-024-05574-4"
"SportDiscus","doi","100","within_second_search","","Consideration of Mental Health and Well-Being in High-Level Sport: When Will a Coach-Centred Approach Be Introduced?","Consideration of Mental Health and Well-Being in High-Level Sport: When Will a Coach-Centred Approach Be Introduced?.","10.1007/s40279-024-02044-x","10.1007/s40279-024-02044-x"
"SportDiscus","title_author_year","100","within_second_search","","تأثير تدريبات التصور العقلي على أداء مهارة التمرير للاعبات كرة القدم النسائية.","تحلیل ابعاد فوتبال با رویکرد علوم شناختی در ایران.","","10.22059/jsm.2023.363710.3182"
"SportDiscus","doi","100","within_second_search","","An Apparent Achilles Heel of the NFL: Have Achilles Tendon Injuries Significantly Increased to Unacceptably High Incidence Levels in the NFL and if so, why? A Clinical Insight.","An Apparent Achilles Heel of the NFL: Have Achilles Tendon Injuries Significantly Increased to Unacceptably High Incidence Levels in the NFL and if so, why? A Clinical Insight.","10.26603/001c.92082","10.26603/001c.92082"
"SportDiscus","doi","100","within_second_search","","Development of a 3D-knee brace joint using MRI data and a genetic algorithm.","Development of a 3D-knee brace joint using MRI data and a genetic algorithm.","10.1007/s12283-025-00486-8","10.1007/s12283-025-00486-8"
"SportDiscus","doi","100","within_second_search","","Combined ACL and Anterolateral Ligament Reconstruction Using an Adjustable-Loop Fixation Device: Surgical Technique.","Combined ACL and Anterolateral Ligament Reconstruction Using an Adjustable-Loop Fixation Device: Surgical Technique.","10.1177/26350254231218752","10.1177/26350254231218752"
"SportDiscus","doi","100","within_second_search","","Response to ""Comment on: Machine Learning for Understanding and Predicting Injuries in Football"".","Response to ""Comment on: Machine Learning for Understanding and Predicting Injuries in Football"".","10.1186/s40798-024-00751-3","10.1186/s40798-024-00751-3"
"SportDiscus","doi","100","within_second_search","","Comment on: Machine Learning for Understanding and Predicting Injuries in Football.","Comment on: Machine Learning for Understanding and Predicting Injuries in Football.","10.1186/s40798-024-00745-1","10.1186/s40798-024-00745-1"
"SportDiscus","doi","100","within_second_search","","What exercise programme is the most appropriate to mitigate anterior cruciate ligament injury risk in football (soccer) players? A systematic review and network meta-analysis.","What exercise programme is the most appropriate to mitigate anterior cruciate ligament injury risk in football (soccer) players? A systematic review and network meta-analysis.","10.1016/j.jsams.2024.02.001","10.1016/j.jsams.2024.02.001"
"SportDiscus","doi","100","within_second_search","","Snus use in football: the threat of a new addiction?","Snus use in football: the threat of a new addiction?.","10.5114/biolsport.2024.130050","10.5114/biolsport.2024.130050"
"SportDiscus","doi","100","within_second_search","","Changes in injury and illness incidence and burden in elite junior male Australian footballers over a 6–year period.","Changes in injury and illness incidence and burden in elite junior male Australian footballers over a 6-year period.","10.1016/j.jsams.2024.07.007","10.1016/j.jsams.2024.07.007"
"SportDiscus","doi","100","within_second_search","","Practitioners' perspective of non-contact injury risk factors and injury prevention programming in professional North American male soccer.","Practitioners' perspective of non-contact injury risk factors and injury prevention programming in professional North American male soccer.","10.1016/j.ptsp.2024.06.003","10.1016/j.ptsp.2024.06.003"
"SportDiscus","doi","100","within_second_search","","The Acute: Chronic Workload Ratio and Injury Risk in Semiprofessional Football Players.","The Acute: Chronic Workload Ratio and Injury Risk in Semiprofessional Football Players.","10.1055/a-2282-0024","10.1055/a-2282-0024"
"SportDiscus","doi","100","within_second_search","","The association between aerobic capacity and spinal curvature and mobility in young soccer players.","The association between aerobic capacity and spinal curvature and mobility in young soccer players.","10.1016/j.gaitpost.2024.10.004","10.1016/j.gaitpost.2024.10.004"
"SportDiscus","doi","100","within_second_search","","Injury surveillance of head and neck injuries with a special focus on sport-related concussions: Eight seasons observational study in professional football in Qatar.","Injury surveillance of head and neck injuries with a special focus on sport-related concussions: Eight seasons observational study in professional football in Qatar.","10.1016/j.jsams.2024.08.202","10.1016/j.jsams.2024.08.202"
"SportDiscus","doi","100","within_second_search","","Deceleration Capacity During Directional Change as a Time-Efficient (Ecological) Prescreening of Hip Adductor Force Status in Amateur Soccer Players.","Deceleration Capacity During Directional Change as a Time-Efficient (Ecological) Prescreening of Hip Adductor Force Status in Amateur Soccer Players.","10.1519/jsc.0000000000004915","10.1519/jsc.0000000000004915"
"SportDiscus","doi","100","within_second_search","","Guide to Muscular Injuries and Common Ligamentous Injuries Among Soccer Players.","Guide to Muscular Injuries and Common Ligamentous Injuries Among Soccer Players.","10.1097/jsa.0000000000000411","10.1097/jsa.0000000000000411"
"SportDiscus","doi","100","within_second_search","","Snooze it or Lose it: Understanding Sleep Disturbance and Injuries in Soccer and Basketball Student-Athletes.","Snooze it or Lose it: Understanding Sleep Disturbance and Injuries in Soccer and Basketball Student-Athletes.","10.1097/jsm.0000000000001250","10.1097/jsm.0000000000001250"
"SportDiscus","doi","100","within_second_search","","Injury Risk in Elite Young Male Soccer Players: A Review on the Impact of Growth, Maturation, and Workload.","Injury Risk in Elite Young Male Soccer Players: A Review on the Impact of Growth, Maturation, and Workload.","10.1519/jsc.0000000000004889","10.1519/jsc.0000000000004889"
"SportDiscus","doi","100","within_second_search","","Increased rate of injuries to the anterior cruciate ligament in amateur soccer players after the COVID-19 pandemic lockdown.","Increased rate of injuries to the anterior cruciate ligament in amateur soccer players after the COVID-19 pandemic lockdown.","10.1007/s00402-024-05531-y","10.1007/s00402-024-05531-y"
"SportDiscus","doi","100","within_second_search","","Meniscus Injuries in Soccer.","Meniscus Injuries in Soccer.","10.1097/jsa.0000000000000389","10.1097/jsa.0000000000000389"
"SportDiscus","doi","100","within_second_search","","Femoroacetabular Impingement and Groin Injuries Among Soccer Players.","Femoroacetabular Impingement and Groin Injuries Among Soccer Players.","10.1097/jsa.0000000000000394","10.1097/jsa.0000000000000394"
"SportDiscus","doi","100","within_second_search","","Posterior Cruciate Ligament Reconstruction With Quadriceps Tendon Autograft and Concomitant Meniscal Ramp Repair.","Posterior Cruciate Ligament Reconstruction With Quadriceps Tendon Autograft and Concomitant Meniscal Ramp Repair.","10.1177/26350254231184905","10.1177/26350254231184905"
"SportDiscus","doi","100","within_second_search","","Age of First Exposure Does Not Relate to Post-Career Health in Former Professional American-Style Football Players.","Age of First Exposure Does Not Relate to Post-Career Health in Former Professional American-Style Football Players.","10.1007/s40279-024-02062-9","10.1007/s40279-024-02062-9"
"SportDiscus","doi","100","existing_extraction","S497","Longitudinal analysis of the incidence rate of injury in elite youth football: Trends over six years including the COVID-19 pandemic period.","Longitudinal analysis of the incidence rate of injury in elite youth football: Trends over six years including the COVID-19 pandemic period","10.1016/j.ptsp.2024.01.006","10.1016/j.ptsp.2024.01.006"
"SportDiscus","doi","100","within_second_search","","The Surgical Management of NCAA Division 1 College Football Injuries Post COVID-19: A Single Institution Retrospective Review.","The Surgical Management of NCAA Division 1 College Football Injuries Post COVID-19: A Single Institution Retrospective Review.","10.1519/jsc.0000000000004720","10.1519/jsc.0000000000004720"
"SportDiscus","doi","100","within_second_search","","Contact Breast Injuries Among Female Athletes: A Systematic Review.","Contact Breast Injuries Among Female Athletes: A Systematic Review.","10.1007/s40279-024-02027-y","10.1007/s40279-024-02027-y"
"SportDiscus","doi","100","within_second_search","","Return to Play and Performance After Anterior Cruciate Ligament Reconstruction in Soccer Players: A Systematic Review of Recent Evidence.","Return to Play and Performance After Anterior Cruciate Ligament Reconstruction in Soccer Players: A Systematic Review of Recent Evidence.","10.1007/s40279-024-02035-y","10.1007/s40279-024-02035-y"
"SportDiscus","doi","100","within_second_search","","Secondary injury prevention reduces hamstring strain and time-loss groin injury burdens in male professional football.","Secondary injury prevention reduces hamstring strain and time-loss groin injury burdens in male professional football.","10.1016/j.ptsp.2024.08.003","10.1016/j.ptsp.2024.08.003"
"SportDiscus","doi","100","within_second_search","","Prevalence and intensity of pain in male and female amateur football players: A prospective cohort study.","Prevalence and intensity of pain in male and female amateur football players: A prospective cohort study.","10.1016/j.jsams.2024.01.006","10.1016/j.jsams.2024.01.006"
"SportDiscus","doi","100","within_second_search","","The relationship between executed cut angle and speed with lower extremity joint angles during unanticipated side-step cutting in soccer players.","The relationship between executed cut angle and speed with lower extremity joint angles during unanticipated side-step cutting in soccer players.","10.1016/j.gaitpost.2024.09.006","10.1016/j.gaitpost.2024.09.006"
"SportDiscus","doi","100","within_second_search","","Anterior Cruciate Ligament Tears in Soccer Players.","Anterior Cruciate Ligament Tears in Soccer Players.","10.1097/jsa.0000000000000391","10.1097/jsa.0000000000000391"
"SportDiscus","doi","100","within_second_search","","Prognosticating Return-To-Play Time Following a Hamstring Strain Injury Using Early Flexibility Asymmetry and Musculoskeletal Ultrasound Imaging Outcomes: An Exploratory Study Among Canadian University Football Players.","Prognosticating Return-To-Play Time Following a Hamstring Strain Injury Using Early Flexibility Asymmetry and Musculoskeletal Ultrasound Imaging Outcomes: An Exploratory Study Among Canadian University Football Players.","10.1097/jsm.0000000000001230","10.1097/jsm.0000000000001230"
"SportDiscus","doi","100","within_second_search","","Injury Profile in Youth Female Athletes: A Systematic Review and Meta-Analysis.","Injury Profile in Youth Female Athletes: A Systematic Review and Meta-Analysis.","10.1007/s40279-023-01988-w","10.1007/s40279-023-01988-w"
"SportDiscus","doi","100","within_second_search","","Epidemiology of Hamstring Tears in National Collegiate Athletic Association Athletes: Findings From the National Collegiate Athletic Association Injury Surveillance Program Between 2014/2015 and 2018/2019.","Epidemiology of Hamstring Tears in National Collegiate Athletic Association Athletes: Findings From the National Collegiate Athletic Association Injury Surveillance Program Between 2014/2015 and 2018/2019.","10.1097/jsm.0000000000001240","10.1097/jsm.0000000000001240"
"SportDiscus","doi","100","within_second_search","","College Football 2024.","College Football 2024.","10.1177/19417381241270361","10.1177/19417381241270361"
"SportDiscus","doi","100","within_second_search","","Extrinsic Risk Factors for Primary Noncontact Anterior Cruciate Ligament Injury in Adolescents Aged between 14 and 18 years: A Systematic Review.","Extrinsic Risk Factors for Primary Noncontact Anterior Cruciate Ligament Injury in Adolescents Aged between 14 and 18 years: A Systematic Review.","10.1007/s40279-023-01975-1","10.1007/s40279-023-01975-1"
"SportDiscus","doi","100","within_second_search","","Sport-specific Differences in Cartilage Treatment.","Sport-specific Differences in Cartilage Treatment.","10.1097/jsa.0000000000000393","10.1097/jsa.0000000000000393"
"SportDiscus","doi","100","within_second_search","","Can tests of physical fitness predict traumatic knee injury in youth female athletes? A prospective cohort study.","Can tests of physical fitness predict traumatic knee injury in youth female athletes? A prospective cohort study.","10.1016/j.ptsp.2024.06.007","10.1016/j.ptsp.2024.06.007"
"SportDiscus","doi","100","within_second_search","","Concussions in Soccer.","Concussions in Soccer.","10.1097/jsa.0000000000000403","10.1097/jsa.0000000000000403"
"SportDiscus","doi","100","within_second_search","","Reliability of lower limb strength assessment in female team sport athletes.","Reliability of lower limb strength assessment in female team sport athletes.","10.1016/j.ptsp.2024.06.006","10.1016/j.ptsp.2024.06.006"
"SportDiscus","doi","100","within_second_search","","Incidence of lower limb tendinopathy: A 3-year prospective study of a youth elite athletes in a Brazilian sport club.","Incidence of lower limb tendinopathy: A 3-year prospective study of a youth elite athletes in a Brazilian sport club.","10.1016/j.jbmt.2024.04.042","10.1016/j.jbmt.2024.04.042"
"SportDiscus","doi","100","within_second_search","","Strength and clinical test combinations enhance predictions of sagittal and frontal plane biomechanics in single-leg landing.","Strength and clinical test combinations enhance predictions of sagittal and frontal plane biomechanics in single-leg landing.","10.1016/j.ptsp.2024.06.008","10.1016/j.ptsp.2024.06.008"
"SportDiscus","doi","100","within_second_search","","Early Versus Late Rapid Force Production During Single-Joint Isometric Hamstring Assessment Using Force Plates.","Early Versus Late Rapid Force Production During Single-Joint Isometric Hamstring Assessment Using Force Plates.","10.1519/jsc.0000000000004911","10.1519/jsc.0000000000004911"
"SportDiscus","doi","100","within_second_search","","Effects of COVID-19 on Rate of Injury and Position-Specific Injury During the 2020 National Football League Season.","Effects of COVID-19 on Rate of Injury and Position-Specific Injury During the 2020 National Football League Season.","10.1519/jsc.0000000000004602","10.1519/jsc.0000000000004602"
"SportDiscus","doi","100","within_second_search","","The application of a return-to-performance pathway for a professional footballer recovering from a surgical repair of an isolated lateral collateral knee ligament rupture. A case report.","The application of a return-to-performance pathway for a professional footballer recovering from a surgical repair of an isolated lateral collateral knee ligament rupture. A case report.","10.1016/j.ptsp.2024.09.003","10.1016/j.ptsp.2024.09.003"
"SportDiscus","doi","100","within_second_search","","Erratum: Developing Coaches' Knowledge of the Athlete–Coach Relationship Through Formal Coach Education: The Perceptions of Football Association Coach Developers.","Erratum: Developing Coaches' Knowledge of the Athlete–Coach Relationship Through Formal Coach Education: The Perceptions of Football Association Coach Developers.","10.1123/iscj.2023-0123","10.1123/iscj.2023-0123"
"SportDiscus","doi","100","within_second_search","","Injury Incidence, Severity, and Type Across the Menstrual Cycle in Female Footballers: A Prospective Three Season Cohort Study.","Injury Incidence, Severity, and Type Across the Menstrual Cycle in Female Footballers: A Prospective Three Season Cohort Study.","10.1249/mss.0000000000003391","10.1249/mss.0000000000003391"
"SportDiscus","doi","100","within_second_search","","Ankle sprain, concussion, and anterior cruciate ligament injuries are common and burdensome in sub-elite female Australian football players.","Ankle sprain, concussion, and anterior cruciate ligament injuries are common and burdensome in sub-elite female Australian football players.","10.1016/j.jsams.2024.05.008","10.1016/j.jsams.2024.05.008"
"SportDiscus","doi","100","within_second_search","","Observe, Practice, and Improve? Enhancing Sidestep Cutting Execution in Talented Female Soccer Players: A Four-Week Intervention Program With Video Instruction.","Observe, Practice, and Improve? Enhancing Sidestep Cutting Execution in Talented Female Soccer Players: A Four-Week Intervention Program With Video Instruction.","10.1519/jsc.0000000000004796","10.1519/jsc.0000000000004796"
"SportDiscus","doi","100","within_second_search","","Video Assessment of the Frequency and Evaluations of Head Collision Events During the 2022 World Cup.","Video Assessment of the Frequency and Evaluations of Head Collision Events during the 2022 World Cup","10.1097/jsm.0000000000001303","10.1097/jsm.0000000000001303"
"SportDiscus","title_author_year","100","within_second_search","","EDITORIAL.","EDITORIAL.","",""
"SportDiscus","doi","100","within_second_search","","Effects of Cumulative Head Impact Exposure in Adolescent Male Contact and Collision Sport Student Athletes.","Effects of Cumulative Head Impact Exposure in Adolescent Male Contact and Collision Sport Student Athletes.","10.1097/htr.0000000000000915","10.1097/htr.0000000000000915"
"SportDiscus","doi","100","within_second_search","","Injury prevention in Brazilian women's football: Perceptions of physiotherapists and practices within elite clubs.","Injury prevention in Brazilian women's football: Perceptions of physiotherapists and practices within elite clubs.","10.1016/j.ptsp.2024.04.001","10.1016/j.ptsp.2024.04.001"
"SportDiscus","doi","100","existing_extraction","S366","Uncovering injuries in Brazilian elite women's football: A prospective cohort study.","Uncovering injuries in Brazilian elite women's football: A prospective cohort study","10.1016/j.jsams.2024.01.008","10.1016/j.jsams.2024.01.008"
"SportDiscus","doi","100","existing_extraction","S420","Lost in transition: Exploring injury risk in academy footballers shifting between the second and first teams.","Lost in transition: Exploring injury risk in academy footballers shifting between the second and first teams","10.1016/j.jsams.2023.11.009","10.1016/j.jsams.2023.11.009"
"SportDiscus","doi","100","within_second_search","","Effects of isokinetic and proprioceptive training after lateral ankle ligament reconstruction: A case report.","Effects of isokinetic and proprioceptive training after lateral ankle ligament reconstruction: A case report.","10.1016/j.jbmt.2023.04.065","10.1016/j.jbmt.2023.04.065"
"SportDiscus","doi","100","within_second_search","","Thermography method under the influence of exercise in the detection of muscle injuries: Sartorius muscle case report.","Thermography method under the influence of exercise in the detection of muscle injuries: Sartorius muscle case report.","10.1016/j.jbmt.2024.02.029","10.1016/j.jbmt.2024.02.029"
"SportDiscus","doi","100","within_second_search","","Impact of Playing Surface on Concussion Symptoms in Young American Football Players.","Impact of Playing Surface on Concussion Symptoms in Young American Football Players.","10.1097/jsm.0000000000001204","10.1097/jsm.0000000000001204"
"SportDiscus","doi","100","within_second_search","","Catastrophic Sports Injuries: Causation and Prevention.","Catastrophic Sports Injuries: Causation and Prevention.","10.2106/jbjs.23.00335","10.2106/jbjs.23.00335"
"SportDiscus","doi","100","existing_extraction","S498","Epidemiology of Anterior Cruciate Ligament Tears in National Collegiate Athletic Association Athletes: 2014/2015–2018/2019.","Epidemiology of Anterior Cruciate Ligament Tears in National Collegiate Athletic Association Athletes: 2014/2015-2018/2019","10.1249/mss.0000000000003281","10.1249/mss.0000000000003281"
"SportDiscus","title_author_year","100","within_second_search","","Mass Participation and Tournament Event Management for the Team Physician: A Consensus Statement (2022 Update).","Mass Participation and Tournament Event Management for the Team Physician: A Consensus Statement (2022 Update).","10.1249/mss.0000000000003325","10.1249/jsr.0000000000001160"
"SportDiscus","doi","100","within_second_search","","Mass Participation and Tournament Event Management for the Team Physician: A Consensus Statement (2022 Update).","Mass Participation and Tournament Event Management for the Team Physician: A Consensus Statement (2022 Update).","10.1249/jsr.0000000000001160","10.1249/jsr.0000000000001160"
"SportDiscus","doi","100","within_second_search","","Knee-ankle kinematics and coupling responses to SportsMetrics training programs in females athletes with dynamic knee valgus: A sport-specific approach.","Knee-ankle kinematics and coupling responses to SportsMetrics training programs in females athletes with dynamic knee valgus: A sport-specific approach.","10.1016/j.jbmt.2024.07.043","10.1016/j.jbmt.2024.07.043"
"SportDiscus","doi","100","within_second_search","","The Football Association Injury and Illness Surveillance Study: The Incidence, Burden and Severity of Injuries and Illness in Men's and Women's International Football.","The Football Association Injury and Illness Surveillance Study: The Incidence, Burden and Severity of Injuries and Illness in Men's and Women's International Football.","10.1007/s40279-020-01411-8","10.1007/s40279-020-01411-8"
"SportDiscus","doi","100","within_second_search","","Reliability of enhanced paper grip test for testing foot strength in volleyball and soccer players.","Reliability of enhanced paper grip test for testing foot strength in volleyball and soccer players.","10.1016/j.ptsp.2024.05.004","10.1016/j.ptsp.2024.05.004"
"SportDiscus","doi","100","within_second_search","","Evaluation of muscular and functional inter-limb asymmetries during mid-season in young male soccer athletes.","Evaluation of muscular and functional inter-limb asymmetries during mid-season in young male soccer athletes.","10.1016/j.jbmt.2024.03.067","10.1016/j.jbmt.2024.03.067"
"SportDiscus","doi","100","within_second_search","","Cannabinoid Therapy in Athletics: A Review of Current Cannabis Research to Evaluate Potential Real-World Cannabinoid Applications in Sport.","Cannabinoid Therapy in Athletics: A Review of Current Cannabis Research to Evaluate Potential Real-World Cannabinoid Applications in Sport.","10.1007/s40279-024-02094-1","10.1007/s40279-024-02094-1"
"SportDiscus","doi","100","within_second_search","","Arthroscopic Management of Posterior Shoulder Instability.","Arthroscopic Management of Posterior Shoulder Instability.","10.1016/j.csm.2024.03.027","10.1016/j.csm.2024.03.027"
"SportDiscus","doi","100","within_second_search","","Hamstring Strain Injury Risk Factors in Australian Football Change over the Course of the Season.","Hamstring Strain Injury Risk Factors in Australian Football Change over the Course of the Season.","10.1249/mss.0000000000003297","10.1249/mss.0000000000003297"
"SportDiscus","doi","100","within_second_search","","Concussion incidence and mechanisms differ between elite females and males in Australian Football.","Concussion incidence and mechanisms differ between elite females and males in Australian Football.","10.1016/j.jsams.2023.12.003","10.1016/j.jsams.2023.12.003"
"SportDiscus","doi","100","within_second_search","","Hamstring and knee injuries are associated with isometric hip and trunk muscle strength in elite Australian Rules and Rugby League players.","Hamstring and knee injuries are associated with isometric hip and trunk muscle strength in elite Australian Rules and Rugby League players.","10.1016/j.jsams.2023.10.019","10.1016/j.jsams.2023.10.019"
"SportDiscus","doi","100","within_second_search","","Motivation and goal-pursuit for injury prevention training in amateur football coaches: a cross-sectional study using the Health Action Process Approach.","Motivation and goal-pursuit for injury prevention training in amateur football coaches: a cross-sectional study using the Health Action Process Approach.","10.1136/ip-2023-044978","10.1136/ip-2023-044978"
"SportDiscus","doi","100","within_second_search","","Acute effects of Nordic hamstring exercise on hip and knee joints proprioception.","Acute effects of Nordic hamstring exercise on hip and knee joints proprioception.","10.1016/j.jbmt.2024.03.006","10.1016/j.jbmt.2024.03.006"
"SportDiscus","doi","100","within_second_search","","Investigation of the relationship between functional movement and respiratory muscle strength in professional football players and sedentary individuals: A controlled trial.","Investigation of the relationship between functional movement and respiratory muscle strength in professional football players and sedentary individuals: A controlled trial.","10.1016/j.jbmt.2024.01.035","10.1016/j.jbmt.2024.01.035"
"SportDiscus","doi","100","within_second_search","","Impact of curcumin supplementation on exercise performance and muscle damage after a soccer match: a double-blind placebo-controlled cross-over study.","Impact of curcumin supplementation on exercise performance and muscle damage after a soccer match: a double-blind placebo-controlled cross-over study.","10.1007/s00421-024-05429-y","10.1007/s00421-024-05429-y"
"SportDiscus","doi","100","within_second_search","","Do Sport-Related Concussions Later in the Season Take Longer to Recover From?","Do Sport-Related Concussions Later in the Season Take Longer to Recover From?.","10.1097/jsm.0000000000001189","10.1097/jsm.0000000000001189"
"SportDiscus","doi","100","within_second_search","","Chronic Traumatic Encephalopathy in Soccer Players: Review of 14 Cases.","Chronic Traumatic Encephalopathy in Soccer Players: Review of 14 Cases.","10.1097/jsm.0000000000001174","10.1097/jsm.0000000000001174"
"SportDiscus","doi","100","within_second_search","","Blood–Brain Barrier Dysfunction and Exposure to Head Impacts in University Football Players.","Blood-Brain Barrier Dysfunction and Exposure to Head Impacts in University Football Players.","10.1097/jsm.0000000000001164","10.1097/jsm.0000000000001164"
"SportDiscus","title_author_year","100","within_second_search","","全国足球发展重点城市青训治理路径研究.","تاثیر کینزیوتیپ بر حس عمقی و مکانیک فرود فوتبالیستهای با ریسک بالای آسیب رباط صلیبی قدامی یک مطالعه تصادفی شده کنترل دار.","",""
"SportDiscus","title_author_year","100","within_second_search","","Latest Clinical Research Published by ACSM.","Latest Clinical Research Published by ACSM.","10.1249/jsr.0000000000001320","10.1249/jsr.0000000000001332"
"SportDiscus","doi","100","within_second_search","","Effects of School Physical Education on the Exercise Habits of Children and Adolescents: An Empirical Analysis Using China Health and Nutrition Survey Data.","Effects of School Physical Education on the Exercise Habits of Children and Adolescents: An Empirical Analysis Using China Health and Nutrition Survey Data.","10.1111/josh.13391","10.1111/josh.13391"
"SportDiscus","title_author_year","100","within_second_search","","EDITORIAL.","EDITORIAL.","",""
"SportDiscus","doi","100","within_second_search","","Street soccer and homelessness: Exploring social identities, health, and well-being.","Street soccer and homelessness: Exploring social identities, health, and well-being.","10.1016/j.psychsport.2023.102529","10.1016/j.psychsport.2023.102529"
"SportDiscus","doi","100","within_second_search","","Injury surveillance in Spanish professional female soccer players: A three-season retrospective study.","Injury surveillance in Spanish professional female soccer players: A three-season retrospective study.","10.1016/j.injury.2024.111922","10.1016/j.injury.2024.111922"
"SportDiscus","doi","100","within_second_search","","Quantitative assessment of brain injury and concussion induced by an unintentional soccer ball impact.","Quantitative assessment of brain injury and concussion induced by an unintentional soccer ball impact.","10.1016/j.injury.2024.111658","10.1016/j.injury.2024.111658"
"SportDiscus","doi","100","within_second_search","","Soccer Injuries.","Soccer Injuries.","10.1097/jsa.0000000000000410","10.1097/jsa.0000000000000410"
"SportDiscus","doi","100","within_second_search","","Relationship between coordination variability and Osgood-Schlatter disease in male junior youth soccer players -cross-sectional study using an inertial measurement unit-.","Relationship between coordination variability and Osgood-Schlatter disease in male junior youth soccer players -cross-sectional study using an inertial measurement unit.","10.1016/j.clinbiomech.2024.106182","10.1016/j.clinbiomech.2024.106182"
"SportDiscus","doi","100","within_second_search","","Correction to: The Football Association Injury and Illness Surveillance Study: The Incidence, Burden and Severity of Injuries and Illness in Men's and Women's International Football.","Correction to: The Football Association Injury and Illness Surveillance Study: The Incidence, Burden and Severity of Injuries and Illness in Men's and Women's International Football.","10.1007/s40279-023-01971-5","10.1007/s40279-023-01971-5"
"SportDiscus","doi","93","within_second_search","","CSP2023: 441 - A series of single-case experiments exploring cryotherapy interventions in semi-professional football players with medial collateral ligament injuries.","A series of single-case experiments exploring cryotherapy interventions in semi-professional football players with medial collateral ligament injuries","10.1016/j.physio.2024.04.290","10.1016/j.physio.2024.04.290"
"SportDiscus","doi","100","within_second_search","","Epidemiology of lateral ankle sprain focusing on indirect contact mechanism in male and female soccer players: An 18.5-month cohort study.","Epidemiology of lateral ankle sprain focusing on indirect contact mechanism in male and female soccer players: An 18.5-month cohort study.","10.1016/j.injury.2024.111699","10.1016/j.injury.2024.111699"
"SportDiscus","doi","100","within_second_search","","A Comparative Review of Surgical and Conservative Outcomes in Pediatric Gamekeeper's Thumb.","A Comparative Review of Surgical and Conservative Outcomes in Pediatric Gamekeeper's Thumb","10.1016/j.apmr.2024.02.202","10.1016/j.apmr.2024.02.202"
"SportDiscus","doi","91","within_second_search","","CSP2023: 492 - The Injury Incident Rate of Anterior Cruciate Ligament Injuries in Male Professional Football Players: A Systematic Review.","The Injury Incident Rate of Anterior Cruciate Ligament Injuries in Male Professional Football Players: A Systematic Review","10.1016/j.physio.2024.04.324","10.1016/j.physio.2024.04.324"
"SportDiscus","doi","100","within_second_search","","The Homeless World Cup through storytelling: The narratives of Street Soccer players from Scotland and the USA.","The Homeless World Cup through storytelling: The narratives of Street Soccer players from Scotland and the USA.","10.1016/j.psychsport.2023.102549","10.1016/j.psychsport.2023.102549"
"PubMed","doi","100","within_second_search","","Soccer Injuries.","Soccer Injuries.","10.1097/jsa.0000000000000410","10.1097/jsa.0000000000000410"
"PubMed","doi","100","within_second_search","","The Effect of Strength and Balance Training on Kinesiophobia, Ankle Instability, Function, and Performance in Elite Adolescent Soccer Players with Functional Ankle Instability: A Prospective Cluster Randomized Controlled Trial.","The Effect of Strength and Balance Training on Kinesiophobia, Ankle Instability, Function, and Performance in Elite Adolescent Soccer Players with Functional Ankle Instability: A Prospective Cluster Randomized Controlled Trial.","10.52082/jssm.2024.593","10.52082/jssm.2024.593"
"PubMed","doi","100","within_second_search","","The Sprint Mechanics Assessment Score: A Qualitative Screening Tool for the In-field Assessment of Sprint Running Mechanics.","The Sprint Mechanics Assessment Score: A Qualitative Screening Tool for the In-field Assessment of Sprint Running Mechanics.","10.1177/03635465241235525","10.1177/03635465241235525"
"PubMed","doi","100","within_second_search","","What exercise programme is the most appropriate to mitigate anterior cruciate ligament injury risk in football (soccer) players? A systematic review and network meta-analysis.","What exercise programme is the most appropriate to mitigate anterior cruciate ligament injury risk in football (soccer) players? A systematic review and network meta-analysis.","10.1016/j.jsams.2024.02.001","10.1016/j.jsams.2024.02.001"
"PubMed","doi","100","within_second_search","","Rehabilitation and Return to Play Protocols After Anterior Cruciate Ligament Reconstruction in Soccer Players: A Systematic Review.","Rehabilitation and Return to Play Protocols After Anterior Cruciate Ligament Reconstruction in Soccer Players: A Systematic Review.","10.1177/03635465241233161","10.1177/03635465241233161"
"PubMed","doi","100","within_second_search","","Double-Leg and Single-Leg Jump Test Reference Values for Athletes With and Without Anterior Cruciate Ligament Reconstruction Who Play Popular Pivoting Sports, Including Soccer and Basketball: A Scoping Review.","Double-Leg and Single-Leg Jump Test Reference Values for Athletes With and Without Anterior Cruciate Ligament Reconstruction Who Play Popular Pivoting Sports, Including Soccer and Basketball: A Scoping Review.","10.2519/jospt.2024.12374","10.2519/jospt.2024.12374"
"PubMed","doi","100","within_second_search","","Return-to-play criteria following a hamstring injury in professional football: a scoping review.","Return-to-play criteria following a hamstring injury in professional football: a scoping review.","10.1080/15438627.2024.2439274","10.1080/15438627.2024.2439274"
"PubMed","doi","100","within_second_search","","UEFA Women's Elite Club Injury Study: a prospective study on 1527 injuries over four consecutive seasons 2018/2019 to 2021/2022 reveals thigh muscle injuries to be most common and ACL injuries most burdensome.","UEFA Women's Elite Club Injury Study: a prospective study on 1527 injuries over four consecutive seasons 2018/2019 to 2021/2022 reveals thigh muscle injuries to be most common and ACL injuries most burdensome.","10.1136/bjsports-2023-107133","10.1136/bjsports-2023-107133"
"PubMed","doi","100","within_second_search","","Return to Play and Performance After Anterior Cruciate Ligament Reconstruction in Soccer Players: A Systematic Review of Recent Evidence.","Return to Play and Performance After Anterior Cruciate Ligament Reconstruction in Soccer Players: A Systematic Review of Recent Evidence.","10.1007/s40279-024-02035-y","10.1007/s40279-024-02035-y"
"PubMed","doi","100","within_second_search","","Injury Incidence, Severity, and Type Across the Menstrual Cycle in Female Footballers: A Prospective Three Season Cohort Study.","Injury Incidence, Severity, and Type Across the Menstrual Cycle in Female Footballers: A Prospective Three Season Cohort Study.","10.1249/mss.0000000000003391","10.1249/mss.0000000000003391"
"PubMed","doi","100","within_second_search","","Concussions in Soccer.","Concussions in Soccer.","10.1097/jsa.0000000000000403","10.1097/jsa.0000000000000403"
"PubMed","title_author_year","100","within_second_search","","Strengthening exercise and motor control among football players with ankle sprain: A scoping review.","Strengthening exercise and motor control among football players with ankle sprain: A scoping review.","",""
"PubMed","doi","100","within_second_search","","The effectiveness of the Copenhagen adduction exercise on improving eccentric hip adduction strength among soccer players with groin injury: a randomized controlled trial.","The effectiveness of the Copenhagen adduction exercise on improving eccentric hip adduction strength among soccer players with groin injury: a randomized controlled trial.","10.1080/00913847.2024.2321958","10.1080/00913847.2024.2321958"
"PubMed","doi","100","within_second_search","","Meniscus Injuries in Soccer.","Meniscus Injuries in Soccer.","10.1097/jsa.0000000000000389","10.1097/jsa.0000000000000389"
"PubMed","doi","100","within_second_search","","Soccer (football) and brain health.","Soccer (football) and brain health.","10.1007/s00415-024-12320-5","10.1007/s00415-024-12320-5"
"PubMed","doi","100","within_second_search","","Four distinct patterns of anterior cruciate ligament injury in women's professional football (soccer): a systematic video analysis of 37 match injuries.","Four distinct patterns of anterior cruciate ligament injury in women's professional football (soccer): a systematic video analysis of 37 match injuries.","10.1136/bjsports-2023-107113","10.1136/bjsports-2023-107113"
"PubMed","doi","100","within_second_search","","A New Anatomical Approach to T-Junction Hamstring Injuries.","A New Anatomical Approach to T-Junction Hamstring Injuries.","10.1007/s40279-025-02366-4","10.1007/s40279-025-02366-4"
"PubMed","doi","100","within_second_search","","Efficacy of a new injury prevention programme (FUNBALL) in young male football (soccer) players: a cluster-randomised controlled trial.","Efficacy of a new injury prevention programme (FUNBALL) in young male football (soccer) players: a cluster-randomised controlled trial.","10.1136/bjsports-2023-107388","10.1136/bjsports-2023-107388"
"PubMed","doi","100","within_second_search","","Knee Biomechanics During Cutting Maneuvers and Secondary ACL Injury Risk: A Prospective Cohort Study of Knee Biomechanics in 756 Female Elite Handball and Soccer Players.","Knee Biomechanics During Cutting Maneuvers and Secondary ACL Injury Risk: A Prospective Cohort Study of Knee Biomechanics in 756 Female Elite Handball and Soccer Players.","10.1177/03635465241234255","10.1177/03635465241234255"
"PubMed","doi","100","existing_extraction","S498","Epidemiology of Anterior Cruciate Ligament Tears in National Collegiate Athletic Association Athletes: 2014/2015-2018/2019.","Epidemiology of Anterior Cruciate Ligament Tears in National Collegiate Athletic Association Athletes: 2014/2015-2018/2019","10.1249/mss.0000000000003281","10.1249/mss.0000000000003281"
"PubMed","doi","100","within_second_search","","Patellofemoral Disorders in Soccer Players.","Patellofemoral Disorders in Soccer Players.","10.1097/jsa.0000000000000390","10.1097/jsa.0000000000000390"
"PubMed","doi","100","within_second_search","","The 11+ injury prevention programme decreases rate of hamstring strain injuries in male collegiate soccer players.","The 11+ injury prevention programme decreases rate of hamstring strain injuries in male collegiate soccer players.","10.1136/bjsports-2023-107323","10.1136/bjsports-2023-107323"
"PubMed","doi","100","within_second_search","","Comparing virtual reality and balance training effects on postural strategies during ball kicking in soccer players with chronic ankle instability.","Comparing virtual reality and balance training effects on postural strategies during ball kicking in soccer players with chronic ankle instability.","10.1038/s41598-024-83071-6","10.1038/s41598-024-83071-6"
"PubMed","doi","100","within_second_search","","Anterior cruciate ligament injury incidence in male and female soccer players: A longitudinal study over six consecutive seasons.","Anterior cruciate ligament injury incidence in male and female soccer players: A longitudinal study over six consecutive seasons.","10.1002/ksa.70046","10.1002/ksa.70046"
"PubMed","doi","100","within_second_search","","Injection therapy in professional footballers.","Injection therapy in professional footballers.","10.1007/s00264-024-06301-6","10.1007/s00264-024-06301-6"
"PubMed","doi","100","within_second_search","","Heading into the future: Evaluating the risk of repetitive impacts in football (soccer).","Heading into the future: Evaluating the risk of repetitive impacts in football (soccer).","10.1016/j.jsams.2024.08.197","10.1016/j.jsams.2024.08.197"
"PubMed","doi","100","within_second_search","","Guide to Muscular Injuries and Common Ligamentous Injuries Among Soccer Players.","Guide to Muscular Injuries and Common Ligamentous Injuries Among Soccer Players.","10.1097/jsa.0000000000000411","10.1097/jsa.0000000000000411"
"PubMed","doi","100","within_second_search","","ACL Injuries in Women's Football: The Professionalization Mismatch.","ACL Injuries in Women's Football: The Professionalization Mismatch.","10.2519/jospt.2025.12926","10.2519/jospt.2025.12926"
"PubMed","doi","100","within_second_search","","Physical activity interventions for the promotion of mental health outcomes in at-risk children and adolescents: a systematic review.","Physical activity interventions for the promotion of mental health outcomes in at-risk children and adolescents: a systematic review.","10.1080/17437199.2024.2391787","10.1080/17437199.2024.2391787"
"PubMed","doi","100","within_second_search","","Femoroacetabular Impingement and Groin Injuries Among Soccer Players.","Femoroacetabular Impingement and Groin Injuries Among Soccer Players.","10.1097/jsa.0000000000000394","10.1097/jsa.0000000000000394"
"PubMed","doi","100","within_second_search","","Anterior Cruciate Ligament Tears in Soccer Players.","Anterior Cruciate Ligament Tears in Soccer Players.","10.1097/jsa.0000000000000391","10.1097/jsa.0000000000000391"
"PubMed","doi","100","within_second_search","","In-match strategies to mitigate the effect of heat on football (soccer) players' health and performance.","In-match strategies to mitigate the effect of heat on football (soccer) players' health and performance.","10.1136/bjsports-2023-107907","10.1136/bjsports-2023-107907"
"PubMed","doi","100","within_second_search","","Health and Lifestyle Factors and Dementia Risk Among Former Professional Soccer Players.","Health and Lifestyle Factors and Dementia Risk Among Former Professional Soccer Players.","10.1001/jamanetworkopen.2024.49742","10.1001/jamanetworkopen.2024.49742"
"PubMed","doi","100","within_second_search","","Kinesiology taping improves balance in football players with chronic ankle instability.","Kinesiology taping improves balance in football players with chronic ankle instability.","10.1016/j.jbmt.2024.04.048","10.1016/j.jbmt.2024.04.048"
"PubMed","doi","100","within_second_search","","Physical Conditioning and Functional Injury-Screening Profile of Elite Female Soccer Players: A Systematic Review.","Physical Conditioning and Functional Injury-Screening Profile of Elite Female Soccer Players: A Systematic Review.","10.1123/ijspp.2023-0463","10.1123/ijspp.2023-0463"
"PubMed","doi","100","within_second_search","","Hamstring Injuries: A Paradigm for Return to Play.","Hamstring Injuries: A Paradigm for Return to Play.","10.1055/s-0043-1778027","10.1055/s-0043-1778027"
"PubMed","doi","100","within_second_search","","Health status of university football athletes through multidimensional screening.","Health status of university football athletes through multidimensional screening.","10.1080/00913847.2023.2246178","10.1080/00913847.2023.2246178"
"PubMed","doi","100","within_second_search","","Only severe Injuries are effectively reduced by muscles' injury prevention protocols in football players: A systematic review.","Only severe Injuries are effectively reduced by muscles' injury prevention protocols in football players: A systematic review.","10.12688/f1000research.148925.2","10.12688/f1000research.148925.2"
"PubMed","doi","100","within_second_search","","Predicting Injuries in Elite Female Football Players With Global-Positioning-System and Multiomics Data.","Predicting Injuries in Elite Female Football Players With Global-Positioning-System and Multiomics Data.","10.1123/ijspp.2023-0184","10.1123/ijspp.2023-0184"
"PubMed","doi","100","within_second_search","","Mental health of young talented football players in an African context: A cross-sectional observational study.","Mental health of young talented football players in an African context: A cross-sectional observational study.","10.1016/j.comppsych.2024.152519","10.1016/j.comppsych.2024.152519"
"PubMed","doi","100","within_second_search","","Intrinsic Risk Factors for Noncontact Anterior Cruciate Ligament Injury in Young Female Soccer Players: A Prospective Cohort Study.","Intrinsic Risk Factors for Noncontact Anterior Cruciate Ligament Injury in Young Female Soccer Players: A Prospective Cohort Study.","10.1177/03635465241278745","10.1177/03635465241278745"
"PubMed","doi","100","within_second_search","","We stand with the players: a call to action for the football community.","We stand with the players: a call to action for the football community.","10.1136/bjsports-2023-108041","10.1136/bjsports-2023-108041"
"PubMed","doi","100","within_second_search","","MRI findings of closed hand injuries in adolescent goalkeepers: a case-based review.","MRI findings of closed hand injuries in adolescent goalkeepers: a case-based review.","10.1007/s00256-023-04531-0","10.1007/s00256-023-04531-0"
"PubMed","doi","100","within_second_search","","Does Playing Football (Soccer) Really Increase the Risk of Knee Osteoarthritis? A Systematic Review and Meta-analysis.","Does Playing Football (Soccer) Really Increase the Risk of Knee Osteoarthritis? A Systematic Review and Meta-analysis.","10.2519/jospt.2024.12029","10.2519/jospt.2024.12029"
"PubMed","doi","100","within_second_search","","Artificial intelligence applications in the football codes: A systematic review.","Artificial intelligence applications in the football codes: A systematic review.","10.1080/02640414.2024.2383065","10.1080/02640414.2024.2383065"
"PubMed","doi","100","within_second_search","","Injury Risk Reduction Strategies in Professional Football (Soccer): What Is the Evidence?","Injury Risk Reduction Strategies in Professional Football (Soccer): What Is the Evidence?","10.1249/jsr.0000000000001290","10.1249/jsr.0000000000001290"
"PubMed","doi","100","within_second_search","","Injuries in Female Soccer Athletes: Risk of Injury Across Different Phases of the Menstrual Cycle.","Injuries in Female Soccer Athletes: Risk of Injury Across Different Phases of the Menstrual Cycle.","10.1080/02701367.2025.2515968","10.1080/02701367.2025.2515968"
"PubMed","doi","100","within_second_search","","The Role of Virtual Reality in the Management of Football Injuries.","The Role of Virtual Reality in the Management of Football Injuries.","10.3390/medicina60061000","10.3390/medicina60061000"
"PubMed","doi","100","within_second_search","","The Influence of Futsal Players' Initial Physical Condition on the Occurrence of Injuries.","The Influence of Futsal Players' Initial Physical Condition on the Occurrence of Injuries.","10.1055/a-2363-1885","10.1055/a-2363-1885"
"PubMed","doi","100","within_second_search","","Association of Genetic Profile with Muscle Mass Gain and Muscle Injury Prevention in Professional Football Players after Creatine Supplementation.","Association of Genetic Profile with Muscle Mass Gain and Muscle Injury Prevention in Professional Football Players after Creatine Supplementation.","10.3390/nu16152511","10.3390/nu16152511"
"PubMed","doi","100","within_second_search","","The impact of a 10-week Nordic hamstring exercise programme on hamstring muscle stiffness, a randomised controlled trial using shear wave elastography.","The impact of a 10-week Nordic hamstring exercise programme on hamstring muscle stiffness, a randomised controlled trial using shear wave elastography.","10.1080/02640414.2024.2402163","10.1080/02640414.2024.2402163"
"PubMed","doi","100","within_second_search","","Epidemiology of Injury in Elite and Amateur Soccer Referees: A Systematic Review and Meta-analysis.","Epidemiology of Injury in Elite and Amateur Soccer Referees: A Systematic Review and Meta-analysis.","10.1007/s40279-025-02326-y","10.1007/s40279-025-02326-y"
"PubMed","doi","100","within_second_search","","Injuries and risk factors in men's beach soccer: Japanese national championships 2013-2023.","Injuries and risk factors in men's beach soccer: Japanese national championships 2013–2023.","10.1080/24733938.2025.2558580","10.1080/24733938.2025.2558580"
"PubMed","doi","100","existing_extraction","S366","Uncovering injuries in Brazilian elite women's football: A prospective cohort study.","Uncovering injuries in Brazilian elite women's football: A prospective cohort study","10.1016/j.jsams.2024.01.008","10.1016/j.jsams.2024.01.008"
"PubMed","doi","100","within_second_search","","Snooze it or Lose it: Understanding Sleep Disturbance and Injuries in Soccer and Basketball Student-Athletes.","Snooze it or Lose it: Understanding Sleep Disturbance and Injuries in Soccer and Basketball Student-Athletes.","10.1097/jsm.0000000000001250","10.1097/jsm.0000000000001250"
"PubMed","doi","100","within_second_search","","Pulling the Flag: The Physical and Mental Health Effects of High School Flag Football Among Female Adolescents.","Pulling the Flag: The Physical and Mental Health Effects of High School Flag Football Among Female Adolescents.","10.1097/jsm.0000000000001362","10.1097/jsm.0000000000001362"
"PubMed","doi","100","within_second_search","","Sport-specific differences in ACL injury, treatment and return to sports: Football.","Sport‐specific differences in ACL injury, treatment and return to sports: Football.","10.1002/ksa.12803","10.1002/ksa.12803"
"PubMed","doi","100","within_second_search","","Physical and psychological demands of walking football in tournaments: Implications for older adults.","Physical and psychological demands of walking football in tournaments: Implications for older adults.","10.1080/02640414.2025.2550055","10.1080/02640414.2025.2550055"
"PubMed","doi","100","within_second_search","","Shoulder injuries in Brazilian professional football players: epidemiological analysis of 3828 games.","Shoulder injuries in Brazilian professional football players: epidemiological analysis of 3828 games.","10.1016/j.jisako.2024.01.012","10.1016/j.jisako.2024.01.012"
"PubMed","doi","100","within_second_search","","Soccer and volleyball players do not land differently: implications for anterior cruciate ligament injury risk.","Soccer and volleyball players do not land differently: implications for anterior cruciate ligament injury risk.","10.23736/s0022-4707.24.15769-6","10.23736/s0022-4707.24.15769-6"
"PubMed","doi","100","within_second_search","","Chronic Traumatic Encephalopathy in Soccer Players: Review of 14 Cases.","Chronic Traumatic Encephalopathy in Soccer Players: Review of 14 Cases.","10.1097/jsm.0000000000001174","10.1097/jsm.0000000000001174"
"PubMed","doi","100","within_second_search","","SUPER rehabilitation of hamstring strain injuries in soccer players: Delphi consensus study.","SUPER rehabilitation of hamstring strain injuries in soccer players: Delphi consensus study.","10.1080/09593985.2023.2226732","10.1080/09593985.2023.2226732"
"PubMed","doi","100","within_second_search","","FIFA 11+ KIDS in the prevention of soccer injuries in children: a systematic review.","FIFA 11+ KIDS in the prevention of soccer injuries in children: a systematic review.","10.1186/s13018-024-04876-9","10.1186/s13018-024-04876-9"
"PubMed","doi","100","within_second_search","","Physical Demands of Walking Football in Patients With Cardiovascular Risk Factors and Diseases.","Physical Demands of Walking Football in Patients With Cardiovascular Risk Factors and Diseases.","10.1097/jsm.0000000000001218","10.1097/jsm.0000000000001218"
"PubMed","doi","100","within_second_search","","Visualisation of Studies on Knee Injuries in Football: A Bibliometric Analysis.","Visualisation of Studies on Knee Injuries in Football: A Bibliometric Analysis.","10.1055/a-2337-5760","10.1055/a-2337-5760"
"PubMed","doi","100","within_second_search","","Neurocognitive Errors and Noncontact Anterior Cruciate Ligament Injuries in Professional Male Soccer Players.","Neurocognitive Errors and Noncontact Anterior Cruciate Ligament Injuries in Professional Male Soccer Players.","10.4085/1062-6050-0209.22","10.4085/1062-6050-0209.22"
"PubMed","doi","100","within_second_search","","Prevalence and intensity of pain in male and female amateur football players: A prospective cohort study.","Prevalence and intensity of pain in male and female amateur football players: A prospective cohort study.","10.1016/j.jsams.2024.01.006","10.1016/j.jsams.2024.01.006"
"PubMed","doi","100","within_second_search","","Match workload and international travel associated with (ACL) injuries in professional women's football.","Match workload and international travel associated with (ACL) injuries in professional women's football.","10.1002/ejsc.12193","10.1002/ejsc.12193"
"PubMed","doi","100","within_second_search","","The Football Association Injury and Illness Surveillance Study: The Incidence, Burden, and Severity of Injuries in English Women's Domestic Football-A 5-Year Prospective Cohort Study.","The Football Association Injury and Illness Surveillance Study: The Incidence, Burden, and Severity of Injuries in English Women's Domestic Football—A 5‐Year Prospective Cohort Study.","10.1111/sms.70094","10.1111/sms.70094"
"PubMed","doi","100","within_second_search","","Head Injuries and Correlates in Beach Soccer: Video-Based Analysis of Five Consecutive Seasons.","Head Injuries and Correlates in Beach Soccer: Video-Based Analysis of Five Consecutive Seasons.","10.1097/phm.0000000000002712","10.1097/phm.0000000000002712"
"PubMed","doi","100","within_second_search","","The Acute: Chronic Workload Ratio and Injury Risk in Semiprofessional Football Players.","The Acute: Chronic Workload Ratio and Injury Risk in Semiprofessional Football Players.","10.1055/a-2282-0024","10.1055/a-2282-0024"
"PubMed","doi","100","within_second_search","","Musculoskeletal Pain, Mood, and Sports Injury in Wheelchair Power Soccer Players.","Musculoskeletal Pain, Mood, and Sports Injury in Wheelchair Power Soccer Players.","10.1123/jsr.2022-0251","10.1123/jsr.2022-0251"
"PubMed","doi","100","within_second_search","","Systematic video analysis of ankle sprain injuries in elite male football (soccer): Injury mechanisms, situational patterns, biomechanics and neurocognitive errors study: A study on 140 consecutive players.","Systematic video analysis of ankle sprain injuries in elite male football (soccer): Injury mechanisms, situational patterns, biomechanics and neurocognitive errors study: A study on 140 consecutive players.","10.1002/ksa.70049","10.1002/ksa.70049"
"PubMed","doi","100","existing_extraction","S471","Well-being fluctuations and injuries during an entire season in male professional soccer players: an observational study.","Well-being fluctuations and injuries during an entire season in male professional soccer players: an observational study","10.1080/15438627.2024.2330959","10.1080/15438627.2024.2330959"
"PubMed","doi","100","within_second_search","","An in-season ecological program performed by soccer players changes pelvic kinematics during static, linear sprinting and sport-specific tasks: Implications for hamstring injuries.","An in-season ecological program performed by soccer players changes pelvic kinematics during static, linear sprinting and sport-specific tasks: Implications for hamstring injuries.","10.1080/02640414.2025.2474360","10.1080/02640414.2025.2474360"
"PubMed","doi","100","within_second_search","","Injury prevention in professional soccer players: can re-warmup training be organized in the post-warmup and half-time during a soccer game in a short time?","Injury prevention in professional soccer players: can re-warmup training be organized in the post-warmup and half-time during a soccer game in a short time?.","10.23736/s0022-4707.24.15900-2","10.23736/s0022-4707.24.15900-2"
"PubMed","doi","100","within_second_search","","Shoulder injuries in amateur soccer players. An exploratory cross-sectional survey.","Shoulder injuries in amateur soccer players. An exploratory cross-sectional survey.","10.1016/j.ptsp.2025.02.004","10.1016/j.ptsp.2025.02.004"
"PubMed","doi","100","within_second_search","","The frequency of injuries of Iranian male professional soccer players: a cross-sectional study.","The frequency of injuries of Iranian male professional soccer players: a cross-sectional study.","10.5249/jivr.v16i2.1897","10.5249/jivr.v16i2.1897"
"PubMed","doi","100","within_second_search","","Male and female soccer players exhibit different knee joint mechanics during pre-planned change of direction.","Male and female soccer players exhibit different knee joint mechanics during pre-planned change of direction.","10.1080/14763141.2020.1830160","10.1080/14763141.2020.1830160"
"PubMed","doi","100","within_second_search","","Sport-related concussion in 8- to 12-year-olds: an understudied population.","Sport-related concussion in 8- to 12-year-olds: an understudied population.","10.3171/2023.10.peds23410","10.3171/2023.10.peds23410"
"PubMed","doi","100","within_second_search","","Comparative Effects of 2 Different Frequencies of Resistance Training in an Integral Periodization Approach on High-Intensity Actions and Noncontact Injuries in Young Trained Soccer Players.","Comparative Effects of 2 Different Frequencies of Resistance Training in an Integral Periodization Approach on High-Intensity Actions and Noncontact Injuries in Young Trained Soccer Players.","10.1123/ijspp.2024-0518","10.1123/ijspp.2024-0518"
"PubMed","doi","100","within_second_search","","Relationship between external and internal load indicators and injury using machine learning in professional soccer: a systematic review and meta-analysis.","Relationship between external and internal load indicators and injury using machine learning in professional soccer: a systematic review and meta-analysis.","10.1080/15438627.2023.2297190","10.1080/15438627.2023.2297190"
"PubMed","doi","100","within_second_search","","Knee and ACL injury rates in NCAA soccer players: an epidemiological study of 10 consecutive seasons.","Knee and ACL injury rates in NCAA soccer players: an epidemiological study of 10 consecutive seasons.","10.1080/24733938.2025.2476479","10.1080/24733938.2025.2476479"
"PubMed","doi","100","within_second_search","","Injury surveillance in Spanish professional female soccer players: A three-season retrospective study.","Injury surveillance in Spanish professional female soccer players: A three-season retrospective study.","10.1016/j.injury.2024.111922","10.1016/j.injury.2024.111922"
"PubMed","doi","100","within_second_search","","Economic impact of muscle injury rate and hamstring strain injuries in professional football clubs. Evidence from LaLiga.","Economic impact of muscle injury rate and hamstring strain injuries in professional football clubs. Evidence from LaLiga.","10.1371/journal.pone.0301498","10.1371/journal.pone.0301498"
"PubMed","doi","100","within_second_search","","Return to training in soccer players after anterior cruciate ligament reconstruction: reflections and considerations.","Return to training in soccer players after anterior cruciate ligament reconstruction: reflections and considerations.","10.23736/s0022-4707.23.15448-x","10.23736/s0022-4707.23.15448-x"
"PubMed","doi","100","within_second_search","","A Higher Thigh Muscle Injury Incidence in Professional Male Soccer Players Returning to Play After Anterior Cruciate Ligament Reconstruction: Analysis of 110 Cases From the UEFA Elite Club Injury Study.","A Higher Thigh Muscle Injury Incidence in Professional Male Soccer Players Returning to Play After Anterior Cruciate Ligament Reconstruction: Analysis of 110 Cases From the UEFA Elite Club Injury Study.","10.1177/03635465251353213","10.1177/03635465251353213"
"PubMed","doi","100","within_second_search","","A comparative video analysis of hamstring injuries mechanism and situational pattern in men's and women's football (soccer).","A comparative video analysis of hamstring injuries mechanism and situational pattern in men's and women's football (soccer).","10.1002/ksa.12313","10.1002/ksa.12313"
"PubMed","doi","100","within_second_search","","[Complex knee injuries in football : Management from injury to return to competition].","[Complex knee injuries in football : Management from injury to return to competition].","10.1007/s00132-024-04508-4","10.1007/s00132-024-04508-4"
"PubMed","doi","100","within_second_search","","Sex- and Age-Specific Review of Flag Football Injuries in the United States: A 10-Year Analysis of National Injury Data.","Sex- and Age-Specific Review of Flag Football Injuries in the United States: A 10-Year Analysis of National Injury Data.","10.1177/19417381251326575","10.1177/19417381251326575"
"PubMed","doi","100","within_second_search","","Time-loss injuries and illnesses at the FIFA world cup Qatar 2022.","Time-loss injuries and illnesses at the FIFA world cup Qatar 2022.","10.1080/24733938.2024.2357568","10.1080/24733938.2024.2357568"
"PubMed","doi","100","within_second_search","","The Association Between Psychosocial Factors and Reported Injuries Among Youth Grassroot Soccer Players.","The Association Between Psychosocial Factors and Reported Injuries Among Youth Grassroot Soccer Players.","10.1002/ejsc.12314","10.1002/ejsc.12314"
"PubMed","doi","100","within_second_search","","Quality of Life in Youth Soccer Players After Mild Traumatic Brain Injury.","Quality of Life in Youth Soccer Players After Mild Traumatic Brain Injury.","10.4085/1062-6050-0011.23","10.4085/1062-6050-0011.23"
"PubMed","doi","100","within_second_search","","Injury epidemiology in Australian women's professional football.","Injury epidemiology in Australian women's professional football.","10.1016/j.jsams.2024.11.012","10.1016/j.jsams.2024.11.012"
"PubMed","doi","100","within_second_search","","Knowledge and awareness of anterior cruciate ligament injury among Turkish professional athletes: an online survey.","Knowledge and awareness of anterior cruciate ligament injury among Turkish professional athletes: an online survey.","10.1080/15438627.2023.2252128","10.1080/15438627.2023.2252128"
"PubMed","doi","100","within_second_search","","Ankle sprain, concussion, and anterior cruciate ligament injuries are common and burdensome in sub-elite female Australian football players.","Ankle sprain, concussion, and anterior cruciate ligament injuries are common and burdensome in sub-elite female Australian football players.","10.1016/j.jsams.2024.05.008","10.1016/j.jsams.2024.05.008"
"PubMed","doi","100","within_second_search","","The Football Association Injury and Illness Surveillance Study: The Incidence, Burden and Severity of Injuries and Illness in Men's and Women's International Football.","The Football Association Injury and Illness Surveillance Study: The Incidence, Burden and Severity of Injuries and Illness in Men's and Women's International Football.","10.1007/s40279-020-01411-8","10.1007/s40279-020-01411-8"
"PubMed","doi","100","within_second_search","","Career Length After Surgically Treated ACL Plus Collateral Ligament Injury in Elite Athletes.","Career Length After Surgically Treated ACL Plus Collateral Ligament Injury in Elite Athletes.","10.1177/03635465241262440","10.1177/03635465241262440"
"PubMed","doi","100","within_second_search","","Quantitative assessment of brain injury and concussion induced by an unintentional soccer ball impact.","Quantitative assessment of brain injury and concussion induced by an unintentional soccer ball impact.","10.1016/j.injury.2024.111658","10.1016/j.injury.2024.111658"
"PubMed","doi","100","within_second_search","","Team Approach: Neuromuscular Training for Primary and Secondary Prevention of Anterior Cruciate Ligament Injury.","Team Approach: Neuromuscular Training for Primary and Secondary Prevention of Anterior Cruciate Ligament Injury.","10.2106/jbjs.rvw.23.00207","10.2106/jbjs.rvw.23.00207"
"PubMed","doi","100","within_second_search","","Boosting the clinical use of ground reaction forces in anterior cruciate ligament injury prevention: The 'CUTtheACL' study.","Boosting the clinical use of ground reaction forces in anterior cruciate ligament injury prevention: The 'CUTtheACL' study.","10.1002/ksa.70017","10.1002/ksa.70017"
"PubMed","doi","100","within_second_search","","Asymmetry in kinematics of dominant/nondominant lower limbs in central and lateral positioned college and sub-elite soccer players.","Asymmetry in kinematics of dominant/nondominant lower limbs in central and lateral positioned college and sub-elite soccer players.","10.1371/journal.pone.0304511","10.1371/journal.pone.0304511"
"PubMed","doi","100","within_second_search","","Injury Prevention Training in Girls' and Women's Elite Football in Denmark: A Survey of Practices and Perceptions.","Injury Prevention Training in Girls' and Women's Elite Football in Denmark: A Survey of Practices and Perceptions.","10.1111/sms.14696","10.1111/sms.14696"
"PubMed","doi","100","within_second_search","","Epidemiology of Hamstring Tears in National Collegiate Athletic Association Athletes: Findings From the National Collegiate Athletic Association Injury Surveillance Program Between 2014/2015 and 2018/2019.","Epidemiology of Hamstring Tears in National Collegiate Athletic Association Athletes: Findings From the National Collegiate Athletic Association Injury Surveillance Program Between 2014/2015 and 2018/2019.","10.1097/jsm.0000000000001240","10.1097/jsm.0000000000001240"
"PubMed","doi","100","within_second_search","","The relationship between young football players' psychological health resources and the psychological quality of their football experiences: A cross-sectional study.","The relationship between young football players' psychological health resources and the psychological quality of their football experiences: A cross-sectional study.","10.1371/journal.pone.0305978","10.1371/journal.pone.0305978"
"PubMed","doi","100","within_second_search","","Enhancing Sports Injury Risk Assessment in Soccer Through Machine Learning and Training Load Analysis.","Enhancing Sports Injury Risk Assessment in Soccer Through Machine Learning and Training Load Analysis.","10.52082/jssm.2024.537","10.52082/jssm.2024.537"
"PubMed","doi","100","within_second_search","","Comparative Outcomes of Isolated Lateral Meniscal Repair and Meniscectomy in Professional Soccer Players: Implications for Return to Play, Career Longevity, and Performance.","Comparative Outcomes of Isolated Lateral Meniscal Repair and Meniscectomy in Professional Soccer Players: Implications for Return to Play, Career Longevity, and Performance.","10.1177/03635465251362504","10.1177/03635465251362504"
"PubMed","doi","100","within_second_search","","Changes in injury and illness incidence and burden in elite junior male Australian footballers over a 6-year period.","Changes in injury and illness incidence and burden in elite junior male Australian footballers over a 6-year period.","10.1016/j.jsams.2024.07.007","10.1016/j.jsams.2024.07.007"
"PubMed","doi","100","within_second_search","","Differences in Overuse Injuries in Gender-Comparable Sports: A Nationally Representative Sample of High School Athletes.","Differences in Overuse Injuries in Gender-Comparable Sports: A Nationally Representative Sample of High School Athletes.","10.4085/1062-6050-0040.23","10.4085/1062-6050-0040.23"
"PubMed","doi","100","within_second_search","","Mechanisms of Injury Leading to Concussions in Collegiate Soccer Players: A CARE Consortium Study.","Mechanisms of Injury Leading to Concussions in Collegiate Soccer Players: A CARE Consortium Study.","10.1177/03635465241240789","10.1177/03635465241240789"
"PubMed","doi","100","within_second_search","","Assessment of Eating Disorder Risk According to Sport Level, Sex, and Social Media Use among Polish Football Players: A Cross-Sectional Study.","Assessment of Eating Disorder Risk According to Sport Level, Sex, and Social Media Use among Polish Football Players: A Cross-Sectional Study.","10.3390/nu16203470","10.3390/nu16203470"
"PubMed","doi","100","within_second_search","","Movement Rate and Brain-Muscle Coupling in Male Footballers With and Without Hamstring Injury History.","Movement Rate and Brain-Muscle Coupling in Male Footballers With and Without Hamstring Injury History.","10.1177/19417381251350688","10.1177/19417381251350688"
"PubMed","doi","100","within_second_search","","Injury-inciting circumstances of sudden-onset hamstring injuries: video analyses of 63 match injuries in male professional football players in the Qatar Stars League (2013-2020).","Injury-inciting circumstances of sudden-onset hamstring injuries: video analyses of 63 match injuries in male professional football players in the Qatar Stars League (2013-2020).","10.1136/bjsports-2023-106722","10.1136/bjsports-2023-106722"
"PubMed","doi","100","within_second_search","","Effects of plyometric training on physical performance and mental well-being in young soccer players.","Effects of plyometric training on physical performance and mental well-being in young soccer players.","10.1080/02640414.2025.2567786","10.1080/02640414.2025.2567786"
"PubMed","doi","100","within_second_search","","The team behind the team: prevalence and correlates of mental health problems among professional football team medical and allied staff?","The team behind the team: prevalence and correlates of mental health problems among professional football team medical and allied staff?.","10.1080/15438627.2023.2216827","10.1080/15438627.2023.2216827"
"PubMed","doi","100","within_second_search","","The effects of heading motion and sex on lower extremity biomechanics in soccer players.","The effects of heading motion and sex on lower extremity biomechanics in soccer players.","10.1016/j.knee.2024.08.001","10.1016/j.knee.2024.08.001"
"PubMed","doi","100","within_second_search","","Position comparison of sport-related concussions in female youth soccer players.","Position comparison of sport-related concussions in female youth soccer players.","10.1080/00913847.2023.2246869","10.1080/00913847.2023.2246869"
"PubMed","doi","100","existing_extraction","S472","What do we know about beach soccer injuries? Systematic video analysis of four consecutive years with 580 match injuries.","What do we know about beach soccer injuries? Systematic video analysis of four consecutive years with 580 match injuries","10.1080/15438627.2024.2324257","10.1080/15438627.2024.2324257"
"PubMed","doi","100","within_second_search","","Magnetic resonance imaging predicts the days lost from training and competition: evaluation of 56 indirect muscle injuries in professional football players.","Magnetic resonance imaging predicts the days lost from training and competition: evaluation of 56 indirect muscle injuries in professional football players.","10.23736/s0022-4707.23.15079-1","10.23736/s0022-4707.23.15079-1"
"PubMed","doi","100","within_second_search","","Injury and Treatment Characteristics of Middle School-Aged Patients Under the Care of Athletic Trainers From 2010 to 2022: A Report From the Athletic Training Practice-Based Research Network.","Injury and Treatment Characteristics of Middle School-Aged Patients Under the Care of Athletic Trainers From 2010 to 2022: A Report From the Athletic Training Practice-Based Research Network.","10.4085/1062-6050-0359.23","10.4085/1062-6050-0359.23"
"PubMed","doi","100","within_second_search","","Epidemiologic Trends in Ophthalmic Trauma Related to Major Sports: An NEISS Study.","Epidemiologic Trends in Ophthalmic Trauma Related to Major Sports: An NEISS Study.","10.1080/09286586.2023.2173246","10.1080/09286586.2023.2173246"
"PubMed","doi","100","within_second_search","","A multidimensional prediction model for overtraining risk in youth soccer players: Integrating physiological and psychological markers.","A multidimensional prediction model for overtraining risk in youth soccer players: Integrating physiological and psychological markers.","10.1080/02640414.2025.2521211","10.1080/02640414.2025.2521211"
"PubMed","doi","100","within_second_search","","3-Dimensional Biomechanics of Noncontact Anterior Cruciate Ligament Injuries in Male Professional Soccer Players.","3-Dimensional Biomechanics of Noncontact Anterior Cruciate Ligament Injuries in Male Professional Soccer Players.","10.1177/03635465241248071","10.1177/03635465241248071"
"PubMed","doi","100","within_second_search","","Differences in Short-Term Sport-Specific Functional Recovery After Primary ACL Reconstruction in the Adolescent Athlete.","Differences in Short-Term Sport-Specific Functional Recovery After Primary ACL Reconstruction in the Adolescent Athlete.","10.1177/19417381231156395","10.1177/19417381231156395"
"PubMed","doi","100","within_second_search","","Incidence of concussion and associated risk factors in collegiate soccer: findings from the NCAA-DoD CARE consortium.","Incidence of concussion and associated risk factors in collegiate soccer: findings from the NCAA-DoD CARE consortium.","10.1080/24733938.2023.2227134","10.1080/24733938.2023.2227134"
"PubMed","doi","100","within_second_search","","Effects of isokinetic and proprioceptive training after lateral ankle ligament reconstruction: A case report.","Effects of isokinetic and proprioceptive training after lateral ankle ligament reconstruction: A case report.","10.1016/j.jbmt.2023.04.065","10.1016/j.jbmt.2023.04.065"
"PubMed","doi","100","existing_extraction","S409","Muscle injury characteristics and incidence rates in men's amateur soccer: A one season prospective study.","Muscle injury characteristics and incidence rates in men's amateur soccer: A one season prospective study.","10.1080/15438627.2022.2122827","10.1080/15438627.2022.2122827"
"PubMed","doi","100","within_second_search","","Hamstrings on focus: Are 72 hours sufficient for recovery after a football (soccer) match? A multidisciplinary approach based on hamstring injury risk factors and histology.","Hamstrings on focus: Are 72 hours sufficient for recovery after a football (soccer) match? A multidisciplinary approach based on hamstring injury risk factors and histology.","10.1080/02640414.2024.2386209","10.1080/02640414.2024.2386209"
"PubMed","doi","100","within_second_search","","From the Field to the Screen: A Scoping Review of Video Analysis as a Tool for Understanding Thigh Muscle-Tendon Injuries in Football.","From the Field to the Screen: A Scoping Review of Video Analysis as a Tool for Understanding Thigh Muscle-Tendon Injuries in Football.","10.1097/jsm.0000000000001377","10.1097/jsm.0000000000001377"
"PubMed","doi","100","within_second_search","","Effectiveness of FIFA 11+ Injury Prevention Programs in Reducing Head and Neck Injuries, Including Concussion, Among Soccer Players: A Systematic Review and Meta-Analysis.","Effectiveness of FIFA 11+ Injury Prevention Programs in Reducing Head and Neck Injuries, Including Concussion, Among Soccer Players: A Systematic Review and Meta-Analysis.","10.1123/pes.2023-0187","10.1123/pes.2023-0187"
"PubMed","doi","100","within_second_search","","Effectiveness of a soccer injury prevention program based on creatine supplementation and internal load monitoring: a randomized controlled pilot study.","Effectiveness of a soccer injury prevention program based on creatine supplementation and internal load monitoring: a randomized controlled pilot study.","10.1080/15502783.2026.2633251","10.1080/15502783.2026.2633251"
"PubMed","doi","100","within_second_search","","Exploring the impact of athletic identity on gender role conflict and athlete injury fear avoidance in male English professional academy football players.","Exploring the impact of athletic identity on gender role conflict and athlete injury fear avoidance in male English professional academy football players.","10.1080/24733938.2023.2224293","10.1080/24733938.2023.2224293"
"PubMed","doi","100","within_second_search","","3D kinematics of noncontact and indirect contact ACL injuries in elite male football players.","3D kinematics of noncontact and indirect contact ACL injuries in elite male football players.","10.1002/ksa.12612","10.1002/ksa.12612"
"PubMed","doi","100","within_second_search","","External Training Loads and Soft-Tissue Injury Occurrence During Congested Versus Noncongested Periods in Football.","External Training Loads and Soft-Tissue Injury Occurrence During Congested Versus Noncongested Periods in Football.","10.1123/ijspp.2024-0058","10.1123/ijspp.2024-0058"
"PubMed","doi","100","within_second_search","","A rare soccer-related injury: Traumatic posterior hip fracture-dislocation - Case series and overview of the literature.","A rare soccer-related injury: Traumatic posterior hip fracture-dislocation - Case series and overview of the literature.","10.1016/j.jbmt.2023.11.037","10.1016/j.jbmt.2023.11.037"
"PubMed","doi","100","within_second_search","","Can the Copenhagen Adduction Exercise Prevent Groin Injuries in Soccer Players? A Critically Appraised Topic.","Can the Copenhagen Adduction Exercise Prevent Groin Injuries in Soccer Players? A Critically Appraised Topic.","10.1123/jsr.2023-0088","10.1123/jsr.2023-0088"
"PubMed","doi","100","within_second_search","","Longitudinal study of mental health in an elite soccer club: Depression and anxiety symptoms across a competitive season.","Longitudinal study of mental health in an elite soccer club: Depression and anxiety symptoms across a competitive season.","10.1016/j.psychsport.2025.102868","10.1016/j.psychsport.2025.102868"
"PubMed","doi","100","within_second_search","","Injury surveillance of head and neck injuries with a special focus on sport-related concussions: Eight seasons observational study in professional football in Qatar.","Injury surveillance of head and neck injuries with a special focus on sport-related concussions: Eight seasons observational study in professional football in Qatar.","10.1016/j.jsams.2024.08.202","10.1016/j.jsams.2024.08.202"
"PubMed","doi","100","within_second_search","","Predictive models of injury risk in male professional football players: a systematic review.","Predictive models of injury risk in male professional football players: a systematic review.","10.1136/ip-2024-045322","10.1136/ip-2024-045322"
"PubMed","doi","100","within_second_search","","Effects of mid-season camp period loading on sports injury anxiety and physical performance of professional male soccer players.","Effects of mid-season camp period loading on sports injury anxiety and physical performance of professional male soccer players.","10.1016/j.jbmt.2024.04.030","10.1016/j.jbmt.2024.04.030"
"PubMed","doi","100","within_second_search","","On-field kinematics of cut maneuvers in football players: Are wearable sensors reliable for assessing anterior cruciate ligament injury risk?","On-field kinematics of cut maneuvers in football players: Are wearable sensors reliable for assessing anterior cruciate ligament injury risk?","10.1080/02640414.2025.2493012","10.1080/02640414.2025.2493012"
"PubMed","doi","100","within_second_search","","Injury risk profile for soccer players: identification of the risk factors for soccer-related injuries - an umbrella review.","Injury risk profile for soccer players: identification of the risk factors for soccer-related injuries – an umbrella review.","10.1080/15438627.2025.2467867","10.1080/15438627.2025.2467867"
"PubMed","doi","100","within_second_search","","Impact of the Soweto football derby on the trauma emergency department at Chris Hani Baragwanath Academic Hospital, a tertiary level hospital in South Africa.","Impact of the Soweto football derby on the trauma emergency department at Chris Hani Baragwanath Academic Hospital, a tertiary level hospital in South Africa.","10.1371/journal.pone.0306836","10.1371/journal.pone.0306836"
"PubMed","doi","100","within_second_search","","Injuries sustained by male football players in a South African academy league: epidemiology and methodological appraisal of two surveillance approaches in a lower-resourced club environment.","Injuries sustained by male football players in a South African academy league: epidemiology and methodological appraisal of two surveillance approaches in a lower-resourced club environment.","10.1016/j.jsams.2025.07.012","10.1016/j.jsams.2025.07.012"
"PubMed","doi","100","within_second_search","","Mechanisms, Injury Patterns and Biomechanical Factors of Anterior Cruciate Ligament Injuries in Football (Soccer): A Systematic Review and Meta-Analysis of Video-Analysis Studies.","Mechanisms, Injury Patterns and Biomechanical Factors of Anterior Cruciate Ligament Injuries in Football (Soccer): A Systematic Review and Meta-Analysis of Video-Analysis Studies.","10.1007/s40279-025-02345-9","10.1007/s40279-025-02345-9"
"PubMed","doi","100","within_second_search","","Shoulder dislocations in professional male football (soccer): A retrospective epidemiological analysis of the German Bundesliga from season 2012/2013 until 2022/2023.","Shoulder dislocations in professional male football (soccer): A retrospective epidemiological analysis of the German Bundesliga from season 2012/2013 until 2022/2023.","10.1002/ksa.12199","10.1002/ksa.12199"
"PubMed","doi","100","within_second_search","","[Injury prevention in football : A challenge for team doctors and coaching team].","[Injury prevention in football : A challenge for team doctors and coaching team].","10.1007/s00132-024-04503-9","10.1007/s00132-024-04503-9"
"PubMed","doi","100","within_second_search","","Gender-specific hip strength disparities correlate with injury patterns in NCAA men's and women's soccer players.","Gender-specific hip strength disparities correlate with injury patterns in NCAA men's and women's soccer players.","10.1002/pmrj.13150","10.1002/pmrj.13150"
"PubMed","doi","100","within_second_search","","Coaches of youth field sports as delivery agents of injury prevention programmes: how are we training the trainers? A scoping review.","Coaches of youth field sports as delivery agents of injury prevention programmes: how are we training the trainers? A scoping review.","10.1136/bjsports-2023-106934","10.1136/bjsports-2023-106934"
"PubMed","doi","100","within_second_search","","Hip adduction and abduction strength in different test positions and their relationship to previous groin injuries in women footballers.","Hip adduction and abduction strength in different test positions and their relationship to previous groin injuries in women footballers.","10.1080/15438627.2024.2368898","10.1080/15438627.2024.2368898"
"PubMed","doi","100","within_second_search","","Consensus on maturity-related injury risks and prevention in youth soccer: A Delphi study.","Consensus on maturity-related injury risks and prevention in youth soccer: A Delphi study.","10.1371/journal.pone.0312568","10.1371/journal.pone.0312568"
"PubMed","doi","100","within_second_search","","Designing a study on footballers' injuries in the 2024 African cup of nations competition (Ivory Coast).","Designing a study on footballers' injuries in the 2024 African cup of nations competition (Ivory Coast).","10.62438/tunismed.v102i2.4815","10.62438/tunismed.v102i2.4815"
"PubMed","doi","100","within_second_search","","The associations of transformational leadership and team cohesion on the psychological health of young football players through basic psychological needs.","The associations of transformational leadership and team cohesion on the psychological health of young football players through basic psychological needs.","10.1080/24733938.2023.2194287","10.1080/24733938.2023.2194287"
"PubMed","doi","100","within_second_search","","Increased rate of injuries to the anterior cruciate ligament in amateur soccer players after the COVID-19 pandemic lockdown.","Increased rate of injuries to the anterior cruciate ligament in amateur soccer players after the COVID-19 pandemic lockdown.","10.1007/s00402-024-05531-y","10.1007/s00402-024-05531-y"
"PubMed","doi","100","within_second_search","","Higher Eccentric Hamstring Muscle Fatigue After Participation in a Soccer Match in Young Female Athletes.","Higher Eccentric Hamstring Muscle Fatigue After Participation in a Soccer Match in Young Female Athletes.","10.1177/19417381241230613","10.1177/19417381241230613"
"PubMed","doi","100","within_second_search","","DEXA Body Composition Asymmetry Analysis and Association to Injury Risk and Low Back Pain in University Soccer Players.","DEXA Body Composition Asymmetry Analysis and Association to Injury Risk and Low Back Pain in University Soccer Players.","10.3390/ijerph21050559","10.3390/ijerph21050559"
"PubMed","doi","100","within_second_search","","Evolving the Control-Chaos Continuum: Part 2-Shifting ""Attention"" to Progress On-Pitch Rehabilitation.","Evolving the Control-Chaos Continuum: Part 2—Shifting ""Attention"" to Progress On-Pitch Rehabilitation.","10.2519/jospt.2025.13159","10.2519/jospt.2025.13159"
"PubMed","doi","100","within_second_search","","Injury Risk in Elite Young Male Soccer Players: A Review on the Impact of Growth, Maturation, and Workload.","Injury Risk in Elite Young Male Soccer Players: A Review on the Impact of Growth, Maturation, and Workload.","10.1519/jsc.0000000000004889","10.1519/jsc.0000000000004889"
"PubMed","doi","100","within_second_search","","Heart rate variability activity in soccer athletes after a musculoskeletal injury.","Heart rate variability activity in soccer athletes after a musculoskeletal injury.","10.2340/jrm.v56.24969","10.2340/jrm.v56.24969"
"PubMed","doi","100","within_second_search","","Health problems in top-level female football players: a four-season prospective study in the Finnish top football league.","Health problems in top-level female football players: a four-season prospective study in the Finnish top football league.","10.1080/24733938.2025.2524175","10.1080/24733938.2025.2524175"
"PubMed","doi","100","within_second_search","","Evaluation of a football fitness implementation initiative for an older adult population in a small-scale island society.","Evaluation of a football fitness implementation initiative for an older adult population in a small-scale island society.","10.3389/fpubh.2024.1406601","10.3389/fpubh.2024.1406601"
"PubMed","doi","100","within_second_search","","Epidemiology of football-related injuries in young male football players. An additional analysis of data from a cluster-randomised controlled trial.","Epidemiology of football-related injuries in young male football players. An additional analysis of data from a cluster-randomised controlled trial.","10.1080/24733938.2024.2369545","10.1080/24733938.2024.2369545"
"PubMed","doi","100","within_second_search","","The Injury Mechanism of Achilles Tendon Rupture in Professional Athletes: A Video Analysis Study.","The Injury Mechanism of Achilles Tendon Rupture in Professional Athletes: A Video Analysis Study.","10.7547/21-196","10.7547/21-196"
"PubMed","doi","100","within_second_search","","Knee osteoarthritis in the former elite football players and the ordinary population: a comparative cross-sectional study.","Knee osteoarthritis in the former elite football players and the ordinary population: a comparative cross-sectional study.","10.1080/24733938.2023.2228279","10.1080/24733938.2023.2228279"
"PubMed","doi","100","within_second_search","","Analysis of musculoskeletal injuries in elite female soccer players: Cohort study in one Brazilian team.","Analysis of musculoskeletal injuries in elite female soccer players: Cohort study in one Brazilian team.","10.1016/j.ptsp.2025.02.009","10.1016/j.ptsp.2025.02.009"
"PubMed","doi","100","within_second_search","","Risk and prevalence of Relative Energy Deficiency in Sport (REDs) among professional female football players.","Risk and prevalence of Relative Energy Deficiency in Sport (REDs) among professional female football players.","10.1002/ejsc.12129","10.1002/ejsc.12129"
"PubMed","doi","100","within_second_search","","Small-Sided-Game-Induced Mechanical Load in Adolescent Soccer: The Need for Care and Consideration for Athlete Preservation.","Small-Sided-Game-Induced Mechanical Load in Adolescent Soccer: The Need for Care and Consideration for Athlete Preservation.","10.1177/19417381241296063","10.1177/19417381241296063"
"PubMed","doi","100","within_second_search","","Medico-legal implications of dementia following concussion in rugby football.","Medico-legal implications of dementia following concussion in rugby football.","10.1177/00258172231184550","10.1177/00258172231184550"
"PubMed","doi","100","existing_extraction","S421","Exploring the true burden of a time-loss injury: full vs partial time-loss in elite academy football (soccer).","Exploring the true burden of a time-loss injury: full vs partial time-loss in elite academy football (soccer)","10.1080/24733938.2022.2156587","10.1080/24733938.2022.2156587"
"PubMed","doi","100","within_second_search","","Evolving the Control-Chaos Continuum: Part 1 - Translating Knowledge to Enhance On-Pitch Rehabilitation.","Evolving the Control-Chaos Continuum: Part 1 – Translating Knowledge to Enhance On-Pitch Rehabilitation.","10.2519/jospt.2025.13158","10.2519/jospt.2025.13158"
"PubMed","doi","100","within_second_search","","Awareness of fifth metatarsal stress fractures among soccer coaches in Japan: A cross-sectional study.","Awareness of fifth metatarsal stress fractures among soccer coaches in Japan: A cross-sectional study.","10.1371/journal.pone.0277582","10.1371/journal.pone.0277582"
"PubMed","doi","100","within_second_search","","Does accumulated physical load in different time windows affect hamstring injuries in elite football players?","Does accumulated physical load in different time windows affect hamstring injuries in elite football players?","10.1080/15438627.2025.2468799","10.1080/15438627.2025.2468799"
"PubMed","doi","100","within_second_search","","On-field rehabilitation in football: current practice and perceptions. A survey of the English Premier League and Football League.","On-field rehabilitation in football: current practice and perceptions. A survey of the English Premier League and Football League.","10.1080/24733938.2024.2313529","10.1080/24733938.2024.2313529"
"PubMed","doi","100","within_second_search","","Injury prevention in Brazilian women's football: Perceptions of physiotherapists and practices within elite clubs.","Injury prevention in Brazilian women's football: Perceptions of physiotherapists and practices within elite clubs.","10.1016/j.ptsp.2024.04.001","10.1016/j.ptsp.2024.04.001"
"PubMed","doi","100","within_second_search","","[Characterization of injuries among elite football players during a sports season in Burkina Faso: the 2019-2020 sports season].","[Characterization of injuries among elite football players during a sports season in Burkina Faso: the 2019-2020 sports season].","10.11604/pamj.2024.48.33.39254","10.11604/pamj.2024.48.33.39254"
"PubMed","doi","100","within_second_search","","Heading Toward a Safer Future? An Exploration of Elite Male Footballers' Perceptions Toward Heading and the Heading Guidelines in England.","Heading Toward a Safer Future? An Exploration of Elite Male Footballers' Perceptions Toward Heading and the Heading Guidelines in England.","10.1097/jsm.0000000000001394","10.1097/jsm.0000000000001394"
"PubMed","doi","100","within_second_search","","Immediate and Transient Perturbances in EEG Within Seconds Following Controlled Soccer Head Impact.","Immediate and Transient Perturbances in EEG Within Seconds Following Controlled Soccer Head Impact.","10.1007/s10439-024-03602-0","10.1007/s10439-024-03602-0"
"PubMed","doi","100","within_second_search","","The effects of subsequent soccer-specific tasks on sidestep cutting kinematics and kinetics.","The effects of subsequent soccer-specific tasks on sidestep cutting kinematics and kinetics.","10.1016/j.ptsp.2025.02.010","10.1016/j.ptsp.2025.02.010"
"PubMed","doi","87","existing_extraction","S506","The impact of a mid-season FIFA World Cup™ on injury occurrence and patterns in French professional soccer clubs.","The impact of a mid-season FIFA World Cup TM on injury occurrence and patterns in French professional soccer clubs.","10.1080/15438627.2024.2326517","10.1080/15438627.2024.2326517"
"PubMed","doi","100","within_second_search","","Thoracolumbar Fascia and Lumbar Muscle Stiffness in Athletes with A History of Hamstring Injury.","Thoracolumbar Fascia and Lumbar Muscle Stiffness in Athletes with A History of Hamstring Injury.","10.52082/jssm.2024.436","10.52082/jssm.2024.436"
"PubMed","doi","100","within_second_search","","Secondary injury prevention reduces hamstring strain and time-loss groin injury burdens in male professional football.","Secondary injury prevention reduces hamstring strain and time-loss groin injury burdens in male professional football.","10.1016/j.ptsp.2024.08.003","10.1016/j.ptsp.2024.08.003"
"PubMed","doi","100","within_second_search","","Quality Criteria for Studies Assessing the Acute Effects of Heading: Results from a UEFA Expert Panel.","Quality Criteria for Studies Assessing the Acute Effects of Heading: Results from a UEFA Expert Panel.","10.1007/s40279-023-01977-z","10.1007/s40279-023-01977-z"
"PubMed","doi","100","existing_extraction","S394","An injury burden heat map of all men's and women's teams of a professional football club over a decade.","An injury burden heat map of all men's and women's teams of a professional football club over a decade.","10.1080/15438627.2023.2228959","10.1080/15438627.2023.2228959"
"PubMed","doi","100","within_second_search","","Forecasting thermal stress for sports tourists at the 2026 FIFA World Cup.","Forecasting thermal stress for sports tourists at the 2026 FIFA World Cup","10.1007/s00484-024-02785-4","10.1007/s00484-024-02785-4"
"PubMed","doi","100","within_second_search","","Personality traits and perfectionism in female and male soccer players with or without primary anterior cruciate ligament reconstruction: a cross-sectional study.","Personality traits and perfectionism in female and male soccer players with or without primary anterior cruciate ligament reconstruction: a cross-sectional study.","10.1016/j.ptsp.2025.09.015","10.1016/j.ptsp.2025.09.015"
"PubMed","doi","100","within_second_search","","Individualized monitoring of longitudinal heading exposure in soccer.","Individualized monitoring of longitudinal heading exposure in soccer.","10.1038/s41598-024-52163-8","10.1038/s41598-024-52163-8"
"PubMed","doi","100","within_second_search","","Anatomic Risk Factors for Initial and Secondary Noncontact Anterior Cruciate Ligament Injury: A Prospective Cohort Study in 880 Female Elite Handball and Soccer Players.","Anatomic Risk Factors for Initial and Secondary Noncontact Anterior Cruciate Ligament Injury: A Prospective Cohort Study in 880 Female Elite Handball and Soccer Players.","10.1177/03635465241292755","10.1177/03635465241292755"
"PubMed","doi","100","within_second_search","","What Are the Consequences of Hamstring Injuries on Soccer Players' Match Running Performance? A Systematic Review.","What Are the Consequences of Hamstring Injuries on Soccer Players' Match Running Performance? A Systematic Review.","10.1177/19417381251350919","10.1177/19417381251350919"
"PubMed","doi","100","within_second_search","","Acceleration profile of high-impact movements during young football games: a cross-sectional study involving healthy children.","Acceleration profile of high-impact movements during young football games: a cross-sectional study involving healthy children.","10.1080/14763141.2021.1970796","10.1080/14763141.2021.1970796"
"PubMed","doi","100","within_second_search","","Epidemiology of lateral ankle sprain focusing on indirect contact mechanism in male and female soccer players: An 18.5-month cohort study.","Epidemiology of lateral ankle sprain focusing on indirect contact mechanism in male and female soccer players: An 18.5-month cohort study.","10.1016/j.injury.2024.111699","10.1016/j.injury.2024.111699"
"PubMed","doi","100","within_second_search","","Return to performance criteria in soccer after musculoskeletal injury: A scoping review.","Return to performance criteria in soccer after musculoskeletal injury: A scoping review.","10.1002/ksa.70180","10.1002/ksa.70180"
"PubMed","title_author_year","100","within_second_search","","Evaluation of Strength and Functional Ability of Soccer Players Two Years After Anterior Cruciate Ligament Reconstruction: A Cross-sectional Study.","Evaluation of Strength and Functional Ability of Soccer Players Two Years After Anterior Cruciate Ligament Reconstruction: A Cross-sectional Study","",""
"PubMed","doi","100","within_second_search","","High Injury Incidence Among Youth in the World's Largest Football Tournament.","High Injury Incidence Among Youth in the World's Largest Football Tournament.","10.1111/sms.70072","10.1111/sms.70072"
"PubMed","doi","100","within_second_search","","Return to play after head injury in adolescent sports: evaluating football versus other sports.","Return to play after head injury in adolescent sports: evaluating football versus other sports.","10.3171/2024.3.peds23565","10.3171/2024.3.peds23565"
"PubMed","doi","100","within_second_search","","Muscle Injuries in 90 Professional Football Players Over 10 Consecutive Seasons: A Comparison of Two Classification Systems and Their Association With Return-to-Play Time.","Muscle Injuries in 90 Professional Football Players Over 10 Consecutive Seasons: A Comparison of Two Classification Systems and Their Association With Return‐to‐Play Time.","10.1111/sms.70147","10.1111/sms.70147"
"PubMed","doi","100","within_second_search","","The Protective Effect of Preseason Running Workload Against In-Season Hamstring Strain Injuries in Elite Soccer Players.","The Protective Effect of Preseason Running Workload Against In-Season Hamstring Strain Injuries in Elite Soccer Players.","10.1177/19417381251388482","10.1177/19417381251388482"
"PubMed","doi","100","within_second_search","","'More than likely the men come first. That's just very frustrating'. A qualitative exploration of contextual factors affecting the implementation of injury prevention initiatives and the provision of effective injury management in elite-level women's club football in Ireland.","'More than likely the men come first. That's just very frustrating'. A qualitative exploration of contextual factors affecting the implementation of injury prevention initiatives and the provision of effective injury management in elite-level women's club football in Ireland.","10.1136/bjsports-2022-106548","10.1136/bjsports-2022-106548"
"PubMed","doi","100","within_second_search","","Psychosocial Factors Associated With Lower Extremity Reinjury Risk in Soccer Players: Contribution of Self-Confidence and Reinjury Anxiety.","Psychosocial Factors Associated With Lower Extremity Reinjury Risk in Soccer Players: Contribution of Self-Confidence and Reinjury Anxiety.","10.4085/1062-6050-0434.23","10.4085/1062-6050-0434.23"
"PubMed","doi","100","within_second_search","","'Benched' the effect of the COVID-19 lockdown on injury incidence in sub-elite football in Australia: a retrospective population study using injury insurance records.","'Benched' the effect of the COVID-19 lockdown on injury incidence in sub-elite football in Australia: a retrospective population study using injury insurance records.","10.1080/24733938.2022.2143551","10.1080/24733938.2022.2143551"
"PubMed","doi","100","within_second_search","","Growth-related sports injuries among young male professional football players in the Netherlands: a prospective cohort study concerning injury incidence, severity and burden.","Growth-related sports injuries among young male professional football players in the Netherlands: a prospective cohort study concerning injury incidence, severity and burden.","10.1080/24733938.2023.2261399","10.1080/24733938.2023.2261399"
"PubMed","doi","100","within_second_search","","Preliminary Baseline Vestibular Ocular Motor Screening Scores in Pediatric Soccer Athletes.","Preliminary Baseline Vestibular Ocular Motor Screening Scores in Pediatric Soccer Athletes.","10.1123/jsr.2022-0327","10.1123/jsr.2022-0327"
"PubMed","doi","100","within_second_search","","#ReadyToplay: hamstring injuries in women's football - a two-season prospective cohort study in the Norwegian women's premier league.","#ReadyToplay: hamstring injuries in women's football – a two-season prospective cohort study in the Norwegian women's premier league.","10.1080/24733938.2024.2305389","10.1080/24733938.2024.2305389"
"PubMed","doi","100","within_second_search","","Incidence of Head Contact Events Including Headers, and Potential Head Injuries at the FIFA Futsal World Cup Lithuania 2021.","Incidence of Head Contact Events Including Headers, and Potential Head Injuries at the FIFA Futsal World Cup Lithuania 2021.","10.1111/sms.70083","10.1111/sms.70083"
"PubMed","doi","100","within_second_search","","Sports-Related Concussions and Closed Head Injuries in Pediatric Female Soccer Athletes: A 10-year Analysis of National Injury Data.","Sports-Related Concussions and Closed Head Injuries in Pediatric Female Soccer Athletes: A 10-year Analysis of National Injury Data.","10.1177/19417381251360017","10.1177/19417381251360017"
"PubMed","doi","100","within_second_search","","Acute Changes in Hamstring Injury Risk Factors After a Session of High-Volume Maximal Sprinting Speed Efforts in Soccer Players.","Acute Changes in Hamstring Injury Risk Factors After a Session of High-Volume Maximal Sprinting Speed Efforts in Soccer Players.","10.1177/19417381241283814","10.1177/19417381241283814"
"PubMed","doi","100","within_second_search","","Motivation Unraveled: Giving Choice to Football Players to Improve Anterior Cruciate Ligament Injury Prevention.","Motivation Unraveled: Giving Choice to Football Players to Improve Anterior Cruciate Ligament Injury Prevention.","10.1519/jsc.0000000000004912","10.1519/jsc.0000000000004912"
"PubMed","doi","100","within_second_search","","The economics of a national anterior cruciate ligament injury prevention program for amateur football players: a Markov model analysis.","The economics of a national anterior cruciate ligament injury prevention program for amateur football players: a Markov model analysis.","10.5694/mja2.52385","10.5694/mja2.52385"
"PubMed","doi","100","within_second_search","","Clinical Outcomes Related to the After-Career Consultation in Retired Male Footballers.","Clinical Outcomes Related to the After-Career Consultation in Retired Male Footballers.","10.1055/a-2684-8925","10.1055/a-2684-8925"
"PubMed","doi","100","within_second_search","","Stakeholder perspectives on injury prevention training in girls' and women's elite football: A group concept mapping study involving coaches, physical performance coaches, physical therapists, medical doctors, and club management.","Stakeholder perspectives on injury prevention training in girls' and women's elite football: A group concept mapping study involving coaches, physical performance coaches, physical therapists, medical doctors, and club management.","10.1016/j.ptsp.2025.09.004","10.1016/j.ptsp.2025.09.004"
"PubMed","doi","100","within_second_search","","Single leg drop jump is affected by physical capacities in male soccer players following ACL reconstruction.","Single leg drop jump is affected by physical capacities in male soccer players following ACL reconstruction.","10.1080/24733938.2023.2225481","10.1080/24733938.2023.2225481"
"PubMed","doi","100","within_second_search","","A Thirteen-Year Analysis of Facial Fractures among Professional Soccer Players.","A Thirteen-Year Analysis of Facial Fractures among Professional Soccer Players.","10.1055/a-1996-7595","10.1055/a-1996-7595"
"PubMed","doi","100","within_second_search","","Illnesses and Diseases Constitute a Quarter of Medical Conditions in an Under-21 National Football Team.","Illnesses and Diseases Constitute a Quarter of Medical Conditions in an Under-21 National Football Team.","10.1123/jsr.2023-0279","10.1123/jsr.2023-0279"
"PubMed","doi","100","within_second_search","","Has Sustained Time Away From Sports Due to the COVID-19 Pandemic Led to Increased Sport-Related Soft Tissue Injuries?","Has Sustained Time Away From Sports Due to the COVID-19 Pandemic Led to Increased Sport-Related Soft Tissue Injuries?.","10.1177/19417381231198541","10.1177/19417381231198541"
"PubMed","doi","100","within_second_search","","A systematic review of concussion education, knowledge, and attitudes in football.","A systematic review of concussion education, knowledge, and attitudes in football.","10.1080/24733938.2025.2488521","10.1080/24733938.2025.2488521"
"PubMed","doi","100","within_second_search","","A Change-Point Method to Detect Meaningful Change in Return-to-Sport Progression in Athletes.","A Change-Point Method to Detect Meaningful Change in Return-to-Sport Progression in Athletes.","10.1123/ijspp.2023-0178","10.1123/ijspp.2023-0178"
"PubMed","doi","100","within_second_search","","Characterizing Muscle Activity in Soccer Players with a History of Hamstring Strain Injuries during Accelerated Sprinting.","Characterizing Muscle Activity in Soccer Players with a History of Hamstring Strain Injuries during Accelerated Sprinting.","10.52082/jssm.2024.656","10.52082/jssm.2024.656"
"PubMed","doi","100","within_second_search","","Systematic video analysis of ACL tear patterns in Spanish professional female football players: Neurocognitive errors as targets for prevention.","Systematic video analysis of ACL tear patterns in Spanish professional female football players: Neurocognitive errors as targets for prevention.","10.1016/j.jsams.2025.08.015","10.1016/j.jsams.2025.08.015"
"PubMed","doi","100","within_second_search","","High risk of new knee injuries, lower activity level and reduced knee function: A controlled follow-up of male football (soccer) players 6-9 years after primary anterior cruciate ligament reconstruction.","High risk of new knee injuries, lower activity level and reduced knee function: A controlled follow-up of male football (soccer) players 6–9 years after primary anterior cruciate ligament reconstruction.","10.1016/j.jsams.2025.03.016","10.1016/j.jsams.2025.03.016"
"PubMed","doi","100","within_second_search","","The Association of Growth and Maturation with Injury in Academy Soccer Players: A Narrative Review.","The Association of Growth and Maturation with Injury in Academy Soccer Players: A Narrative Review.","10.1007/s40279-025-02340-0","10.1007/s40279-025-02340-0"
"PubMed","doi","100","within_second_search","","Repetitive Head-Impact Exposure and Cognitive and Emotional Symptoms in Older Retired Female Collegiate Athletes.","Repetitive Head-Impact Exposure and Cognitive and Emotional Symptoms in Older Retired Female Collegiate Athletes.","10.1097/htr.0000000000001089","10.1097/htr.0000000000001089"
"PubMed","doi","100","within_second_search","","Lessons Learned from Implementing Injury and Illness Surveillance in Professional Football: Introducing a New Implementation Framework.","Lessons Learned from Implementing Injury and Illness Surveillance in Professional Football: Introducing a New Implementation Framework.","10.1007/s40279-025-02276-5","10.1007/s40279-025-02276-5"
"PubMed","doi","100","within_second_search","","Psychological Distress, Skipped Meals, and Insufficient Sleep, and the Occurrence of Back Pain in Adolescent Female Soccer Players: The Karolinska Football Injury Cohort Study.","Psychological Distress, Skipped Meals, and Insufficient Sleep, and the Occurrence of Back Pain in Adolescent Female Soccer Players: The Karolinska Football Injury Cohort Study.","10.1177/19417381251326498","10.1177/19417381251326498"
"PubMed","doi","100","within_second_search","","Effects of mTBI with loss of consciousness on neurobehavioral symptoms, depression, and insomnia in former collegiate and NFL football athletes.","Effects of mTBI with loss of consciousness on neurobehavioral symptoms, depression, and insomnia in former collegiate and NFL football athletes.","10.1080/02699052.2024.2347552","10.1080/02699052.2024.2347552"
"PubMed","doi","100","within_second_search","","Associations of Sport Participation and Training Volume With Overuse Injuries in Japanese Male Youth Soccer Players: Implications for Early Sport Specialization.","Associations of Sport Participation and Training Volume With Overuse Injuries in Japanese Male Youth Soccer Players: Implications for Early Sport Specialization.","10.1177/19417381241275658","10.1177/19417381241275658"
"PubMed","doi","100","within_second_search","","Observe, Practice, and Improve? Enhancing Sidestep Cutting Execution in Talented Female Soccer Players: A Four-Week Intervention Program With Video Instruction.","Observe, Practice, and Improve? Enhancing Sidestep Cutting Execution in Talented Female Soccer Players: A Four-Week Intervention Program With Video Instruction.","10.1519/jsc.0000000000004796","10.1519/jsc.0000000000004796"
"PubMed","doi","100","within_second_search","","Infographic. Injury mechanisms and situational patterns of severe lower limb muscle injuries in male professional football (soccer) players: a systematic video analysis study on 103 cases.","Infographic. Injury mechanisms and situational patterns of severe lower limb muscle injuries in male professional football (soccer) players: a systematic video analysis study on 103 cases.","10.1136/bjsports-2023-107908","10.1136/bjsports-2023-107908"
"PubMed","doi","100","within_second_search","","Increased anterior pelvic tilt angle elevates the risk of hamstring injuries in soccer player.","Increased anterior pelvic tilt angle elevates the risk of hamstring injuries in soccer player.","10.1080/15438627.2024.2430662","10.1080/15438627.2024.2430662"
"PubMed","doi","100","within_second_search","","Can watching the World Cup make you mentally healthier? Positive associations between involvement in physical activities and flourishing were mediated by psychological need satisfaction.","Can watching the World Cup make you mentally healthier? Positive associations between involvement in physical activities and flourishing were mediated by psychological need satisfaction.","10.1186/s40359-024-01861-z","10.1186/s40359-024-01861-z"
"PubMed","doi","100","existing_extraction","S420","Lost in transition: Exploring injury risk in academy footballers shifting between the second and first teams.","Lost in transition: Exploring injury risk in academy footballers shifting between the second and first teams","10.1016/j.jsams.2023.11.009","10.1016/j.jsams.2023.11.009"
"PubMed","doi","100","within_second_search","","Investigation of Head Kinematics and Brain Strain Response During Soccer Heading Using a Custom-Fit Instrumented Mouthguard.","Investigation of Head Kinematics and Brain Strain Response During Soccer Heading Using a Custom-Fit Instrumented Mouthguard.","10.1007/s10439-023-03430-8","10.1007/s10439-023-03430-8"
"PubMed","doi","91","within_second_search","","The Time Course of Injury Risk After Return-to-Play in Professional Football (Soccer).","The Time Course of Injury Risk After Return-to-Play in Professional Football (Soccer): Time Course of Injury Risk After Return-to-Play in Football: G. Zhang et al.","10.1007/s40279-024-02103-3","10.1007/s40279-024-02103-3"
"PubMed","doi","100","within_second_search","","Beyond Contact: Epidemiology of Concussion Incidence in Women's Collegiate Sports, 2016-2022.","Beyond Contact: Epidemiology of Concussion Incidence in Women's Collegiate Sports, 2016–2022.","10.4085/1062-6050-0290.25","10.4085/1062-6050-0290.25"
"PubMed","doi","100","within_second_search","","Optimised return to play: high treatment success rate in core muscle injury with surgical release of the anterior tendon of the rectus abdominis muscle and proximal tenotomy of the adductor longus muscle.","Optimised return to play: high treatment success rate in core muscle injury with surgical release of the anterior tendon of the rectus abdominis muscle and proximal tenotomy of the adductor longus muscle.","10.1016/j.jisako.2023.10.013","10.1016/j.jisako.2023.10.013"
"PubMed","doi","100","within_second_search","","Injury surveillance in The FA Walking Football Cup 2024.","Injury surveillance in The FA Walking Football Cup 2024.","10.1080/24733938.2025.2524172","10.1080/24733938.2025.2524172"
"PubMed","doi","100","within_second_search","","Does chronic ankle instability affect side-cutting in female soccer players?","Does chronic ankle instability affect side-cutting in female soccer players?","10.1055/a-2487-6036","10.1055/a-2487-6036"
"PubMed","doi","100","within_second_search","","Perceptions of Elite Young Male Football Players Regarding Injury Risk Factors and Prevention Strategies.","Perceptions of Elite Young Male Football Players Regarding Injury Risk Factors and Prevention Strategies.","10.1123/jsr.2024-0379","10.1123/jsr.2024-0379"
"PubMed","doi","100","within_second_search","","Commonly Used Indicators of Low Energy Availability Risk Fail to Identify Female Amateur Soccer Players With Measured Low Energy Availability During Preseason.","Commonly Used Indicators of Low Energy Availability Risk Fail to Identify Female Amateur Soccer Players With Measured Low Energy Availability During Preseason.","10.1123/ijsnem.2024-0002","10.1123/ijsnem.2024-0002"
"PubMed","doi","100","within_second_search","","Injury Patterns in Academy-Level Male Youth Soccer Players: A 3-Season Prospective Cohort Study.","Injury Patterns in Academy-Level Male Youth Soccer Players: A 3-Season Prospective Cohort Study.","10.1097/jsm.0000000000001288","10.1097/jsm.0000000000001288"
"PubMed","doi","100","within_second_search","","Incidence and burden of 671 injuries in professional women footballers: time to focus on context-specific injury risk reduction strategies.","Incidence and burden of 671 injuries in professional women footballers: time to focus on context-specific injury risk reduction strategies.","10.1080/15438627.2024.2367199","10.1080/15438627.2024.2367199"
"PubMed","doi","100","within_second_search","","The effects of two different fatigue protocols on movement quality during anticipated and unanticipated change of directions in female soccer players.","The effects of two different fatigue protocols on movement quality during anticipated and unanticipated change of directions in female soccer players.","10.1371/journal.pone.0302144","10.1371/journal.pone.0302144"
"PubMed","doi","100","within_second_search","","Potential head injuries in men's football, futsal and beach soccer: Distinct exposure-adjusted frequency and patterns from a comparative video analysis.","Potential head injuries in men's football, futsal and beach soccer: Distinct exposure‐adjusted frequency and patterns from a comparative video analysis.","10.1002/ksa.70158","10.1002/ksa.70158"
"PubMed","doi","100","within_second_search","","Peak instantaneous PlayerLoad metrics highlight movement strategy deficits in professional male soccer players.","Peak instantaneous PlayerLoad metrics highlight movement strategy deficits in professional male soccer players.","10.1080/15438627.2022.2079985","10.1080/15438627.2022.2079985"
"PubMed","doi","100","within_second_search","","Prognosticating Return-To-Play Time Following a Hamstring Strain Injury Using Early Flexibility Asymmetry and Musculoskeletal Ultrasound Imaging Outcomes: An Exploratory Study Among Canadian University Football Players.","Prognosticating Return-To-Play Time Following a Hamstring Strain Injury Using Early Flexibility Asymmetry and Musculoskeletal Ultrasound Imaging Outcomes: An Exploratory Study Among Canadian University Football Players.","10.1097/jsm.0000000000001230","10.1097/jsm.0000000000001230"
"PubMed","doi","100","within_second_search","","A comprehensive two-dimensional scoring system to assess the single-leg squat task in football players.","A comprehensive two-dimensional scoring system to assess the single-leg squat task in football players.","10.1016/j.knee.2024.02.016","10.1016/j.knee.2024.02.016"
"PubMed","doi","100","within_second_search","","Sex and Sport-Specific Differences on Baseline Concussion Balance Test Performance in Division-I Collegiate Athletes.","Sex and Sport-Specific Differences on Baseline Concussion Balance Test Performance in Division-I Collegiate Athletes.","10.1097/jsm.0000000000001368","10.1097/jsm.0000000000001368"
"PubMed","doi","100","within_second_search","","'We may need some help; we are just parents who have chosen to engage in football': a qualitative study on amateur coaches' experiences of use of and support for injury prevention training in Sweden.","'We may need some help; we are just parents who have chosen to engage in football': a qualitative study on amateur coaches' experiences of use of and support for injury prevention training in Sweden.","10.1136/ip-2024-045289","10.1136/ip-2024-045289"
"PubMed","doi","100","within_second_search","","#ReadyToPlay: Risk Factors in the Norwegian Women's Premier League Football-Perceptions and Priorities of Club Stakeholders.","#ReadyToPlay: Risk Factors in the Norwegian Women's Premier League Football—Perceptions and Priorities of Club Stakeholders.","10.1111/sms.70099","10.1111/sms.70099"
"PubMed","doi","94","within_second_search","","Kinematics of 90° change of direction in young football players: Insights for ACL injury prevention from the CUTtheACL study on 6008 trials.","Kinematics of 90degree change of direction in young football players: Insights for ACL injury prevention from the CUTtheACL study on 6008 trials.","10.1002/ksa.12230","10.1002/ksa.12230"
"PubMed","doi","100","within_second_search","","What lies behind injury prevention behaviour in youth handball and football? A cross-sectional nationwide study of behavioural constructs in 865 coaches and players.","What lies behind injury prevention behaviour in youth handball and football? A cross-sectional nationwide study of behavioural constructs in 865 coaches and players.","10.1016/j.jsams.2025.10.009","10.1016/j.jsams.2025.10.009"
"PubMed","doi","100","within_second_search","","The Effect of Primary ACL Reconstruction on Career Longevity in English Premier League and Championship Soccer Players Compared With Uninjured Controls: A Matched Cohort Analysis.","The Effect of Primary ACL Reconstruction on Career Longevity in English Premier League and Championship Soccer Players Compared With Uninjured Controls: A Matched Cohort Analysis.","10.1177/03635465241235949","10.1177/03635465241235949"
"PubMed","doi","100","within_second_search","","High-Load Strength Training Reduces Injury Incidence and Injury Burden and Improves Physical Fitness in Young Highly Trained Soccer Players.","High-Load Strength Training Reduces Injury Incidence and Injury Burden and Improves Physical Fitness in Young Highly Trained Soccer Players.","10.1177/19417381251333417","10.1177/19417381251333417"
"PubMed","doi","100","within_second_search","","[Treatment of acute ankle distortion in footballers : Are we doing it particularly right or particularly wrong?].","[Treatment of acute ankle distortion in footballers : Are we doing it particularly right or particularly wrong?].","10.1007/s00132-024-04506-6","10.1007/s00132-024-04506-6"
"PubMed","doi","100","within_second_search","","Does Neuromuscular Training Reduce the Risk of Lower-Extremity Musculoskeletal Injury in High School Female Athletes With a History of Sport-Related Concussion?","Does Neuromuscular Training Reduce the Risk of Lower-Extremity Musculoskeletal Injury in High School Female Athletes With a History of Sport-Related Concussion?.","10.1123/jsr.2023-0403","10.1123/jsr.2023-0403"
"PubMed","doi","100","within_second_search","","The effect of repeated concussions on clinical and neurocognitive symptom severity in different contact sports.","The effect of repeated concussions on clinical and neurocognitive symptom severity in different contact sports.","10.1111/sms.14626","10.1111/sms.14626"
"PubMed","doi","100","within_second_search","","Reduced Match Exposure in the Previous 2 Matches Accounts for Hamstring Muscle Injury Incidence in Professional Football Players.","Reduced Match Exposure in the Previous 2 Matches Accounts for Hamstring Muscle Injury Incidence in Professional Football Players.","10.1177/19417381231158117","10.1177/19417381231158117"
"PubMed","doi","100","within_second_search","","Prediction of ACL-tear by lower limbs muscle strength and flexibility: a prospective cohort study in 95 female soccer players.","Prediction of ACL-tear by lower limbs muscle strength and flexibility: a prospective cohort study in 95 female soccer players.","10.1080/15438627.2023.2280554","10.1080/15438627.2023.2280554"
"PubMed","doi","100","within_second_search","","Return to Soccer After Acute Anterior Cruciate Ligament Primary Repair: A 2-Year Minimum Follow-up Study of 50 Amateur Players.","Return to Soccer After Acute Anterior Cruciate Ligament Primary Repair: A 2-Year Minimum Follow-up Study of 50 Amateur Players.","10.1177/03635465241256099","10.1177/03635465241256099"
"PubMed","doi","100","within_second_search","","Muscle Pain Code: a novel tool for screening the risk of time-loss muscle injury in professional male football players.","Muscle Pain Code: a novel tool for screening the risk of time-loss muscle injury in professional male football players.","10.1080/00913847.2024.2346463","10.1080/00913847.2024.2346463"
"PubMed","doi","100","within_second_search","","Observed events frequencies and associated factors among soccer players during the 2021 African Cup of Nations competition: A video-based exploratory analysis.","Observed events frequencies and associated factors among soccer players during the 2021 African Cup of Nations competition: A video-based exploratory analysis.","10.12688/f1000research.148161.3","10.12688/f1000research.148161.3"
"PubMed","doi","100","existing_extraction","S541","Epidemiology of Injury and Illness in North American Professional Men's Soccer: Comparing COVID-19 Lockdown With Previous Seasons.","Epidemiology of Injury and Illness in North American Professional Men's Soccer: Comparing COVID-19 Lockdown With Previous Seasons","10.1177/19417381241253227","10.1177/19417381241253227"
"PubMed","doi","100","within_second_search","","Practitioners' perspective of non-contact injury risk factors and injury prevention programming in professional North American male soccer.","Practitioners' perspective of non-contact injury risk factors and injury prevention programming in professional North American male soccer.","10.1016/j.ptsp.2024.06.003","10.1016/j.ptsp.2024.06.003"
"PubMed","doi","100","within_second_search","","Nutritional intake, sports nutrition knowledge and energy availability in recreational female football players.","Nutritional intake, sports nutrition knowledge and energy availability in recreational female football players.","10.1080/15438627.2025.2520528","10.1080/15438627.2025.2520528"
"PubMed","doi","100","within_second_search","","Machine Learning Applications in Non-Contact Lower Limb Sports Injury Prediction: A Systematic Review.","Machine Learning Applications in Non-Contact Lower Limb Sports Injury Prediction: A Systematic Review.","10.52082/jssm.2026.172","10.52082/jssm.2026.172"
"PubMed","doi","100","existing_extraction","S497","Longitudinal analysis of the incidence rate of injury in elite youth football: Trends over six years including the COVID-19 pandemic period.","Longitudinal analysis of the incidence rate of injury in elite youth football: Trends over six years including the COVID-19 pandemic period","10.1016/j.ptsp.2024.01.006","10.1016/j.ptsp.2024.01.006"
"PubMed","doi","100","within_second_search","","Postural Balance in Boys With Intellectual Disabilities Who Participate in Soccer Training.","Postural Balance in Boys With Intellectual Disabilities Who Participate in Soccer Training.","10.1123/pes.2023-0098","10.1123/pes.2023-0098"
"PubMed","doi","100","within_second_search","","Return to Performance of a Soccer Player with an Adductor Longus Injury: A Case Report.","Return to Performance of a Soccer Player with an Adductor Longus Injury: A Case Report.","10.3390/medicina60121998","10.3390/medicina60121998"
"PubMed","doi","100","within_second_search","","Effect of COVID-19 on Injury Incidence and Severity in Professional Female Football Players: A Cohort Prospective Study.","Effect of COVID-19 on Injury Incidence and Severity in Professional Female Football Players: A Cohort Prospective Study.","10.1177/19417381241262031","10.1177/19417381241262031"
"PubMed","doi","100","within_second_search","","Drop jump vertical kinetics identify male youth soccer players at greater risk of non-contact knee injury.","Drop jump vertical kinetics identify male youth soccer players at greater risk of non-contact knee injury.","10.1016/j.ptsp.2025.03.003","10.1016/j.ptsp.2025.03.003"
"PubMed","doi","100","within_second_search","","Early Surgical Treatment of Posttraumatic Myositis Ossificans of the Vastus Intermedius Muscle.","Early Surgical Treatment of Posttraumatic Myositis Ossificans of the Vastus Intermedius Muscle.","10.1123/jsr.2024-0114","10.1123/jsr.2024-0114"
"PubMed","doi","100","within_second_search","","Efficacy of the FIFA cooling break heat policy during an intermittent treadmill football simulation in hot conditions in trained males.","Efficacy of the FIFA cooling break heat policy during an intermittent treadmill football simulation in hot conditions in trained males.","10.1136/bjsports-2024-108131","10.1136/bjsports-2024-108131"
"PubMed","doi","100","within_second_search","","Isolated distal grade III lateral collateral ligament injury: what is the real clinical impact in professional athletes?","Isolated distal grade III lateral collateral ligament injury: what is the real clinical impact in professional athletes?.","10.1007/s00256-023-04463-9","10.1007/s00256-023-04463-9"
"PubMed","doi","100","within_second_search","","Is limb asymmetry an intrinsic risk factor for time-loss groin injury in professional male soccer players?","Is limb asymmetry an intrinsic risk factor for time-loss groin injury in professional male soccer players?","10.1016/j.ptsp.2024.11.008","10.1016/j.ptsp.2024.11.008"
"PubMed","doi","100","within_second_search","","Return to competition after ACL reconstruction: Factors influencing rates and timing in Swedish football players.","Return to competition after ACL reconstruction: Factors influencing rates and timing in Swedish football players.","10.1002/ksa.12579","10.1002/ksa.12579"
"PubMed","doi","100","within_second_search","","[Slipped vertebrae (Spondylolysis): the underestimated weak point of the (pre)professional football player-an algorithm].","[Slipped vertebrae (Spondylolysis): the underestimated weak point of the (pre)professional football player-an algorithm].","10.1007/s00132-024-04510-w","10.1007/s00132-024-04510-w"
"PubMed","doi","100","within_second_search","","High return to play but low return to preinjury level after anterior cruciate ligament reconstruction in soccer players: A systematic review with meta-analysis.","High return to play but low return to preinjury level after anterior cruciate ligament reconstruction in soccer players: A systematic review with meta‐analysis.","10.1002/ksa.70274","10.1002/ksa.70274"
"PubMed","title_author_year","100","within_second_search","","ARTHROSCOPIC TREATMENT OF POSTERIOR ANKLE IMPINGEMENT SYNDROME - SYSTEMATIC SURGICAL APPROACH AND CASE REPORT.","ARTHROSCOPIC TREATMENT OF POSTERIOR ANKLE IMPINGEMENT SYNDROME - SYSTEMATIC SURGICAL APPROACH AND CASE REPORT.","",""
"PubMed","doi","100","within_second_search","","Young age and return to play increase the likelihood of subsequent ACL reconstruction in football players: Data from the Swedish National Knee Ligament Registry.","Young age and return to play increase the likelihood of subsequent ACL reconstruction in football players: Data from the Swedish National Knee Ligament Registry.","10.1002/ksa.12580","10.1002/ksa.12580"
"PubMed","doi","100","within_second_search","","Decrease in aerial challenges after revision of goal kick rules in Japan Professional Soccer League: explorative study of the possibility of a risk reduction for head injury, concussion, and brain damage by a rule revision.","Decrease in aerial challenges after revision of goal kick rules in Japan Professional Soccer League: explorative study of the possibility of a risk reduction for head injury, concussion, and brain damage by a rule revision.","10.1080/24733938.2022.2142274","10.1080/24733938.2022.2142274"
"PubMed","doi","100","within_second_search","","Leukocyte-Rich Platelet-Rich Plasma Injection in an Acute-on-Chronic Rectus Femoris Injury of a Professional Soccer Player: A Case Report.","Leukocyte-Rich Platelet-Rich Plasma Injection in an Acute-on-Chronic Rectus Femoris Injury of a Professional Soccer Player: A Case Report.","10.1016/j.jisako.2024.06.005","10.1016/j.jisako.2024.06.005"
"PubMed","doi","100","within_second_search","","Effectiveness of cryo plus ultrasound therapy versus diathermy in combination with high-intensity laser therapy for pain relief in footballers with muscle injuries: A prospective study.","Effectiveness of cryo plus ultrasound therapy versus diathermy in combination with high-intensity laser therapy for pain relief in footballers with muscle injuries: A prospective study.","10.3233/bmr-230265","10.3233/bmr-230265"
"PubMed","doi","100","within_second_search","","Fresh osteochondral allograft transplantation of the medial femoral condyle in an elite football player.","Fresh osteochondral allograft transplantation of the medial femoral condyle in an elite football player.","10.1136/bcr-2024-262374","10.1136/bcr-2024-262374"
"PubMed","doi","100","within_second_search","","Analysis of potential hydration opportunities during future football tournaments based on data from the 2018 FIFA World Cup.","Analysis of potential hydration opportunities during future football tournaments based on data from the 2018 FIFA World Cup.","10.1080/24733938.2022.2137574","10.1080/24733938.2022.2137574"
"PubMed","doi","100","within_second_search","","Sport-related concussion knowledge and attitudes of staff working in English elite women's football: a survey-based study.","Sport-related concussion knowledge and attitudes of staff working in English elite women's football: a survey-based study.","10.1080/24733938.2024.2339497","10.1080/24733938.2024.2339497"
"PubMed","doi","100","within_second_search","","Fatal Exertional Heat Stroke Trends in Secondary School Sports From 1982 Through 2022.","Fatal Exertional Heat Stroke Trends in Secondary School Sports From 1982 Through 2022.","10.1177/19417381241298293","10.1177/19417381241298293"
"PubMed","doi","100","within_second_search","","Poor knee strength is associated with higher incidence of knee injury in adolescent female football players: The Karolinska football injury cohort.","Poor knee strength is associated with higher incidence of knee injury in adolescent female football players: The Karolinska football injury cohort.","10.1002/ksa.12567","10.1002/ksa.12567"
"PubMed","doi","100","within_second_search","","No Increased Injury Risk on Artificial Turf in Finnish Premier Division Football.","No Increased Injury Risk on Artificial Turf in Finnish Premier Division Football.","10.1097/jsm.0000000000001296","10.1097/jsm.0000000000001296"
"PubMed","doi","100","within_second_search","","Brain Functional Connectivity is Altered in Professional Footballers With Previous Hamstring Injury.","Brain Functional Connectivity is Altered in Professional Footballers With Previous Hamstring Injury.","10.1123/ijspp.2024-0559","10.1123/ijspp.2024-0559"
"PubMed","doi","100","within_second_search","","Eccentric Exercises Reduce Hamstring Strains in Elite Adult Male Soccer Players: An Updated Critically Appraised Topic.","Eccentric Exercises Reduce Hamstring Strains in Elite Adult Male Soccer Players: An Updated Critically Appraised Topic.","10.1123/jsr.2024-0411","10.1123/jsr.2024-0411"
"PubMed","doi","100","within_second_search","","The Effect of Bye Weeks on Injury Event Rates in the Canadian Football League.","The Effect of Bye Weeks on Injury Event Rates in the Canadian Football League.","10.1097/jsm.0000000000001272","10.1097/jsm.0000000000001272"
"PubMed","doi","100","within_second_search","","The Impact of Anterior Cruciate Ligament Tear on Player Performance and Longevity in La Liga League Soccer Players.","The Impact of Anterior Cruciate Ligament Tear on Player Performance and Longevity in la Liga League Soccer Players","10.1055/s-0044-1791985","10.1055/s-0044-1791985"
"PubMed","doi","100","within_second_search","","Knee-ankle kinematics and coupling responses to SportsMetrics training programs in females athletes with dynamic knee valgus: A sport-specific approach.","Knee-ankle kinematics and coupling responses to SportsMetrics training programs in females athletes with dynamic knee valgus: A sport-specific approach.","10.1016/j.jbmt.2024.07.043","10.1016/j.jbmt.2024.07.043"
"PubMed","doi","100","within_second_search","","Variables Associated With Knee Valgus in Male Professional Soccer Players During a Single-Leg Vertical Landing Task.","Variables Associated With Knee Valgus in Male Professional Soccer Players During a Single-Leg Vertical Landing Task.","10.1123/jab.2023-0067","10.1123/jab.2023-0067"
"PubMed","doi","100","within_second_search","","Application of Machine Learning Methods to Investigate Joint Load in Agility on the Football Field: Creating the Model, Part I.","Application of Machine Learning Methods to Investigate Joint Load in Agility on the Football Field: Creating the Model, Part I.","10.3390/s24113652","10.3390/s24113652"
"PubMed","doi","100","within_second_search","","Knowledge, attitude, and behaviour around concussion at the FIFA Women's World Cup 2023: part 1 - medical staff.","Knowledge, attitude, and behaviour around concussion at the FIFA Women's World Cup 2023: part 1 - medical staff.","10.1080/24733938.2024.2388190","10.1080/24733938.2024.2388190"
"PubMed","doi","100","within_second_search","","Female collegiate soccer players post anterior cruciate ligament reconstruction utilize aberrant movement strategies to achieve similar performance to uninjured players.","Female collegiate soccer players post anterior cruciate ligament reconstruction utilize aberrant movement strategies to achieve similar performance to uninjured players.","10.1016/j.clinbiomech.2024.106424","10.1016/j.clinbiomech.2024.106424"
"PubMed","doi","100","within_second_search","","Creatine kinase concentration on the second post-match day is not associated with risk of subsequent muscle injury in professional football players: a four-season cohort study.","Creatine kinase concentration on the second post-match day is not associated with risk of subsequent muscle injury in professional football players: a four-season cohort study.","10.1080/00913847.2023.2246175","10.1080/00913847.2023.2246175"
"PubMed","doi","100","within_second_search","","Understanding the impact: an investigation into the National Brain Injury Awareness Week and public interest regarding concussion in Australia.","Understanding the impact: an investigation into the National Brain Injury Awareness Week and public interest regarding concussion in Australia.","10.1016/j.puhe.2024.01.011","10.1016/j.puhe.2024.01.011"
"PubMed","doi","100","within_second_search","","Prospective heat stress risk assessment for professional soccer players in the context of the 2026 FIFA World Cup.","Prospective heat stress risk assessment for professional soccer players in the context of the 2026 FIFA World Cup","10.1038/s41598-024-77540-1","10.1038/s41598-024-77540-1"
"PubMed","doi","100","within_second_search","","No difference in sudden-onset injury risk between artificial turf and natural grass for Finnish female elite-level footballers: A five-season study.","No difference in sudden‐onset injury risk between artificial turf and natural grass for Finnish female elite‐level footballers: A five‐season study.","10.1002/ksa.70018","10.1002/ksa.70018"
"PubMed","doi","100","within_second_search","","'T-junction' hamstring muscle injury in an elite-level football player.","'T-junction' hamstring muscle injury in an elite-level football player.","10.1136/bjsports-2024-108463","10.1136/bjsports-2024-108463"
"PubMed","doi","100","within_second_search","","Use of the concussion check protocol for concussion assessment in a female soccer team over two consecutive seasons in New Zealand.","Use of the concussion check protocol for concussion assessment in a female soccer team over two consecutive seasons in New Zealand.","10.1016/j.jns.2024.123011","10.1016/j.jns.2024.123011"
"PubMed","doi","100","within_second_search","","Hamstring Muscle Stiffness During Isometric Contractions Until Task Failure in Footballers With and Without Injury History.","Hamstring Muscle Stiffness During Isometric Contractions Until Task Failure in Footballers With and Without Injury History.","10.1519/jsc.0000000000005061","10.1519/jsc.0000000000005061"
"PubMed","doi","100","within_second_search","","Influence of the External Workload on Calf Muscle Strain Injuries in Professional Football Players: A Pilot Study.","Influence of the External Workload on Calf Muscle Strain Injuries in Professional Football Players: A Pilot Study.","10.1177/19417381241247754","10.1177/19417381241247754"
"PubMed","doi","100","within_second_search","","The application of a return-to-performance pathway for a professional footballer recovering from a surgical repair of an isolated lateral collateral knee ligament rupture. A case report.","The application of a return-to-performance pathway for a professional footballer recovering from a surgical repair of an isolated lateral collateral knee ligament rupture. A case report.","10.1016/j.ptsp.2024.09.003","10.1016/j.ptsp.2024.09.003"
"PubMed","doi","100","within_second_search","","Use of functional near-infrared spectroscopy to quantify neurophysiological deficits after repetitive head impacts in adolescent athletes.","Use of functional near-infrared spectroscopy to quantify neurophysiological deficits after repetitive head impacts in adolescent athletes.","10.1080/14763141.2023.2229790","10.1080/14763141.2023.2229790"
"PubMed","doi","100","within_second_search","","Development of a standardised method for the analysis of mechanisms and circumstances of injury in football (PhD Academy Award).","Development of a standardised method for the analysis of mechanisms and circumstances of injury in football (PhD Academy Award).","10.1136/bjsports-2023-107644","10.1136/bjsports-2023-107644"
"PubMed","doi","100","within_second_search","","The single antegrade sling graft: a novel hamstring autograft technique for combined anterior cruciate ligament and anterolateral ligament reconstruction.","The single antegrade sling graft: a novel hamstring autograft technique for combined anterior cruciate ligament and anterolateral ligament reconstruction.","10.1007/s00402-024-05697-5","10.1007/s00402-024-05697-5"
"PubMed","doi","100","within_second_search","","Knowledge, attitude and behaviour around concussion at the FIFA Women's World Cup 2023: part 2 - coaches, performance staff and players.","Knowledge, attitude and behaviour around concussion at the FIFA Women's World Cup 2023: part 2 – coaches, performance staff and players.","10.1080/24733938.2024.2385339","10.1080/24733938.2024.2385339"
"PubMed","doi","83","within_second_search","","Characteristics of potential head injury situations at the FIFA World Cup Qatar 2022(TM).","Characteristics of potential head injury situations at the FIFA World Cup Qatar 2022<sup>TM</sup>.","10.1080/24733938.2024.2409689","10.1080/24733938.2024.2409689"
"PubMed","doi","89","within_second_search","","Broadening our understanding of injury mechanisms to include at-risk situations: an overview of potential injuries at the FIFA men's World Cup Qatar 2022(TM).","Broadening our understanding of injury mechanisms to include at-risk situations: an overview of potential injuries at the FIFA men's World Cup Qatar 2022<sup>TM</sup>.","10.1080/24733938.2024.2372304","10.1080/24733938.2024.2372304"
"PubMed","doi","100","within_second_search","","Establishing 'normal' career longevity in professional footballers allows comparison to that of players with injuries and surgery.","Establishing 'normal' career longevity in professional footballers allows comparison to that of players with injuries and surgery.","10.1002/ksa.12722","10.1002/ksa.12722"
"PubMed","doi","100","within_second_search","","Spanish adaptation of the cutting movement assessment score (CMAS): Agreement and inter-rater reliability among Spanish-speaking football practitioners.","Spanish adaptation of the cutting movement assessment score (CMAS): Agreement and inter-rater reliability among Spanish-speaking football practitioners.","10.1016/j.ptsp.2025.09.010","10.1016/j.ptsp.2025.09.010"
"PubMed","doi","100","within_second_search","","One exercise session a day keeps the physio away: effect of a newly designed daily exercise programme on injury prevention in youth football - A randomised controlled trial.","One exercise session a day keeps the physio away: effect of a newly designed daily exercise programme on injury prevention in youth football - A randomised controlled trial.","10.1016/j.ptsp.2025.04.005","10.1016/j.ptsp.2025.04.005"
"PubMed","doi","100","within_second_search","","Elite football players achieve pre-injury running performance despite MRI lesions after return to play without increased risk of recurrence.","Elite football players achieve pre-injury running performance despite MRI lesions after return to play without increased risk of recurrence.","10.1080/15438627.2025.2517225","10.1080/15438627.2025.2517225"
"PubMed","doi","100","within_second_search","","Role of Hip Internal Rotation Range and Foot Progression Angle for Preventing Jones Fracture During Crossover Cutting.","Role of Hip Internal Rotation Range and Foot Progression Angle for Preventing Jones Fracture During Crossover Cutting.","10.1123/jab.2024-0070","10.1123/jab.2024-0070"
"PubMed","doi","100","within_second_search","","Comparison of an Adaptive Ankle Brace to Conventional Taping for Rehabilitation of Acute Ankle Injury in Young Subelite Soccer Players: A Pilot Study.","Comparison of an Adaptive Ankle Brace to Conventional Taping for Rehabilitation of Acute Ankle Injury in Young Subelite Soccer Players: A Pilot Study.","10.1123/jsr.2023-0290","10.1123/jsr.2023-0290"
"PubMed","doi","100","within_second_search","","[Hallux Extensus as a Rare Complication of Crural Fracture and Its Surgical Treatment].","[Hallux Extensus as a Rare Complication of Crural Fracture and Its Surgical Treatment].","10.55095/achot2024/038","10.55095/achot2024/038"
"PubMed","title_author_year","100","within_second_search","","[Trieste, free port - Football therapy with psychiatric patients. For the 100th anniversary of Franco Basaglia's birth].","Trieste, free port - Football therapy with psychiatric patients. For the 100th anniversary of Franco Basaglia's birth","",""
"PubMed","doi","100","within_second_search","","A new injury prevention program 'FUNBALL' improves cognitive performance of young football (soccer) players: A cluster randomized controlled trial.","A new injury prevention program 'FUNBALL' improves cognitive performance of young football (soccer) players: A cluster randomized controlled trial.","10.1016/j.psychsport.2024.102743","10.1016/j.psychsport.2024.102743"
"PubMed","doi","100","within_second_search","","Customized Face Guards as Protective Devices for Ocular Trauma in Futsal Players: A Case Report and Clinical Efficacy Evaluation.","Customized Face Guards as Protective Devices for Ocular Trauma in Futsal Players: A Case Report and Clinical Efficacy Evaluation.","10.1249/jsr.0000000000001312","10.1249/jsr.0000000000001312"
"PubMed","doi","100","within_second_search","","ACL injury timing during matches in professional women's football: A 208-case analysis from the 2022-2024 seasons.","ACL injury timing during matches in professional women's football: A 208-case analysis from the 2022–2024 seasons.","10.1016/j.jsams.2025.08.016","10.1016/j.jsams.2025.08.016"
"PubMed","doi","100","within_second_search","","Acute Compartment Syndrome in a Football Player With Quadriceps Contusion and Successful Return to Sport: A Case Report.","Acute Compartment Syndrome in a Football Player With Quadriceps Contusion and Successful Return to Sport: A Case Report.","10.2106/jbjs.cc.23.00688","10.2106/jbjs.cc.23.00688"
"PubMed","doi","100","within_second_search","","Tri-axial loading response to anti-gravity running highlights movement strategy compensations during knee injury rehabilitation of a professional soccer player.","Tri-axial loading response to anti-gravity running highlights movement strategy compensations during knee injury rehabilitation of a professional soccer player.","10.1080/15438627.2023.2216824","10.1080/15438627.2023.2216824"
"PubMed","doi","100","within_second_search","","Longitudinal assessment of brain injury biomarker neurofilament light in female football players during a competitive season of football heading.","Longitudinal assessment of brain injury biomarker neurofilament light in female football players during a competitive season of football heading.","10.1080/24733938.2025.2550418","10.1080/24733938.2025.2550418"
"PubMed","doi","100","within_second_search","","A clinical case report on biceps femoris T-junction surgical repair & rehabilitation of an international footballer.","A clinical case report on biceps femoris T-junction surgical repair & rehabilitation of an international footballer.","10.1016/j.ptsp.2025.10.042","10.1016/j.ptsp.2025.10.042"
"PubMed","doi","100","within_second_search","","Thermography method under the influence of exercise in the detection of muscle injuries: Sartorius muscle case report.","Thermography method under the influence of exercise in the detection of muscle injuries: Sartorius muscle case report.","10.1016/j.jbmt.2024.02.029","10.1016/j.jbmt.2024.02.029"
"PubMed","doi","100","within_second_search","","Breaking new grounds in injury risk screening in soccer by deploying unsupervised learning with a special focus on sex and fatigue effects.","Breaking new grounds in injury risk screening in soccer by deploying unsupervised learning with a special focus on sex and fatigue effects.","10.1080/14763141.2022.2112748","10.1080/14763141.2022.2112748"
"PubMed","doi","100","within_second_search","","From classical models to attention-based transformers: A comparative study of injury prediction pipelines in female varsity soccer.","From classical models to attention-based transformers: A comparative study of injury prediction pipelines in female varsity soccer.","10.1016/j.jbiomech.2026.113278","10.1016/j.jbiomech.2026.113278"
"PubMed","doi","100","within_second_search","","Efficacy of the FIFA cooling break heat policy during an intermittent treadmill football simulation in hot conditions in trained females.","Efficacy of the FIFA cooling break heat policy during an intermittent treadmill football simulation in hot conditions in trained females.","10.1016/j.jsams.2025.02.003","10.1016/j.jsams.2025.02.003"
"PubMed","doi","100","within_second_search","","High specificity of an AI-powered framework in cross-checking male professional football anterior cruciate ligament tear reports in public databases.","High specificity of an AI‐powered framework in cross‐checking male professional football anterior cruciate ligament tear reports in public databases.","10.1002/ksa.12571","10.1002/ksa.12571"
"PubMed","doi","100","within_second_search","","Video Assessment of the Frequency and Evaluations of Head Collision Events During the 2022 World Cup.","Video Assessment of the Frequency and Evaluations of Head Collision Events during the 2022 World Cup","10.1097/jsm.0000000000001303","10.1097/jsm.0000000000001303"
"PubMed","doi","100","within_second_search","","Distal Plantaris Tendon Rupture in Professional Football Players: Two Case Reports of a Rare Injury.","Distal Plantaris Tendon Rupture in Professional Football Players: Two Case Reports of a Rare Injury.","10.1123/jsr.2025-0116","10.1123/jsr.2025-0116"
"PubMed","doi","100","within_second_search","","Visible signs of possible concussion at the FIFA World Cup Qatar 2022™: Independent review and inter-rater reliability.","Visible signs of possible concussion at the FIFA World Cup Qatar 2022™: Independent review and inter-rater reliability.","10.1016/j.jsams.2025.09.007","10.1016/j.jsams.2025.09.007"
"PubMed","doi","100","within_second_search","","Individualized implicit verbal feedback, a key tool to unlock the potential of video instruction and feedback in talented female soccer players?","Individualized implicit verbal feedback, a key tool to unlock the potential of video instruction and feedback in talented female soccer players?","10.1080/02640414.2026.2628472","10.1080/02640414.2026.2628472"
"PubMed","doi","100","within_second_search","","The Application of a Return-to-Performance Pathway for an International Soccer Player Recovering From Ankle Syndesmosis Stabilization in Time for the 2022 FIFA World Cup. A Case Report.","The Application of a Return-to-Performance Pathway for an International Soccer Player Recovering From Ankle Syndesmosis Stabilization in Time for the 2022 FIFA World Cup. A Case Report.","10.4085/1062-6050-0389.24","10.4085/1062-6050-0389.24"
"PubMed","doi","100","within_second_search","","Return to play after conservative treatment of complete adductor longus tendon rupture in a semi-professional football player: a case report with a 1-year follow up.","Return to play after conservative treatment of complete adductor longus tendon rupture in a semi-professional football player: a case report with a 1-year follow up.","10.1080/15438627.2025.2543089","10.1080/15438627.2025.2543089"
"PubMed","doi","100","within_second_search","","Letter to the editor Re: quintana-Cepedal M, de la calle O, olmedillas H. Return to play after conservative treatment of complete adductor longus tendon rupture in a semi-professional football player: a case report with a 1-year follow up. Research in sports medicine. 2025. doi:10.1080/15438627.2025.2543089.","Letter to the editor Re: quintana-Cepedal M, de la calle O, olmedillas H. Return to play after conservative treatment of complete adductor longus tendon rupture in a semi-professional football player: a case report with a 1-year follow up. Research in sports medicine. 2025. doi:10.1080/15438627.2025.2543089","10.1080/15438627.2025.2557305","10.1080/15438627.2025.2557305"
"PubMed","doi","100","within_second_search","","Soccer and Vocational Training are Ineffective Delivery Strategies to Prevent HIV and Substance Abuse by Young, South African Men: A Cluster Randomized Controlled Trial.","Soccer and Vocational Training are Ineffective Delivery Strategies to Prevent HIV and Substance Abuse by Young, South African Men: A Cluster Randomized Controlled Trial.","10.1007/s10461-024-04458-0","10.1007/s10461-024-04458-0"
"PubMed","doi","100","within_second_search","","Does Headgear Prevent Sport-Related Concussion? A Systematic Review and Meta-Analysis of Randomized Controlled Trials Including 6311 Players and 173,383 Exposure Hours.","Does Headgear Prevent Sport-Related Concussion? A Systematic Review and Meta-Analysis of Randomized Controlled Trials Including 6311 Players and 173,383 Exposure Hours.","10.1177/19417381231174461","10.1177/19417381231174461"
"PubMed","doi","100","within_second_search","","Incidence of lower limb tendinopathy: A 3-year prospective study of a youth elite athletes in a Brazilian sport club.","Incidence of lower limb tendinopathy: A 3-year prospective study of a youth elite athletes in a Brazilian sport club.","10.1016/j.jbmt.2024.04.042","10.1016/j.jbmt.2024.04.042"
"PubMed","doi","100","within_second_search","","Epidemiology of Testicular Trauma in Sports: Analysis of the National Electronic Injury Surveillance System Database.","Epidemiology of Testicular Trauma in Sports: Analysis of the National Electronic Injury Surveillance System Database.","10.1016/j.jemermed.2024.06.005","10.1016/j.jemermed.2024.06.005"
"PubMed","doi","100","within_second_search","","Women, concussion and disputing an old myth: the game of football is not 'unsuitable for females'.","Women, concussion and disputing an old myth: the game of football is not 'unsuitable for females'.","10.1136/bjsports-2023-107486","10.1136/bjsports-2023-107486"
"PubMed","doi","100","within_second_search","","Groin injuries in women's premier league football in Norway: A two-season prospective cohort study describing clinical and imaging characteristics.","Groin injuries in women's premier league football in Norway: A two-season prospective cohort study describing clinical and imaging characteristics.","10.1111/sms.14611","10.1111/sms.14611"
"PubMed","doi","100","within_second_search","","Marching Band Injuries in Children Presenting to Emergency Departments in the United States, 2012-2021: A Trebling Tale.","Marching Band Injuries in Children Presenting to Emergency Departments in the United States, 2012-2021: A Trebling Tale.","10.1177/00099228231210656","10.1177/00099228231210656"
"PubMed","doi","100","within_second_search","","Concussion Incidence by Type of Sport: Differences by Sex, Age Groups, Type of Session, and Level of Play An Overview of Systematic Reviews With Meta-analysis.","Concussion Incidence by Type of Sport: Differences by Sex, Age Groups, Type of Session, and Level of Play An Overview of Systematic Reviews With Meta-analysis.","10.2519/jospt.2024.12677","10.2519/jospt.2024.12677"
"PubMed","doi","100","within_second_search","","Avenues for prevention using the epidemiology of sport-related concussion from a large high school surveillance study.","Avenues for prevention using the epidemiology of sport-related concussion from a large high school surveillance study.","10.3171/2024.4.focus24153","10.3171/2024.4.focus24153"
"PubMed","doi","100","within_second_search","","Analysis of a Division I Sports Medicine Program's COVID-19 Protocol: Identifying Factors that Predict Testing Demands and Positive Rates During a Pandemic.","Analysis of a Division I Sports Medicine Program's COVID-19 Protocol: Identifying Factors that Predict Testing Demands and Positive Rates During a Pandemic.","10.1097/jsm.0000000000001176","10.1097/jsm.0000000000001176"
"PubMed","doi","100","within_second_search","","Strength and clinical test combinations enhance predictions of sagittal and frontal plane biomechanics in single-leg landing.","Strength and clinical test combinations enhance predictions of sagittal and frontal plane biomechanics in single-leg landing.","10.1016/j.ptsp.2024.06.008","10.1016/j.ptsp.2024.06.008"
"PubMed","doi","100","within_second_search","","Effects of dominance and vision on unipedal balance tests in futsal players using a triaxial accelerometer.","Effects of dominance and vision on unipedal balance tests in futsal players using a triaxial accelerometer.","10.1080/14763141.2024.2301987","10.1080/14763141.2024.2301987"
"PubMed","doi","100","within_second_search","","Injury Profile in Youth Female Athletes: A Systematic Review and Meta-Analysis.","Injury Profile in Youth Female Athletes: A Systematic Review and Meta-Analysis.","10.1007/s40279-023-01988-w","10.1007/s40279-023-01988-w"
"PubMed","doi","100","within_second_search","","Association of Sport Helmet Status on Concussion Presentation and Recovery in Male Collegiate Student-Athletes.","Association of Sport Helmet Status on Concussion Presentation and Recovery in Male Collegiate Student-Athletes.","10.1007/s10439-024-03575-0","10.1007/s10439-024-03575-0"
"PubMed","doi","100","within_second_search","","Atraumatic Sport-Related Medial Sesamoid Pain: Conservative Treatment Outcome and Magnetic Resonance Imaging Features.","Atraumatic Sport-Related Medial Sesamoid Pain: Conservative Treatment Outcome and Magnetic Resonance Imaging Features.","10.4055/cios24037","10.4055/cios24037"
"PubMed","doi","100","within_second_search","","Sport-specific Differences in Cartilage Treatment.","Sport-specific Differences in Cartilage Treatment.","10.1097/jsa.0000000000000393","10.1097/jsa.0000000000000393"
"PubMed","doi","100","within_second_search","","Can tests of physical fitness predict traumatic knee injury in youth female athletes? A prospective cohort study.","Can tests of physical fitness predict traumatic knee injury in youth female athletes? A prospective cohort study.","10.1016/j.ptsp.2024.06.007","10.1016/j.ptsp.2024.06.007"
"PubMed","doi","100","within_second_search","","A Systematic Review and Meta-analysis of Anterior Cruciate Ligament Injury Prevention Programs: Training to Stay in the Game.","A Systematic Review and Meta-analysis of Anterior Cruciate Ligament Injury Prevention Programs: Training to Stay in the Game.","10.1177/03635465251376670","10.1177/03635465251376670"
"PubMed","doi","100","within_second_search","","Spondylolysis in Adolescent Athletes: A Descriptive Study of 533 Patients.","Spondylolysis in Adolescent Athletes: A Descriptive Study of 533 Patients.","10.1097/jsm.0000000000001283","10.1097/jsm.0000000000001283"
"PubMed","doi","100","within_second_search","","A Systematic Review of Sports-Related Concussion Education Programs: Design, Outcomes, and Recommendations.","A Systematic Review of Sports-Related Concussion Education Programs: Design, Outcomes, and Recommendations.","10.1097/jsm.0000000000001309","10.1097/jsm.0000000000001309"
"PubMed","doi","100","within_second_search","","""Martyr or Moaner:"" A Qualitative Study of Elite Ladies Gaelic Football and Camogie Players' Perceptions of Injury Surveillance.","""Martyr or Moaner:"" A Qualitative Study of Elite Ladies Gaelic Football and Camogie Players' Perceptions of Injury Surveillance.","10.1123/jsr.2024-0181","10.1123/jsr.2024-0181"
"PubMed","doi","100","within_second_search","","Clinical examination tests for adductor- and pubic-related groin pain in athletes with longstanding groin pain: Inter-examiner reliability and prevalence of positive tests.","Clinical examination tests for adductor- and pubic-related groin pain in athletes with longstanding groin pain: Inter-examiner reliability and prevalence of positive tests.","10.1016/j.ptsp.2023.12.008","10.1016/j.ptsp.2023.12.008"
"PubMed","doi","100","within_second_search","","Epidemiology of adverse events related to sports among community people: a scoping review.","Epidemiology of adverse events related to sports among community people: a scoping review.","10.1136/bmjopen-2023-082984","10.1136/bmjopen-2023-082984"
"PubMed","doi","100","within_second_search","","Quantifying the impact of the coronavirus 2019 pandemic on youth sports-related injuries in the USA.","Quantifying the impact of the coronavirus 2019 pandemic on youth sports-related injuries in the USA.","10.1097/bpb.0000000000001096","10.1097/bpb.0000000000001096"
"PubMed","doi","100","within_second_search","","Gender differences in foot and ankle sporting injuries: A systematic literature review.","Gender differences in foot and ankle sporting injuries: A systematic literature review.","10.1016/j.foot.2024.102122","10.1016/j.foot.2024.102122"
"PubMed","doi","100","within_second_search","","Sport-related concussions in wrestling: does mechanism of injury affect recovery?","Sport-related concussions in wrestling: does mechanism of injury affect recovery?.","10.23736/s0022-4707.24.15911-7","10.23736/s0022-4707.24.15911-7"
"PubMed","doi","100","within_second_search","","Perception of Pain and Function Among Athletes and Parents: A PROMIS Dyad Study.","Perception of Pain and Function Among Athletes and Parents: A PROMIS Dyad Study.","10.1177/03635465251407113","10.1177/03635465251407113"
"PubMed","doi","100","within_second_search","","Relationships Among Baseline Concussion Balance Test and Gaze Stability Test Scores in Division-I Collegiate Athletes.","Relationships Among Baseline Concussion Balance Test and Gaze Stability Test Scores in Division-I Collegiate Athletes.","10.1123/jsr.2023-0254","10.1123/jsr.2023-0254"
"PubMed","doi","100","within_second_search","","Risk of Acute Compartment Syndrome in Pediatric Patients With Tibial Tubercle Avulsion Fractures: A Retrospective Review.","Risk of Acute Compartment Syndrome in Pediatric Patients With Tibial Tubercle Avulsion Fractures: A Retrospective Review.","10.1097/bpo.0000000000002744","10.1097/bpo.0000000000002744"
"PubMed","doi","100","within_second_search","","Extrinsic Risk Factors for Primary Noncontact Anterior Cruciate Ligament Injury in Adolescents Aged between 14 and 18 years: A Systematic Review.","Extrinsic Risk Factors for Primary Noncontact Anterior Cruciate Ligament Injury in Adolescents Aged between 14 and 18 years: A Systematic Review.","10.1007/s40279-023-01975-1","10.1007/s40279-023-01975-1"
"PubMed","doi","100","within_second_search","","Contact Breast Injuries Among Female Athletes: A Systematic Review.","Contact Breast Injuries Among Female Athletes: A Systematic Review.","10.1007/s40279-024-02027-y","10.1007/s40279-024-02027-y"
"PubMed","doi","100","within_second_search","","Return to sports in female athletes after anterior cruciate ligament reconstruction: A systematic review and metanalysis.","Return to sports in female athletes after anterior cruciate ligament reconstruction: A systematic review and metanalysis.","10.1016/j.jisako.2024.01.008","10.1016/j.jisako.2024.01.008"
"PubMed","doi","100","within_second_search","","Adolescent Athletes with Stronger Athletic Identity Perceptions Have Weaker Fear Avoidance Perceptions During Musculoskeletal Injury Rehabilitation Return to Sports Preparation.","Adolescent Athletes with Stronger Athletic Identity Perceptions Have Weaker Fear Avoidance Perceptions During Musculoskeletal Injury Rehabilitation Return to Sports Preparation.","10.1097/bpo.0000000000002723","10.1097/bpo.0000000000002723"
"PubMed","doi","100","within_second_search","","Risk Factors of Emergency Department Utilization After Outpatient Surgery for Sports-Related Injuries.","Risk Factors of Emergency Department Utilization After Outpatient Surgery for Sports-Related Injuries.","10.5435/jaaos-d-22-00715","10.5435/jaaos-d-22-00715"
"PubMed","doi","100","within_second_search","","Pars Interarticularis and Pedicle Stress Injuries in Young Athletes With Low Back Pain: A Retrospective Cohort Study of 902 Patients Evaluated With Magnetic Resonance Imaging.","Pars Interarticularis and Pedicle Stress Injuries in Young Athletes With Low Back Pain: A Retrospective Cohort Study of 902 Patients Evaluated With Magnetic Resonance Imaging.","10.1177/03635465241264804","10.1177/03635465241264804"
"PubMed","doi","100","within_second_search","","Primary Anterior Cruciate Ligament Reconstruction in Level 1 Athletes: Factors Associated With Return to Play, Reinjury, and Knee Function at 5 Years of Follow-up.","Primary Anterior Cruciate Ligament Reconstruction in Level 1 Athletes: Factors Associated With Return to Play, Reinjury, and Knee Function at 5 Years of Follow-up.","10.1177/03635465241313386","10.1177/03635465241313386"
"PubMed","doi","100","within_second_search","","Descriptive Epidemiology of Complete ACL Tears in the Skeletally Immature Population: A Prospective Multicenter PLUTO Study.","Descriptive Epidemiology of Complete ACL Tears in the Skeletally Immature Population: A Prospective Multicenter PLUTO Study.","10.1177/03635465241312215","10.1177/03635465241312215"
"PubMed","doi","100","within_second_search","","Impact of the Quadriceps Angle on Health and Injury Risk in Female Athletes.","Impact of the Quadriceps Angle on Health and Injury Risk in Female Athletes.","10.3390/ijerph21121547","10.3390/ijerph21121547"
"PubMed","doi","100","within_second_search","","A systematic review and network meta-analysis on the effectiveness of exercise-based interventions for reducing the injury incidence in youth team-sport players. Part 2: an analysis by movement patterns.","A systematic review and network meta-analysis on the effectiveness of exercise-based interventions for reducing the injury incidence in youth team-sport players. Part 2: an analysis by movement patterns.","10.1080/07853890.2024.2337724","10.1080/07853890.2024.2337724"
"PubMed","doi","100","within_second_search","","A systematic review and network meta-analysis on the effectiveness of exercise-based interventions for reducing the injury incidence in youth team-sport players. Part 1: an analysis by classical training components.","A systematic review and network meta-analysis on the effectiveness of exercise-based interventions for reducing the injury incidence in youth team-sport players. Part 1: an analysis by classical training components.","10.1080/07853890.2024.2408457","10.1080/07853890.2024.2408457"
"PubMed","doi","100","within_second_search","","How high-performance practitioners think and intervene to change technique.","How high-performance practitioners think and intervene to change technique.","10.1016/j.psychsport.2025.102906","10.1016/j.psychsport.2025.102906"
"PubMed","doi","100","within_second_search","","What are the Risks of Contact Sport During Pregnancy: a Survey-Based Investigation.","What are the Risks of Contact Sport During Pregnancy: a Survey-Based Investigation.","10.1007/s40279-025-02262-x","10.1007/s40279-025-02262-x"
"PubMed","doi","100","within_second_search","","Biomarkers of Neurobiologic Recovery in Adults With Sport-Related Concussion.","Biomarkers of Neurobiologic Recovery in Adults With Sport-Related Concussion.","10.1001/jamanetworkopen.2024.15983","10.1001/jamanetworkopen.2024.15983"
"PubMed","doi","100","within_second_search","","Clinical Features and Therapeutic Process of Sacral Fatigue Fractures in Adolescents.","Clinical Features and Therapeutic Process of Sacral Fatigue Fractures in Adolescents.","10.1177/03635465241251848","10.1177/03635465241251848"
"PubMed","doi","100","within_second_search","","Emotions, Confidence, and Risk Appraisal in Athletes With Hypermobile Joints After Anterior Cruciate Ligament Reconstruction: A Prospective Cohort Study.","Emotions, Confidence, and Risk Appraisal in Athletes With Hypermobile Joints After Anterior Cruciate Ligament Reconstruction: A Prospective Cohort Study.","10.1111/sms.70183","10.1111/sms.70183"
"PubMed","doi","100","within_second_search","","An overview of the risk factors for producing fifth metatarsal fracture in sports activities: A systematic review.","An overview of the risk factors for producing fifth metatarsal fracture in sports activities: A systematic review.","10.1002/jfa2.70012","10.1002/jfa2.70012"
"PubMed","doi","100","within_second_search","","Correlation Between a 3-Step MRI Assessment and Surgical Findings in Classifying Pyramidalis-Anterior Pubic Ligament-Adductor Longus Complex (PLAC) Injuries in 161 Athletes: Validation of Application of the PLAC Classification System.","Correlation Between a 3-Step MRI Assessment and Surgical Findings in Classifying Pyramidalis–Anterior Pubic Ligament–Adductor Longus Complex (PLAC) Injuries in 161 Athletes: Validation of Application of the PLAC Classification System.","10.1177/03635465251368389","10.1177/03635465251368389"
"PubMed","doi","100","within_second_search","","Subsequent musculoskeletal injury after concussion in National Football League players.","Subsequent musculoskeletal injury after concussion in National Football League players.","10.1136/bjsports-2023-107970","10.1136/bjsports-2023-107970"
"PubMed","doi","100","within_second_search","","Incidence of and Risk Factors for Lower Extremity Apophysitis in Children and Adolescents.","Incidence of and Risk Factors for Lower Extremity Apophysitis in Children and Adolescents.","10.1007/s40279-025-02328-w","10.1007/s40279-025-02328-w"
"PubMed","doi","100","within_second_search","","Best practices for the dissemination and implementation of neuromuscular training injury prevention warm-ups in youth team sport: a systematic review.","Best practices for the dissemination and implementation of neuromuscular training injury prevention warm-ups in youth team sport: a systematic review.","10.1136/bjsports-2023-106906","10.1136/bjsports-2023-106906"
"PubMed","title_author_year","100","within_second_search","","The Team Physician Consensus Statement 2024 Update.","The Team Physician Consensus Statement 2024 Update.","10.1249/jsr.0000000000001251","10.1249/mss.0000000000003641"
"PubMed","doi","100","within_second_search","","Concussion burden and later-life cardiovascular risk factors in former professional American-style football players.","Concussion burden and later-life cardiovascular risk factors in former professional American-style football players.","10.1002/acn3.52045","10.1002/acn3.52045"
"PubMed","doi","100","within_second_search","","18F-Flortaucipir (AV1451) imaging identifies grey matter atrophy in retired athletes.","18F-Flortaucipir (AV1451) imaging identifies grey matter atrophy in retired athletes.","10.1007/s00415-024-12573-0","10.1007/s00415-024-12573-0"
"PubMed","doi","100","within_second_search","","Oro-dental trauma burden and mouthguard usage among contact sports players: A call for sports dentistry initiatives in Sri Lanka.","Oro-dental trauma burden and mouthguard usage among contact sports players: A call for sports dentistry initiatives in Sri Lanka.","10.1111/edt.12916","10.1111/edt.12916"
"PubMed","doi","100","within_second_search","","Acute psychological symptom profiles in high school football players following sport-related concussion.","Acute psychological symptom profiles in high school football players following sport-related concussion.","10.3171/2023.9.peds23301","10.3171/2023.9.peds23301"
"PubMed","doi","100","within_second_search","","On-Field and Pitch-Side (Sideline) Assessment of Sports Concussion in Collision Sports: An Expert Consensus Statement Using the Modified Delphi Technique.","On-Field and Pitch-Side (Sideline) Assessment of Sports Concussion in Collision Sports: An Expert Consensus Statement Using the Modified Delphi Technique","10.1016/j.arthro.2023.06.026","10.1016/j.arthro.2023.06.026"
"PubMed","doi","100","within_second_search","","Longitudinal Characterization of Pain Interference and Influential Factors in Former National Football League (NFL) Players Over a 19-Year Period: An NFL-LONG Study.","Longitudinal Characterization of Pain Interference and Influential Factors in Former National Football League (NFL) Players Over a 19-Year Period: An NFL-LONG Study.","10.1016/j.jpain.2024.104577","10.1016/j.jpain.2024.104577"
"PubMed","doi","100","within_second_search","","Associations Between Instrumented Mouthguard-Measured Head Acceleration Events and Post-Match Biomarkers of Astroglial and Axonal Injury in Male Amateur Australian Football Players.","Associations Between Instrumented Mouthguard-Measured Head Acceleration Events and Post-Match Biomarkers of Astroglial and Axonal Injury in Male Amateur Australian Football Players.","10.1007/s40279-024-02138-6","10.1007/s40279-024-02138-6"
"PubMed","doi","100","within_second_search","","Sports Injury Patterns and Economic Consequences Before and During the COVID-19 Pandemic: A Comprehensive Study of Norwegian Sports From 2017 to 2020 Using Insurance Data.","Sports Injury Patterns and Economic Consequences Before and During the COVID‐19 Pandemic: A Comprehensive Study of Norwegian Sports From 2017 to 2020 Using Insurance Data.","10.1111/sms.70155","10.1111/sms.70155"
"PubMed","doi","100","within_second_search","","Commotio Cordis in Sports.","Commotio Cordis in Sports.","10.1249/jsr.0000000000001292","10.1249/jsr.0000000000001292"
"PubMed","doi","100","within_second_search","","Utilisation of New Zealand Rugby's concussion management pathway: A mixed methods investigation.","Utilisation of New Zealand Rugby's concussion management pathway: A mixed methods investigation.","10.1002/ejsc.12213","10.1002/ejsc.12213"
"PubMed","doi","100","within_second_search","","Concussion-Related Biomarker Variations in Retired Rugby Players and Implications for Neurodegenerative Disease Risk: The UK Rugby Health Study.","Concussion-Related Biomarker Variations in Retired Rugby Players and Implications for Neurodegenerative Disease Risk: The UK Rugby Health Study.","10.3390/ijms25147811","10.3390/ijms25147811"
"PubMed","doi","100","within_second_search","","Ligament augmentation and reconstruction system (LARS) synthetic grafts are safe and effective for medial collateral ligament and posterolateral corner reconstructions in elite athletes.","Ligament augmentation and reconstruction system (LARS) synthetic grafts are safe and effective for medial collateral ligament and posterolateral corner reconstructions in elite athletes.","10.1002/ksa.12363","10.1002/ksa.12363"
"PubMed","doi","100","within_second_search","","Substantia Nigra Pathology, Contact Sports Play, and Parkinsonism in Chronic Traumatic Encephalopathy.","Substantia Nigra Pathology, Contact Sports Play, and Parkinsonism in Chronic Traumatic Encephalopathy.","10.1001/jamaneurol.2024.2166","10.1001/jamaneurol.2024.2166"
"PubMed","doi","100","within_second_search","","Do healthy athletes exhibit at-risk biomechanics for anterior cruciate ligament injury during pivoting movements?","Do healthy athletes exhibit at-risk biomechanics for anterior cruciate ligament injury during pivoting movements?.","10.1080/14763141.2022.2080105","10.1080/14763141.2022.2080105"
"PubMed","doi","100","within_second_search","","Wearing a Guardian Cap Does Not Mitigate On-Field Head Impact Severity.","Wearing a Guardian Cap Does Not Mitigate On-Field Head Impact Severity.","10.1249/mss.0000000000003790","10.1249/mss.0000000000003790"
"PubMed","doi","100","within_second_search","","Associations of Collegiate Football Career and Incident Concussion with Players' Health: A Longitudinal Study from the CARE Consortium.","Associations of Collegiate Football Career and Incident Concussion with Players' Health: A Longitudinal Study from the CARE Consortium.","10.1007/s40279-025-02234-1","10.1007/s40279-025-02234-1"
"PubMed","doi","100","within_second_search","","Tackle Characteristics Resulting in Potential Head Injuries in Elite Men's Rugby League: A Video Analysis Study of 746 Tackles.","Tackle Characteristics Resulting in Potential Head Injuries in Elite Men's Rugby League: A Video Analysis Study of 746 Tackles.","10.1002/ejsc.12270","10.1002/ejsc.12270"
"PubMed","doi","100","within_second_search","","The effect of assessor expertise on reliability of analysis of video signs associated with concussion in Australian football.","The effect of assessor expertise on reliability of analysis of video signs associated with concussion in Australian football.","10.1016/j.jsams.2024.08.200","10.1016/j.jsams.2024.08.200"
"PubMed","doi","100","within_second_search","","Time to level the playing field between men and women - Given similar injury incidence: A two-season analysis of match injuries in elite men and women's (Super League) rugby league.","Time to level the playing field between men and women - Given similar injury incidence: A two-season analysis of match injuries in elite men and women's (Super League) rugby league.","10.1016/j.jsams.2024.07.001","10.1016/j.jsams.2024.07.001"
"PubMed","doi","100","within_second_search","","Analysis of Concussions Reported in American Professional Football Injury Reports in the 2019 Through 2023 Regular Seasons.","Analysis of Concussions Reported in American Professional Football Injury Reports in the 2019 Through 2023 Regular Seasons.","10.1016/j.wneu.2024.05.026","10.1016/j.wneu.2024.05.026"
"PubMed","doi","100","within_second_search","","Diagnosis and management of thoracic outlet syndrome in athletes.","Diagnosis and management of thoracic outlet syndrome in athletes.","10.1053/j.semvascsurg.2024.01.007","10.1053/j.semvascsurg.2024.01.007"
"PubMed","doi","100","within_second_search","","Epidemiology of Stingers in the National Football League, 2015-2019.","Epidemiology of Stingers in the National Football League, 2015-2019.","10.1177/19417381231223413","10.1177/19417381231223413"
"PubMed","doi","100","within_second_search","","Tackling the tackle 2: Evaluation of referee and player behavioural change as measures of implementation of a law variation in community-level male amateur rugby union.","Tackling the tackle 2: Evaluation of referee and player behavioural change as measures of implementation of a law variation in community-level male amateur rugby union.","10.1016/j.jsams.2023.11.004","10.1016/j.jsams.2023.11.004"
"PubMed","doi","100","within_second_search","","Catastrophic Sports Injuries: Causation and Prevention.","Catastrophic Sports Injuries: Causation and Prevention.","10.2106/jbjs.23.00335","10.2106/jbjs.23.00335"
"PubMed","doi","100","within_second_search","","Effects of Cumulative Head Impact Exposure in Adolescent Male Contact and Collision Sport Student Athletes.","Effects of Cumulative Head Impact Exposure in Adolescent Male Contact and Collision Sport Student Athletes.","10.1097/htr.0000000000000915","10.1097/htr.0000000000000915"
"PubMed","doi","100","within_second_search","","Hamstring musculotendon mechanics of prospectively injured elite rugby athletes.","Hamstring musculotendon mechanics of prospectively injured elite rugby athletes.","10.1080/15438627.2023.2189115","10.1080/15438627.2023.2189115"
"PubMed","title_author_year","100","within_second_search","","2024 Scholars' Research Symposium Abstract: Characteristics of Play Associated with Head Impact Severity During Tackling in Youth Football.","2024 Scholars' Research Symposium Abstract: Characteristics of Play Associated with Head Impact Severity During Tackling in Youth Football","",""
"PubMed","doi","100","within_second_search","","Classification and management of tibial tubercle avulsion fractures in children.","Classification and management of tibial tubercle avulsion fractures in children.","10.12968/hmed.2023.0380","10.12968/hmed.2023.0380"
"PubMed","doi","100","within_second_search","","Training injuries in elite men's senior and academy (Super League) rugby league; an analysis of 224,000 exposure-hours.","Training injuries in elite men's senior and academy (Super League) rugby league; an analysis of 224,000 exposure-hours.","10.1016/j.jsams.2024.06.002","10.1016/j.jsams.2024.06.002"
"PubMed","doi","100","within_second_search","","Comparison of Kinematics for Head Impacts Initiated by Helmets and Shoulder Pads Among High School American Football Athletes.","Comparison of Kinematics for Head Impacts Initiated by Helmets and Shoulder Pads Among High School American Football Athletes.","10.1007/s10439-024-03485-1","10.1007/s10439-024-03485-1"
"PubMed","doi","100","within_second_search","","NCAA football players are at higher risk of upper extremity injury after first-time concussion.","NCAA football players are at higher risk of upper extremity injury after first-time concussion.","10.1080/00913847.2024.2327275","10.1080/00913847.2024.2327275"
"PubMed","doi","100","within_second_search","","Concussion Symptomatology by Symptom Resolution Time in US High School Athletes: Findings From the National Athletic Treatment, Injury and Outcomes Network High School Surveillance Program (NATION-SP).","Concussion Symptomatology by Symptom Resolution Time in US High School Athletes: Findings From the National Athletic Treatment, Injury and Outcomes Network High School Surveillance Program (NATION-SP).","10.4085/1062-6050-0201.23","10.4085/1062-6050-0201.23"
"PubMed","doi","100","within_second_search","","Padel an increasing cause of sport-related eye injuries in Sweden.","Padel an increasing cause of sport-related eye injuries in Sweden.","10.1111/aos.15685","10.1111/aos.15685"
"PubMed","doi","100","within_second_search","","Baseline concussion assessment performance by sex in military service academy rugby players: findings from the CARE Consortium.","Baseline concussion assessment performance by sex in military service academy rugby players: findings from the CARE Consortium.","10.1136/military-2023-002358","10.1136/military-2023-002358"
"PubMed","doi","100","within_second_search","","An Analysis of Guardian Cap Use and Changes in the Concussion Rate in National Football League Preseason Practices From 2018 to 2023.","An Analysis of Guardian Cap Use and Changes in the Concussion Rate in National Football League Preseason Practices From 2018 to 2023.","10.1177/03635465251351288","10.1177/03635465251351288"
"PubMed","doi","100","within_second_search","","Prevalence of Chronic Traumatic Encephalopathy in Athletes With Repetitive Head Impacts: A Systematic Review and Meta-Analysis.","Prevalence of Chronic Traumatic Encephalopathy in Athletes With Repetitive Head Impacts: A Systematic Review and Meta‐Analysis.","10.1111/sms.70047","10.1111/sms.70047"
"PubMed","doi","100","within_second_search","","[Review of common shoulder and elbow pathologies in athletes].","[Review of common shoulder and elbow pathologies in athletes].","10.53738/revmed.2024.20.899.2400","10.53738/revmed.2024.20.899.2400"
"PubMed","doi","100","within_second_search","","Decreased isometric neck strength is a risk factor for head, neck and face injuries in professional rugby league players.","Decreased isometric neck strength is a risk factor for head, neck and face injuries in professional rugby league players.","10.1080/02640414.2024.2432793","10.1080/02640414.2024.2432793"
"PubMed","doi","100","within_second_search","","Do high-risk head trauma sports athletes have impaired vestibular function?","Do high-risk head trauma sports athletes have impaired vestibular function?.","10.1016/j.amjoto.2024.104429","10.1016/j.amjoto.2024.104429"
"PubMed","doi","100","within_second_search","","Symptom Exacerbation and Adverse Events During a Randomized Trial of Early-Stage Rehabilitation After Sport-Related Concussion: Safety Outcomes From the Active Rehab Study.","Symptom Exacerbation and Adverse Events During a Randomized Trial of Early-Stage Rehabilitation After Sport-Related Concussion: Safety Outcomes From the Active Rehab Study.","10.4085/1062-6050-0696.23","10.4085/1062-6050-0696.23"
"PubMed","doi","100","within_second_search","","Effect of Impact Kinematic Filters on Brain Strain Responses in Contact Sports.","Effect of Impact Kinematic Filters on Brain Strain Responses in Contact Sports.","10.1109/tbme.2024.3392859","10.1109/tbme.2024.3392859"
"PubMed","doi","100","within_second_search","","Level of Agreement Between Child and Parent Reporting on the Child Sport Concussion Assessment Tool (SCAT5).","Level of Agreement Between Child and Parent Reporting on the Child Sport Concussion Assessment Tool (SCAT5).","10.4085/1062-6050-0629.22","10.4085/1062-6050-0629.22"
"PubMed","doi","100","within_second_search","","Concussion incidence and mechanisms differ between elite females and males in Australian Football.","Concussion incidence and mechanisms differ between elite females and males in Australian Football.","10.1016/j.jsams.2023.12.003","10.1016/j.jsams.2023.12.003"
"PubMed","doi","100","within_second_search","","Preliminary Examination of Guardian Cap Head Impact Kinematics Using Instrumented Mouthguards.","Preliminary Examination of Guardian Cap Head Impact Kinematics Using Instrumented Mouthguards.","10.4085/1062-6050-0136.23","10.4085/1062-6050-0136.23"
"PubMed","doi","100","within_second_search","","The Association Between Early Sport Specialization and Injury and Career Outcomes Among National Football League Athletes.","The Association Between Early Sport Specialization and Injury and Career Outcomes Among National Football League Athletes.","10.1002/ejsc.70120","10.1002/ejsc.70120"
"PubMed","doi","100","within_second_search","","A Collaborative Approach to Co-Creating Contact Confident, an Evidence-Informed Tackle Safety and Technique Intervention for Coaches and Players in Rugby Union.","A Collaborative Approach to Co‐Creating Contact Confident, an Evidence‐Informed Tackle Safety and Technique Intervention for Coaches and Players in Rugby Union.","10.1002/ejsc.70106","10.1002/ejsc.70106"
"PubMed","doi","100","within_second_search","","Return to Sport and Outcomes After Hip Arthroscopic Surgery for Treatment of Femoroacetabular Impingement in Professional Athletes.","Return to Sport and Outcomes After Hip Arthroscopic Surgery for Treatment of Femoroacetabular Impingement in Professional Athletes.","10.1177/03635465251393258","10.1177/03635465251393258"
"PubMed","doi","100","within_second_search","","Implications of Injury on Athlete Experiences With Positional Competition in Sport.","Implications of Injury on Athlete Experiences With Positional Competition in Sport.","10.1123/jsep.2025-0032","10.1123/jsep.2025-0032"
"PubMed","doi","100","within_second_search","","Gastrocnemius Muscle Strain Injury Characteristics in Elite Male Australian Football Players: A 10-Year Longitudinal Cohort Study.","Gastrocnemius Muscle Strain Injury Characteristics in Elite Male Australian Football Players: A 10-Year Longitudinal Cohort Study.","10.2519/jospt.2025.13526","10.2519/jospt.2025.13526"
"PubMed","doi","100","within_second_search","","Biceps Femoris Long Head Fascicle Length Not Associated With Hamstring Injury Risk in NCAA Football Athletes.","Biceps Femoris Long Head Fascicle Length Not Associated With Hamstring Injury Risk in NCAA Football Athletes.","10.1097/jsm.0000000000001300","10.1097/jsm.0000000000001300"
"PubMed","doi","100","within_second_search","","Age, power, and sport-related concussion. Is there a tension between sport performance and concussion risk in tackle football?","Age, power, and sport-related concussion. Is there a tension between sport performance and concussion risk in tackle football?","10.1080/02640414.2025.2548710","10.1080/02640414.2025.2548710"
"PubMed","doi","100","within_second_search","","Validity of the King Devick Test for Acute Diagnosis of Concussion in NCAA Division I Athletes.","Validity of the King Devick Test for Acute Diagnosis of Concussion in NCAA Division I Athletes.","10.1177/19417381251350685","10.1177/19417381251350685"
"PubMed","doi","100","within_second_search","","Malpractice Liability Exposure and the Sports Medicine Team Physician: Caring for Professional Athletes in the National Football League, Major League Baseball, and National Hockey League.","Malpractice Liability Exposure and the Sports Medicine Team Physician: Caring for Professional Athletes in the National Football League, Major League Baseball, and National Hockey League.","10.1177/03635465241306742","10.1177/03635465241306742"
"PubMed","doi","100","within_second_search","","Prior Concussion History and Clinical Recovery Following Sport-Related Concussion in College Athletes.","Prior Concussion History and Clinical Recovery Following Sport-Related Concussion in College Athletes","10.1097/jsm.0000000000001274","10.1097/jsm.0000000000001274"
"PubMed","doi","100","within_second_search","","How Shell Add-On Products Influence Varsity Football Helmet Performance?","How Shell Add-On Products Influence Varsity Football Helmet Performance?.","10.1007/s10439-024-03627-5","10.1007/s10439-024-03627-5"
"PubMed","doi","100","within_second_search","","Correlation of Player and Imaging Characteristics With Severity and Missed Time in National Football League Professional Athletes With Hamstring Strain Injury: A Retrospective Review.","Correlation of Player and Imaging Characteristics With Severity and Missed Time in National Football League Professional Athletes With Hamstring Strain Injury: A Retrospective Review.","10.1177/03635465241270281","10.1177/03635465241270281"
"PubMed","doi","100","within_second_search","","Impact of Weekly Training-Load Structure and Content on the Risk of Injury in Professional Rugby Union Match-Play.","Impact of Weekly Training-Load Structure and Content on the Risk of Injury in Professional Rugby Union Match-Play.","10.1519/jsc.0000000000004852","10.1519/jsc.0000000000004852"
"PubMed","doi","100","within_second_search","","Cognitive and Salience Network Connectivity Changes following a Single Season of Repetitive Head Impact Exposure in High School Football.","Cognitive and Salience Network Connectivity Changes following a Single Season of Repetitive Head Impact Exposure in High School Football.","10.3174/ajnr.a8294","10.3174/ajnr.a8294"
"PubMed","doi","100","within_second_search","","Distal Tibiofibular Syndesmosis Injuries in the National Football League (NFL): A Spectrum of Pathology That Correlates With Time to Return to Full Participation.","Distal Tibiofibular Syndesmosis Injuries in the National Football League (NFL): A Spectrum of Pathology That Correlates With Time to Return to Full Participation.","10.1177/19417381241253223","10.1177/19417381241253223"
"PubMed","doi","100","within_second_search","","[Muscle injuries: the importance of high-resolution dynamic sonography in diagnostics, treatment and monitoring].","[Muscle injuries: the importance of high-resolution dynamic sonography in diagnostics, treatment and monitoring].","10.1007/s00132-024-04505-7","10.1007/s00132-024-04505-7"
"PubMed","doi","100","within_second_search","","'Playing catch-up': safety and optimal tackle outcomes in women's rugby union (PhD Academy Award).","'Playing catch-up': safety and optimal tackle outcomes in women's rugby union (PhD Academy Award).","10.1136/bjsports-2024-108251","10.1136/bjsports-2024-108251"
"PubMed","doi","100","within_second_search","","White Matter Hyperintensities and Microstructural Alterations in Contact Sport Athletes from Adolescence to Early Midlife.","White Matter Hyperintensities and Microstructural Alterations in Contact Sport Athletes from Adolescence to Early Midlife.","10.1089/neu.2023.0609","10.1089/neu.2023.0609"
"PubMed","doi","100","within_second_search","","Essential elements of physical fitness analysis in male adolescent athletes using machine learning.","Essential elements of physical fitness analysis in male adolescent athletes using machine learning.","10.1371/journal.pone.0298870","10.1371/journal.pone.0298870"
"PubMed","doi","100","within_second_search","","Role of the Menstrual Cycle on Performance and Injury Risk: A Survey of Female Professional Rugby Players in the United Kingdom.","Role of the Menstrual Cycle on Performance and Injury Risk: A Survey of Female Professional Rugby Players in the United Kingdom.","10.3390/ijerph21020150","10.3390/ijerph21020150"
"PubMed","doi","100","within_second_search","","The Surgical Management of NCAA Division 1 College Football Injuries Post COVID-19: A Single Institution Retrospective Review.","The Surgical Management of NCAA Division 1 College Football Injuries Post COVID-19: A Single Institution Retrospective Review.","10.1519/jsc.0000000000004720","10.1519/jsc.0000000000004720"
"PubMed","doi","100","within_second_search","","Hamstring and knee injuries are associated with isometric hip and trunk muscle strength in elite Australian Rules and Rugby League players.","Hamstring and knee injuries are associated with isometric hip and trunk muscle strength in elite Australian Rules and Rugby League players.","10.1016/j.jsams.2023.10.019","10.1016/j.jsams.2023.10.019"
"PubMed","doi","100","within_second_search","","Epidemiologic trends in hand injuries in the National Football League from 2009-2010 to 2019-2020.","Epidemiologic trends in hand injuries in the National Football League from 2009-2010 to 2019-2020.","10.1080/00913847.2023.2286942","10.1080/00913847.2023.2286942"
"PubMed","doi","100","within_second_search","","Motivation and goal-pursuit for injury prevention training in amateur football coaches: a cross-sectional study using the Health Action Process Approach.","Motivation and goal-pursuit for injury prevention training in amateur football coaches: a cross-sectional study using the Health Action Process Approach.","10.1136/ip-2023-044978","10.1136/ip-2023-044978"
"PubMed","doi","100","within_second_search","","Do Sport-Related Concussions Later in the Season Take Longer to Recover From?","Do Sport-Related Concussions Later in the Season Take Longer to Recover From?.","10.1097/jsm.0000000000001189","10.1097/jsm.0000000000001189"
"PubMed","doi","100","within_second_search","","T1-VIBE and STIR MRI of lumbar pars interarticularis injuries in elite athletes: fracture characterisation and potential prognostic indicators.","T1-VIBE and STIR MRI of lumbar pars interarticularis injuries in elite athletes: fracture characterisation and potential prognostic indicators.","10.1007/s00256-023-04437-x","10.1007/s00256-023-04437-x"
"PubMed","doi","100","within_second_search","","Injuries in athletic club players: growth and maturation as potential risk factors (PhD Academy Award).","Injuries in athletic club players: growth and maturation as potential risk factors (PhD Academy Award).","10.1136/bjsports-2023-106702","10.1136/bjsports-2023-106702"
"PubMed","doi","100","within_second_search","","Cumulative effects of subsequent concussions on the neural patterns of young rugby athletes: data from event-related potentials.","Cumulative effects of subsequent concussions on the neural patterns of young rugby athletes: data from event-related potentials.","10.1080/15438627.2023.2189594","10.1080/15438627.2023.2189594"
"PubMed","doi","100","within_second_search","","Epidemiology of hamstring injuries in 538 cases from an FC Barcelona multi sports club.","Epidemiology of hamstring injuries in 538 cases from an FC Barcelona multi sports club.","10.1080/00913847.2023.2170684","10.1080/00913847.2023.2170684"
"PubMed","doi","100","within_second_search","","The current state of concussion knowledge and attitudes in British American Football.","The current state of concussion knowledge and attitudes in British American Football.","10.1080/00913847.2022.2156766","10.1080/00913847.2022.2156766"
"PubMed","doi","100","within_second_search","","A Description of Suspected Concussions in Football-Related Activities among K-12 Students in Utah.","A Description of Suspected Concussions in Football-Related Activities among K-12 Students in Utah.","10.1177/10598405221138731","10.1177/10598405221138731"
"PubMed","doi","100","within_second_search","","Data-Driven Gradual Preseason Practice Acclimation Ramp Reduces Lower Extremity Strains in the National Football League.","Data-Driven Gradual Preseason Practice Acclimation Ramp Reduces Lower Extremity Strains in the National Football League.","10.1177/03635465261430924","10.1177/03635465261430924"
"PubMed","doi","100","within_second_search","","Change in Head Impact Exposure following Return to Sport in Concussed Football Athletes.","Change in Head Impact Exposure following Return to Sport in Concussed Football Athletes.","10.1249/mss.0000000000003833","10.1249/mss.0000000000003833"
"PubMed","doi","100","within_second_search","","Impact Biomechanics Reveal Positional and Session Type Differences in Canadian Collegiate Football.","Impact Biomechanics Reveal Positional and Session Type Differences in Canadian Collegiate Football.","10.1002/ejsc.70010","10.1002/ejsc.70010"
"PubMed","doi","100","within_second_search","","Sport-Specific Injury Mechanisms and Situational Patterns of ACL Injuries: A Comprehensive Systematic Review.","Sport-Specific Injury Mechanisms and Situational Patterns of ACL Injuries: A Comprehensive Systematic Review.","10.1007/s40279-025-02271-w","10.1007/s40279-025-02271-w"
"PubMed","doi","100","within_second_search","","Injury Scenarios of Ankle Sprains in the National Football League: External Rotation and Eversion Mechanisms.","Injury Scenarios of Ankle Sprains in the National Football League: External Rotation and Eversion Mechanisms.","10.1177/03635465251329181","10.1177/03635465251329181"
"PubMed","doi","100","within_second_search","","Characterising biomechanical and situational aspects of high magnitude subconcussive impacts in Canadian collegiate football.","Characterising biomechanical and situational aspects of high magnitude subconcussive impacts in Canadian collegiate football.","10.1080/14763141.2025.2471804","10.1080/14763141.2025.2471804"
"PubMed","doi","100","within_second_search","","Concussion Reporting Critical Among Football Players Surveyed for Short-Term Management and Lifelong Functioning.","Concussion Reporting Critical Among Football Players Surveyed for Short-Term Management and Lifelong Functioning.","10.1097/phm.0000000000002725","10.1097/phm.0000000000002725"
"PubMed","doi","100","within_second_search","","Head, Hands, Knees and Ankles, Knees and Ankles: Injury Profiles of Women and Girls Playing Community Australian Football.","Head, Hands, Knees and Ankles, Knees and Ankles: Injury Profiles of Women and Girls Playing Community Australian Football.","10.1177/19417381241303512","10.1177/19417381241303512"
"PubMed","doi","100","within_second_search","","Training and Match-Related Head Acceleration Events in Top Level Domestic Senior Women's and Men's Rugby Union: A Multi-League Instrumented Mouthguard Study.","Training and Match-Related Head Acceleration Events in Top Level Domestic Senior Women's and Men's Rugby Union: A Multi-League Instrumented Mouthguard Study.","10.1111/sms.14744","10.1111/sms.14744"
"PubMed","doi","100","within_second_search","","College Football 2024.","College Football 2024.","10.1177/19417381241270361","10.1177/19417381241270361"
"PubMed","doi","100","within_second_search","","A prospective epidemiologic study of injuries and illnesses in the football matches of the 14th National Student Games of China.","A prospective epidemiologic study of injuries and illnesses in the football matches of the 14th National Student Games of China.","10.1080/24733938.2024.2388824","10.1080/24733938.2024.2388824"
"PubMed","doi","100","within_second_search","","Navigating concussion - community rugby players' experiences of a concussion management initiative in New Zealand.","Navigating concussion - community rugby players' experiences of a concussion management initiative in New Zealand.","10.1080/02699052.2024.2376266","10.1080/02699052.2024.2376266"
"PubMed","doi","100","within_second_search","","Does early exercise intolerance effect time to return to play, symptom burden, neurocognition, Vestibular-Ocular-Motor (VOM) function and academic ability in acutely concussed student-athletes?","Does early exercise intolerance effect time to return to play, symptom burden, neurocognition, Vestibular-Ocular-Motor (VOM) function and academic ability in acutely concussed student-athletes?.","10.1080/02699052.2024.2367477","10.1080/02699052.2024.2367477"
"PubMed","doi","100","within_second_search","","Head Acceleration Events During Tackle, Ball-Carry, and Ruck Events in Professional Southern Hemisphere Men's Rugby Union Matches: A Study Using Instrumented Mouthguards.","Head Acceleration Events During Tackle, Ball-Carry, and Ruck Events in Professional Southern Hemisphere Men's Rugby Union Matches: A Study Using Instrumented Mouthguards.","10.1111/sms.14676","10.1111/sms.14676"
"PubMed","doi","100","within_second_search","","Arthroscopically Assisted Treatment of Isolated Comminuted Trapezium Fracture: A Report of Two Cases.","Arthroscopically Assisted Treatment of Isolated Comminuted Trapezium Fracture: A Report of Two Cases.","10.2106/jbjs.cc.24.00029","10.2106/jbjs.cc.24.00029"
"PubMed","doi","100","within_second_search","","Injury in Starting and Replacement Players from Five Professional Men's Rugby Unions.","Injury in Starting and Replacement Players from Five Professional Men's Rugby Unions.","10.1007/s40279-024-02014-3","10.1007/s40279-024-02014-3"
"PubMed","doi","100","within_second_search","","Are all hamstring injuries equal? A retrospective analysis of time to return to full training following BAMIC type 'c' and T-junction injuries in professional men's rugby union.","Are all hamstring injuries equal? A retrospective analysis of time to return to full training following BAMIC type 'c' and T-junction injuries in professional men's rugby union.","10.1111/sms.14586","10.1111/sms.14586"
"PubMed","doi","100","within_second_search","","If we build it together, will they use it? A mixed-methods study evaluating the implementation of Prep-to-Play PRO: an injury prevention programme for women's elite Australian Football.","If we build it together, will they use it? A mixed-methods study evaluating the implementation of Prep-to-Play PRO: an injury prevention programme for women's elite Australian Football.","10.1136/bjsports-2023-107518","10.1136/bjsports-2023-107518"
"PubMed","doi","100","within_second_search","","Athletic Trainer and Emergency Medical Technician or Paramedic Opinions of Each Other's Understanding of Essential Emergent Football Injury Situation Tasks.","Athletic Trainer and Emergency Medical Technician or Paramedic Opinions of Each Other's Understanding of Essential Emergent Football Injury Situation Tasks.","10.1097/pec.0000000000003083","10.1097/pec.0000000000003083"
"PubMed","doi","100","within_second_search","","Hamstring Strain Injury Risk Factors in Australian Football Change over the Course of the Season.","Hamstring Strain Injury Risk Factors in Australian Football Change over the Course of the Season.","10.1249/mss.0000000000003297","10.1249/mss.0000000000003297"
"PubMed","doi","100","within_second_search","","Use of Publicly Obtained Data in Sports Medicine Research: A Systematic Review and Bibliometric Analysis.","Use of Publicly Obtained Data in Sports Medicine Research: A Systematic Review and Bibliometric Analysis.","10.1177/03635465231177054","10.1177/03635465231177054"
"PubMed","doi","100","within_second_search","","Post-game recovery of isometric hamstring strength in a high-risk hamstring strain injury group throughout an Australian Football League season.","Post-game recovery of isometric hamstring strength in a high-risk hamstring strain injury group throughout an Australian Football League season.","10.1080/24733938.2022.2159061","10.1080/24733938.2022.2159061"
"PubMed","doi","100","within_second_search","","Neither American Football Playing Position Nor Total Years Playing Football Are Associated with Neurobehavioral Health Outcomes: An NFL-LONG Study.","Neither American Football Playing Position Nor Total Years Playing Football Are Associated with Neurobehavioral Health Outcomes: An NFL-LONG Study.","10.1249/jsr.0000000000001300","10.1249/jsr.0000000000001300"
"PubMed","doi","100","within_second_search","","A Video Analysis of Suspected Injuries and Suspected Concussions in Elite Ladies Gaelic Football Matches.","A Video Analysis of Suspected Injuries and Suspected Concussions in Elite Ladies Gaelic Football Matches.","10.1177/19417381251372982","10.1177/19417381251372982"
"PubMed","doi","100","within_second_search","","Player Tracking Metrics to Predict Risk of Anterior Cruciate Ligament Injuries During Change-of-Direction Scenarios in the National Football League.","Player Tracking Metrics to Predict Risk of Anterior Cruciate Ligament Injuries During Change-of-Direction Scenarios in the National Football League.","10.1177/03635465251361138","10.1177/03635465251361138"
"PubMed","doi","100","within_second_search","","Breast-Related Issues in Community-Based Women's Rugby Union.","Breast‐Related Issues in Community‐Based Women's Rugby Union.","10.1002/ejsc.12334","10.1002/ejsc.12334"
"PubMed","doi","100","within_second_search","","Application of the British Athletics Muscle Injury Classification in Collegiate Football Athletes: A Retrospective, Observational Study.","Application of the British Athletics Muscle Injury Classification in Collegiate Football Athletes: A Retrospective, Observational Study.","10.1177/19417381251326531","10.1177/19417381251326531"
"PubMed","doi","100","within_second_search","","The use of pain killers (NSAIDs) in athletes: How large is the risk?","The use of pain killers (NSAIDs) in athletes: How large is the risk?","10.1016/j.jsams.2024.11.010","10.1016/j.jsams.2024.11.010"
"PubMed","doi","100","within_second_search","","Influence of musculoskeletal injury history on countermovement jump performance in rugby players.","Influence of musculoskeletal injury history on countermovement jump performance in rugby players.","10.1016/j.jbmt.2024.04.058","10.1016/j.jbmt.2024.04.058"
"PubMed","doi","100","within_second_search","","Platelet-Poor Plasma for the Treatment of Acute Hamstring Muscle Injuries in Collegiate Football Athletes: A Cohort Study.","Platelet-Poor Plasma for the Treatment of Acute Hamstring Muscle Injuries in Collegiate Football Athletes: A Cohort Study.","10.1097/jsm.0000000000001305","10.1097/jsm.0000000000001305"
"PubMed","doi","100","within_second_search","","Women's rugby as a catalyst for advancing female-specific science and safety in sport.","Women's rugby as a catalyst for advancing female-specific science and safety in sport.","10.1002/ejsc.12212","10.1002/ejsc.12212"
"PubMed","doi","100","within_second_search","","Twenty year analysis of professional men's rugby union knee injuries from the English premiership shows high rates and burden.","Twenty year analysis of professional men's rugby union knee injuries from the English premiership shows high rates and burden.","10.1136/bjsports-2024-108639","10.1136/bjsports-2024-108639"
"PubMed","doi","100","within_second_search","","Athlete Health Implications of Match Injuries in Portuguese Rugby Union.","Athlete Health Implications of Match Injuries in Portuguese Rugby Union.","10.3390/ijerph21091191","10.3390/ijerph21091191"
"PubMed","doi","100","within_second_search","","The application of match-event and instrumented mouthguard data to inform match limits: An example using rugby union Premiership and rugby league Super League data from England.","The application of match-event and instrumented mouthguard data to inform match limits: An example using rugby union Premiership and rugby league Super League data from England.","10.1002/ejsc.12188","10.1002/ejsc.12188"
"PubMed","doi","100","within_second_search","","The risk factors and predictors of injury among collegiate rugby players under the age of 20.","The risk factors and predictors of injury among collegiate rugby players under the age of 20.","10.23736/s0022-4707.24.15862-8","10.23736/s0022-4707.24.15862-8"
"PubMed","doi","100","within_second_search","","Uncovering the hidden effects of repetitive subconcussive head impact exposure: A mega-analytic approach characterizing seasonal brain microstructural changes in contact and collision sports athletes.","Uncovering the hidden effects of repetitive subconcussive head impact exposure: A mega-analytic approach characterizing seasonal brain microstructural changes in contact and collision sports athletes.","10.1002/hbm.26811","10.1002/hbm.26811"
"PubMed","doi","100","within_second_search","","Insights into breast health issues in women's rugby.","Insights into breast health issues in women's rugby.","10.1002/ejsc.12128","10.1002/ejsc.12128"
"PubMed","doi","100","within_second_search","","Beyond the Impact: Football versus Other Sports in Adolescent Concussion Recovery.","Beyond the Impact: Football versus Other Sports in Adolescent Concussion Recovery.","10.1016/j.wneu.2024.06.093","10.1016/j.wneu.2024.06.093"
"PubMed","doi","88","within_second_search","","A controlled early-exercise rehabilitation program commencing within 48 hours of a Sports-Related Concussion improves recovery in UK student-athletes: A prospective cohort study.","A controlled early-exercise rehabilitation program commencing within 48hours of a Sports-Related Concussion improves recovery in UK student-athletes: A prospective cohort study.","10.1016/j.jsams.2024.05.011","10.1016/j.jsams.2024.05.011"
"PubMed","doi","100","within_second_search","","Characterizing Longitudinal Alterations in Postural Control Following Lower Limb Injury in Professional Rugby Union Players.","Characterizing Longitudinal Alterations in Postural Control Following Lower Limb Injury in Professional Rugby Union Players.","10.1123/jab.2023-0259","10.1123/jab.2023-0259"
"PubMed","doi","100","within_second_search","","Diagnosis of Sports-Related Concussion Using Symptom Report or Standardized Assessment of Concussion.","Diagnosis of Sports-Related Concussion Using Symptom Report or Standardized Assessment of Concussion.","10.1001/jamanetworkopen.2024.16223","10.1001/jamanetworkopen.2024.16223"
"PubMed","doi","100","within_second_search","","Long-term Outcomes of Multiligament Knee Injuries in American Football Players.","Long-term Outcomes of Multiligament Knee Injuries in American Football Players.","10.1177/03635465241252440","10.1177/03635465241252440"
"PubMed","doi","100","within_second_search","","Unintended consequences - A qualitative exploration of baseline testing in community rugby concussion management.","Unintended consequences - A qualitative exploration of baseline testing in community rugby concussion management.","10.1016/j.jsams.2024.05.003","10.1016/j.jsams.2024.05.003"
"PubMed","doi","100","within_second_search","","A Pilot Study Investigating the Use of Serum Glial Fibrillary Acidic Protein to Monitor Changes in Brain White Matter Integrity After Repetitive Head Hits During a Single Collegiate Football Game.","A Pilot Study Investigating the Use of Serum Glial Fibrillary Acidic Protein to Monitor Changes in Brain White Matter Integrity After Repetitive Head Hits During a Single Collegiate Football Game.","10.1089/neu.2023.0307","10.1089/neu.2023.0307"
"PubMed","doi","100","within_second_search","","Applying diffusion innovation theory to evaluate the attributes of the new tackle law in rugby football codes.","Applying diffusion innovation theory to evaluate the attributes of the new tackle law in rugby football codes.","10.1136/bjsports-2024-108376","10.1136/bjsports-2024-108376"
"PubMed","doi","100","within_second_search","","The role of concussion history and biological sex on baseline concussion clinical profile symptoms in adolescent rugby players.","The role of concussion history and biological sex on baseline concussion clinical profile symptoms in adolescent rugby players.","10.1007/s11845-024-03677-7","10.1007/s11845-024-03677-7"
"PubMed","doi","100","within_second_search","","Relationships between physical fitness characteristics, technical skill attributes, and sports injury in female Australian football players.","Relationships between physical fitness characteristics, technical skill attributes, and sports injury in female Australian football players.","10.1371/journal.pone.0298267","10.1371/journal.pone.0298267"
"PubMed","doi","100","within_second_search","","Retrospective Case Series of Spinal Cord Neurapraxia in Male Adolescent Athletes: Can These Athletes Return-to-Play?","Retrospective Case Series of Spinal Cord Neurapraxia in Male Adolescent Athletes: Can These Athletes Return-to-Play?.","10.1227/neu.0000000000002884","10.1227/neu.0000000000002884"
"PubMed","doi","100","within_second_search","","The Role of Level of Play in Concussions in High School Athletes.","The Role of Level of Play in Concussions in High School Athletes.","10.1097/phh.0000000000001791","10.1097/phh.0000000000001791"
"PubMed","doi","100","within_second_search","","The balancing act - Physiotherapists' experiences of managing rugby-related concussion in the community.","The balancing act - Physiotherapists' experiences of managing rugby-related concussion in the community.","10.1080/09593985.2023.2170195","10.1080/09593985.2023.2170195"
"PubMed","doi","100","within_second_search","","Shoulder, upper arm and elbow injuries in high school men's American football.","Shoulder, upper arm and elbow injuries in high school men's American football.","10.1080/15438627.2022.2125318","10.1080/15438627.2022.2125318"
"PubMed","doi","100","within_second_search","","Evaluating the Use of In-Game Rule Changes as a Primary Prevention Approach to Reduce Injury Risk in Invasion Team Sports: A Scoping Review.","Evaluating the Use of In-Game Rule Changes as a Primary Prevention Approach to Reduce Injury Risk in Invasion Team Sports: A Scoping Review.","10.1007/s40279-026-02405-8","10.1007/s40279-026-02405-8"
"PubMed","doi","100","within_second_search","","Effects of Position and Injury Status on Associations Between Preseason Workload and Heart-Rate Variability Profiles in American College Football Players.","Effects of Position and Injury Status on Associations Between Preseason Workload and Heart-Rate Variability Profiles in American College Football Players.","10.1123/ijspp.2024-0469","10.1123/ijspp.2024-0469"
"PubMed","doi","100","within_second_search","","Tackle Techniques and Characteristics Associated With a Concussion in Tackling Players in the National Football League.","Tackle Techniques and Characteristics Associated With a Concussion in Tackling Players in the National Football League.","10.1177/03635465251321005","10.1177/03635465251321005"
"PubMed","doi","100","within_second_search","","Current Evidence for the Use of Jugular Vein Compression Collars in Sport: A Systematic Review.","Current Evidence for the Use of Jugular Vein Compression Collars in Sport: A Systematic Review.","10.1249/jsr.0000000000001223","10.1249/jsr.0000000000001223"
"PubMed","doi","100","within_second_search","","The state of play for contact training and coaching in women's rugby.","The state of play for contact training and coaching in women's rugby.","10.1002/ejsc.12119","10.1002/ejsc.12119"
"PubMed","doi","100","within_second_search","","Is your system fit for purpose? Female athlete health considerations for rugby injury and illness surveillance systems.","Is your system fit for purpose? Female athlete health considerations for rugby injury and illness surveillance systems.","10.1002/ejsc.12089","10.1002/ejsc.12089"
"PubMed","doi","100","within_second_search","","Non-contact lower limb injuries in Rugby Union: A two-year pattern recognition analysis of injury risk factors.","Non-contact lower limb injuries in Rugby Union: A two-year pattern recognition analysis of injury risk factors.","10.1371/journal.pone.0307287","10.1371/journal.pone.0307287"
"PubMed","doi","100","within_second_search","","Experiences of a controlled early exercise intervention following a sport-related concussion: A qualitative study of rugby union student-athletes.","Experiences of a controlled early exercise intervention following a sport-related concussion: A qualitative study of rugby union student-athletes.","10.1016/j.ptsp.2024.10.001","10.1016/j.ptsp.2024.10.001"
"PubMed","doi","100","within_second_search","","Risk of Anterior Cruciate Ligament Tears in National Football League Players by Short, Normal, or Long Rest Weeks.","Risk of Anterior Cruciate Ligament Tears in National Football League Players by Short, Normal, or Long Rest Weeks","10.1055/a-2428-0119","10.1055/a-2428-0119"
"PubMed","doi","100","within_second_search","","Prioritise safety, optimise success! Return to rugby postpartum.","Prioritise safety, optimise success! Return to rugby postpartum.","10.1002/ejsc.12144","10.1002/ejsc.12144"
"PubMed","doi","100","within_second_search","","Lower limb injuries in american football players in Poland.","Lower limb injuries in american football players in Poland.","10.23736/s0022-4707.24.15974-9","10.23736/s0022-4707.24.15974-9"
"PubMed","doi","100","within_second_search","","Paving the path for injury prevention in rugby-7s: A systematic review and meta-analysis.","Paving the path for injury prevention in rugby-7s: A systematic review and meta-analysis.","10.1002/ejsc.12156","10.1002/ejsc.12156"
"PubMed","doi","100","within_second_search","","Gender differences in female and male Australian football concussion injury: A prospective observational study of emergency department presentations.","Gender differences in female and male Australian football concussion injury: A prospective observational study of emergency department presentations.","10.1111/1742-6723.14433","10.1111/1742-6723.14433"
"PubMed","doi","100","within_second_search","","Concussion response and recovery in men and women's rugby union: A reflexive thematic analysis of player interviews.","Concussion response and recovery in men and women's rugby union: A reflexive thematic analysis of player interviews.","10.1371/journal.pone.0296646","10.1371/journal.pone.0296646"
"PubMed","doi","100","within_second_search","","Symptom presentation and evolution in the first 48 hours after injury are associated with return to play after concussion in elite Rugby Union.","Symptom presentation and evolution in the first 48 hours after injury are associated with return to play after concussion in elite Rugby Union.","10.1016/j.jshs.2024.01.005","10.1016/j.jshs.2024.01.005"
"PubMed","doi","100","within_second_search","","Impact of Playing Surface on Concussion Symptoms in Young American Football Players.","Impact of Playing Surface on Concussion Symptoms in Young American Football Players.","10.1097/jsm.0000000000001204","10.1097/jsm.0000000000001204"
"PubMed","doi","100","within_second_search","","MRI spectrum of injuries to the thumb metacarpophalangeal joint ulnar collateral ligament with a proposed expanded classification of injuries in American football players.","MRI spectrum of injuries to the thumb metacarpophalangeal joint ulnar collateral ligament with a proposed expanded classification of injuries in American football players.","10.1007/s00256-023-04539-6","10.1007/s00256-023-04539-6"
"PubMed","doi","100","within_second_search","","'After they see what you have, they contact you': a qualitative study of national team football players', coaches' and clinicians' experiences in engaging with a context-specific injury surveillance system.","'After they see what you have, they contact you': a qualitative study of national team football players', coaches' and clinicians' experiences in engaging with a context-specific injury surveillance system.","10.1080/24733938.2023.2290077","10.1080/24733938.2023.2290077"
"PubMed","doi","100","within_second_search","","Epidemiology of quadriceps muscle strain injuries in elite male Australian football players.","Epidemiology of quadriceps muscle strain injuries in elite male Australian football players.","10.1111/sms.14542","10.1111/sms.14542"
"PubMed","doi","100","within_second_search","","Tibiofemoral Dislocation Management in a Rural High School Football Scenario: Development of a Popliteal Artery Injury Suspicion Index.","Tibiofemoral Dislocation Management in a Rural High School Football Scenario: Development of a Popliteal Artery Injury Suspicion Index.","10.1097/pec.0000000000003082","10.1097/pec.0000000000003082"
"PubMed","doi","100","within_second_search","","Instrumented Mouthguards in Elite-Level Men's and Women's Rugby Union: The Incidence and Propensity of Head Acceleration Events in Matches.","Instrumented Mouthguards in Elite-Level Men's and Women's Rugby Union: The Incidence and Propensity of Head Acceleration Events in Matches.","10.1007/s40279-023-01953-7","10.1007/s40279-023-01953-7"
"PubMed","doi","100","within_second_search","","Evaluation of the Value of the Y-Balance Test to Predict Lower Limb Injuries in Professional Male Footballers.","Evaluation of the Value of the Y-Balance Test to Predict Lower Limb Injuries in Professional Male Footballers.","10.1123/jsr.2023-0139","10.1123/jsr.2023-0139"
"PubMed","doi","100","within_second_search","","Does playing surface affect the risk of anterior cruciate ligament injuries in the National Football League? A look at the 2017 - 2021 NFL seasons.","Does playing surface affect the risk of anterior cruciate ligament injuries in the National Football League? A look at the 2017 - 2021 NFL seasons.","10.1080/00913847.2023.2178817","10.1080/00913847.2023.2178817"
"PubMed","doi","100","within_second_search","","Changes in the central nervous system in football players: an MRI study.","Changes in the central nervous system in football players: an MRI study.","10.1177/02841851241248410","10.1177/02841851241248410"
"PubMed","doi","100","within_second_search","","Deaths and clashes induced by rivalry among fans during FIFA World Cup 2022 in Bangladesh.","Deaths and clashes induced by rivalry among fans during FIFA World Cup 2022 in Bangladesh.","10.5249/jivr.v16i2.1910","10.5249/jivr.v16i2.1910"
"PubMed","doi","100","within_second_search","","Influence of ACTN3 R577X Polymorphism on Blood Creatine Kinase Levels Relative to Number of Sprints in Brazilian Professional Soccer Players.","Influence of ACTN3 R577X Polymorphism on Blood Creatine Kinase Levels Relative to Number of Sprints in Brazilian Professional Soccer Players.","10.3390/genes15070896","10.3390/genes15070896"
"PubMed","doi","100","within_second_search","","Eccentric Hamstring Strength Imbalance among Football and Soccer Athletes.","Eccentric Hamstring Strength Imbalance among Football and Soccer Athletes.","10.14423/smj.0000000000001674","10.14423/smj.0000000000001674"
"PubMed","doi","100","within_second_search","","Use of AI methods to assessment of lower limb peak torque in deaf and hearing football players group.","Use of AI methods to assessment of lower limb peak torque in deaf and hearing football players group.","10.37190/abb-02474-2024-02","10.37190/abb-02474-2024-02"
"PubMed","doi","100","within_second_search","","Effects of Different Header Types on Neurocognitive and Vestibular Performance in Youth Soccer Players.","Effects of Different Header Types on Neurocognitive and Vestibular Performance in Youth Soccer Players.","10.1249/mss.0000000000003831","10.1249/mss.0000000000003831"
"PubMed","doi","100","within_second_search","","Effect of In-Season Plyometric Training and Biological Maturation on Development of Slow and Fast Stretch-Shortening Cycle Function in Youth Female Soccer Players.","Effect of In‐Season Plyometric Training and Biological Maturation on Development of Slow and Fast Stretch‐Shortening Cycle Function in Youth Female Soccer Players.","10.1002/ejsc.70053","10.1002/ejsc.70053"
"PubMed","doi","100","within_second_search","","'Supporting the Support Staff': A Narrative Review of Nutritional Opportunities to Enhance Recovery and Wellbeing in Multi-Disciplinary Soccer Performance Staff.","'Supporting the Support Staff': A Narrative Review of Nutritional Opportunities to Enhance Recovery and Wellbeing in Multi-Disciplinary Soccer Performance Staff.","10.3390/nu16203474","10.3390/nu16203474"
"PubMed","doi","100","within_second_search","","The Time Course of Postmatch Physical Impairments in Professional Soccer: A Systematic Review.","The Time Course of Postmatch Physical Impairments in Professional Soccer: A Systematic Review.","10.1519/jsc.0000000000005252","10.1519/jsc.0000000000005252"
"PubMed","doi","100","within_second_search","","Perspectives on the role of nutrition in influencing academy soccer player development and performance: A qualitative case study of key stakeholders from an English category one soccer academy.","Perspectives on the role of nutrition in influencing academy soccer player development and performance: A qualitative case study of key stakeholders from an English category one soccer academy.","10.1080/02640414.2024.2321008","10.1080/02640414.2024.2321008"
"PubMed","doi","100","within_second_search","","Menstrual cycle performance barriers experienced by elite women football players and their management strategies applied: A semi-structured interview-based study.","Menstrual cycle performance barriers experienced by elite women football players and their management strategies applied: A semi-structured interview-based study.","10.1080/24733938.2024.2425291","10.1080/24733938.2024.2425291"
"PubMed","doi","100","within_second_search","","The association between aerobic capacity and spinal curvature and mobility in young soccer players.","The association between aerobic capacity and spinal curvature and mobility in young soccer players.","10.1016/j.gaitpost.2024.10.004","10.1016/j.gaitpost.2024.10.004"
"PubMed","doi","100","within_second_search","","Quantification of High-Intensity Change of Directions and Single-Leg Decelerations Between Limbs Within Elite Youth Soccer Match Play.","Quantification of High-Intensity Change of Directions and Single-Leg Decelerations Between Limbs Within Elite Youth Soccer Match Play.","10.1123/ijspp.2025-0381","10.1123/ijspp.2025-0381"
"PubMed","doi","100","within_second_search","","Evaluation of muscular and functional inter-limb asymmetries during mid-season in young male soccer athletes.","Evaluation of muscular and functional inter-limb asymmetries during mid-season in young male soccer athletes.","10.1016/j.jbmt.2024.03.067","10.1016/j.jbmt.2024.03.067"
"PubMed","doi","100","within_second_search","","Do age and body size affect the eccentric knee flexor strength measured during the Nordic hamstring exercise in male soccer players?","Do age and body size affect the eccentric knee flexor strength measured during the Nordic hamstring exercise in male soccer players?.","10.1080/14763141.2021.2003850","10.1080/14763141.2021.2003850"
"PubMed","doi","100","within_second_search","","Association Between Spinal Curvature and Mobility and Balance Abilities in Young Soccer Players.","Association Between Spinal Curvature and Mobility and Balance Abilities in Young Soccer Players.","10.1177/00315125251338539","10.1177/00315125251338539"
"PubMed","doi","100","within_second_search","","The Influence of the Playing Surface on Workload Response in Spanish Professional Male Soccer Players.","The Influence of the Playing Surface on Workload Response in Spanish Professional Male Soccer Players.","10.3390/s24144506","10.3390/s24144506"
"PubMed","doi","100","within_second_search","","Exploring How Soccer Players With Perfectionism Navigate Challenges in Talent Pathways.","Exploring How Soccer Players With Perfectionism Navigate Challenges in Talent Pathways.","10.1123/jsep.2024-0166","10.1123/jsep.2024-0166"
"PubMed","doi","100","within_second_search","","Force Plate-Derived Isometric Midthigh Pull Data in Girls Youth and Adult Soccer Players: A Comparison Between Age Groups.","Force Plate-Derived Isometric Midthigh Pull Data in Girls Youth and Adult Soccer Players: A Comparison Between Age Groups.","10.1519/jsc.0000000000005337","10.1519/jsc.0000000000005337"
"PubMed","doi","100","within_second_search","","Street soccer and homelessness: Exploring social identities, health, and well-being.","Street soccer and homelessness: Exploring social identities, health, and well-being.","10.1016/j.psychsport.2023.102529","10.1016/j.psychsport.2023.102529"
"PubMed","doi","100","within_second_search","","Impact of curcumin supplementation on exercise performance and muscle damage after a soccer match: a double-blind placebo-controlled cross-over study.","Impact of curcumin supplementation on exercise performance and muscle damage after a soccer match: a double-blind placebo-controlled cross-over study.","10.1007/s00421-024-05429-y","10.1007/s00421-024-05429-y"
"PubMed","doi","100","within_second_search","","Impact of the FIFA World Cup Qatar 2022 on LaLiga Players' Physical Performance: Unveiling Insights Into External Load Patterns.","Impact of the FIFA World Cup Qatar 2022 on LaLiga Players' Physical Performance: Unveiling Insights Into External Load Patterns.","10.1177/19417381251388123","10.1177/19417381251388123"
"PubMed","doi","100","within_second_search","","Mass Participation and Tournament Event Management for the Team Physician: A Consensus Statement (2022 Update).","Mass Participation and Tournament Event Management for the Team Physician: A Consensus Statement (2022 Update).","10.1249/jsr.0000000000001160","10.1249/jsr.0000000000001160"
"PubMed","doi","100","within_second_search","","Greater hip internal rotation range of motion is associated with increased dynamic knee valgus during jump landing, both before and after fatigue.","Greater hip internal rotation range of motion is associated with increased dynamic knee valgus during jump landing, both before and after fatigue.","10.1002/ksa.12447","10.1002/ksa.12447"
"PubMed","doi","100","within_second_search","","Burnout in medical and performance professionals working in elite football in the United Kingdom: a pilot study.","Burnout in medical and performance professionals working in elite football in the United Kingdom: a pilot study.","10.1080/24733938.2025.2476486","10.1080/24733938.2025.2476486"
"PubMed","doi","100","within_second_search","","Changes in Single Leg Countermovement Jump Force-Time Characteristics Pre, Post and 2 Days Postmatch in Elite Girls' Youth Soccer.","Changes in Single Leg Countermovement Jump Force–Time Characteristics Pre, Post and 2 Days Postmatch in Elite Girls' Youth Soccer.","10.1519/jsc.0000000000005078","10.1519/jsc.0000000000005078"
"PubMed","doi","100","within_second_search","","Predicting Soccer Players' Fitness Status Through a Machine-Learning Approach.","Predicting Soccer Players' Fitness Status Through a Machine-Learning Approach.","10.1123/ijspp.2023-0444","10.1123/ijspp.2023-0444"
"PubMed","doi","100","within_second_search","","Cognitive Effects of Heading in Professional Football: A Systematic Review.","Cognitive Effects of Heading in Professional Football: A Systematic Review.","10.1055/a-2409-0323","10.1055/a-2409-0323"
"PubMed","doi","100","within_second_search","","Effect of 6-week single leg countermovement jump training on force time metrics in elite female youth footballers.","Effect of 6-week single leg countermovement jump training on force time metrics in elite female youth footballers.","10.1080/02640414.2025.2489892","10.1080/02640414.2025.2489892"
"PubMed","doi","100","within_second_search","","Which training load indicators are greater correlated with maturation and wellness variables in elite U14 soccer players?","Which training load indicators are greater correlated with maturation and wellness variables in elite U14 soccer players?.","10.1186/s12887-024-04744-9","10.1186/s12887-024-04744-9"
"PubMed","doi","100","within_second_search","","Two-Stage Surgical Treatment of Combined Lumbar Spine Stenosis in a Professional Football Player.","Two-Stage Surgical Treatment of Combined Lumbar Spine Stenosis in a Professional Football Player.","10.1123/jsr.2024-0073","10.1123/jsr.2024-0073"
"PubMed","doi","100","within_second_search","","Impact of time of day on modifiable risk factors for hamstring injury in semi-professional football referees.","Impact of time of day on modifiable risk factors for hamstring injury in semi-professional football referees.","10.1080/07420528.2025.2490494","10.1080/07420528.2025.2490494"
"PubMed","doi","100","within_second_search","","Elite Soccer Players' Weekly Workload Assessment Through a New Training Load and Performance Score.","Elite Soccer Players' Weekly Workload Assessment Through a New Training Load and Performance Score.","10.1080/02701367.2024.2358956","10.1080/02701367.2024.2358956"
"PubMed","doi","100","within_second_search","","Assessing Lower-Extremity Visuo-Motor Reaction Time in Young Male Soccer Players: Test-Retest Reliability and Minimum Detectable Change of the Brain Pro System.","Assessing Lower-Extremity Visuo-Motor Reaction Time in Young Male Soccer Players: Test-Retest Reliability and Minimum Detectable Change of the Brain Pro System.","10.1177/00315125241248306","10.1177/00315125241248306"
"PubMed","doi","100","within_second_search","","Exploration of a novel tackle mechanics framework in junior Australian football.","Exploration of a novel tackle mechanics framework in junior Australian football.","10.1080/02640414.2025.2569007","10.1080/02640414.2025.2569007"
"PubMed","doi","100","within_second_search","","Load and Recovery Monitoring in Top-Level Youth Soccer Players: Exploring the Associations of a Web Application-Based Score With Recognized Load Measures.","Load and Recovery Monitoring in Top‐Level Youth Soccer Players: Exploring the Associations of a Web Application‐Based Score With Recognized Load Measures.","10.1002/ejsc.70031","10.1002/ejsc.70031"
"PubMed","doi","100","within_second_search","","Changes in Sprinting and Landing Mechanics Across 120 minutes of Soccer-specific Exercise.","Changes in Sprinting and Landing Mechanics Across 120 minutes of Soccer-specific Exercise.","10.1519/jsc.0000000000005314","10.1519/jsc.0000000000005314"
"PubMed","doi","100","within_second_search","","""Are you really in that much pain? It goes away once you start the training"": Focus group discussions on perceptions of pain among amateur male and female football players.","""Are you really in that much pain? It goes away once you start the training"": Focus group discussions on perceptions of pain among amateur male and female football players.","10.1016/j.jsams.2025.04.010","10.1016/j.jsams.2025.04.010"
"PubMed","doi","100","within_second_search","","Mental fatigue, skill performance and activity profile in elite male Australian Football match play.","Mental fatigue, skill performance and activity profile in elite male Australian Football match play.","10.1080/02640414.2025.2489883","10.1080/02640414.2025.2489883"
"PubMed","doi","100","within_second_search","","Lower limbs strength variations between injured and non-injured professional soccer players.","Lower limbs strength variations between injured and non-injured professional soccer players.","10.1177/00368504231216312","10.1177/00368504231216312"
"PubMed","doi","100","within_second_search","","Effects of shoe collar types on ankle and knee biomechanics characteristics when performing the side-step cutting task.","Effects of shoe collar types on ankle and knee biomechanics characteristics when performing the side-step cutting task.","10.1080/14763141.2023.2249860","10.1080/14763141.2023.2249860"
"PubMed","doi","100","within_second_search","","Changes in mental fatigue across preparation and competition periods in elite male Australian football players.","Changes in mental fatigue across preparation and competition periods in elite male Australian football players.","10.1080/02640414.2025.2489874","10.1080/02640414.2025.2489874"
"PubMed","doi","100","within_second_search","","Effects of Contextual Variables on Match Load in a Professional Soccer Team Attending to the Different Season Periods.","Effects of Contextual Variables on Match Load in a Professional Soccer Team Attending to the Different Season Periods.","10.3390/s24020679","10.3390/s24020679"
"PubMed","doi","100","within_second_search","","Cross-sectional size, shape, and estimated strength of the tibia, fibula and second metatarsal in female collegiate-level cross-country runners and soccer players.","Cross-sectional size, shape, and estimated strength of the tibia, fibula and second metatarsal in female collegiate-level cross-country runners and soccer players.","10.1016/j.bone.2024.117233","10.1016/j.bone.2024.117233"
"PubMed","doi","100","within_second_search","","Training with reduced carbohydrate availability affects markers of bone resorption and formation in male academy soccer players from the English Premier League.","Training with reduced carbohydrate availability affects markers of bone resorption and formation in male academy soccer players from the English Premier League.","10.1007/s00421-024-05574-4","10.1007/s00421-024-05574-4"
"PubMed","doi","100","within_second_search","","Illness, the overlooked research topic for time-loss in women's football - a scoping review.","Illness, the overlooked research topic for time-loss in women's football – a scoping review.","10.1080/15438627.2024.2428603","10.1080/15438627.2024.2428603"
"PubMed","doi","100","within_second_search","","Intergroup criticism promoted fan aggression in Austrian national team supporters during the European Football Championship 2024.","Intergroup criticism promoted fan aggression in Austrian national team supporters during the European Football Championship 2024.","10.1016/j.psychsport.2025.102907","10.1016/j.psychsport.2025.102907"
"PubMed","doi","100","within_second_search","","Why I . . . am a football referee.","Why I . . . am a football referee.","10.1136/bmj.q1701","10.1136/bmj.q1701"
"PubMed","doi","100","within_second_search","","Participant Experiences With a Community-Based, ""Older Adult"" Walking Football Initiative in Australia: A Qualitative Exploration.","Participant Experiences With a Community-Based, ""Older Adult"" Walking Football Initiative in Australia: A Qualitative Exploration.","10.1123/japa.2024-0060","10.1123/japa.2024-0060"
"PubMed","doi","100","within_second_search","","Early sports specialization in Japanese young soccer players and related factors.","Early sports specialization in Japanese young soccer players and related factors.","10.1371/journal.pone.0302339","10.1371/journal.pone.0302339"
"PubMed","doi","100","within_second_search","","The influence of soccer-specific exercise on isokinetic angle-specific thigh musculature strength in female soccer players.","The influence of soccer-specific exercise on isokinetic angle-specific thigh musculature strength in female soccer players.","10.1080/02640414.2025.2482367","10.1080/02640414.2025.2482367"
"PubMed","doi","100","within_second_search","","Ozone Therapy for a Soccer Player With Osteitis Pubis: A Case Report.","Ozone Therapy for a Soccer Player With Osteitis Pubis: A Case Report.","10.1123/jsr.2023-0087","10.1123/jsr.2023-0087"
"PubMed","doi","100","within_second_search","","The development of hamstring strength over the course of a simulated soccer match.","The development of hamstring strength over the course of a simulated soccer match.","10.1371/journal.pone.0315317","10.1371/journal.pone.0315317"
"PubMed","doi","100","within_second_search","","Gastrocnemius medialis tendon properties do not differ between male academy soccer players and control participants but are related to jump performance.","Gastrocnemius medialis tendon properties do not differ between male academy soccer players and control participants but are related to jump performance.","10.1007/s00421-025-05763-9","10.1007/s00421-025-05763-9"
"PubMed","doi","100","within_second_search","","Are sprint accelerations related to groin injuries? A biomechanical analysis of adolescent soccer players.","Are sprint accelerations related to groin injuries? A biomechanical analysis of adolescent soccer players.","10.1080/14763141.2022.2133740","10.1080/14763141.2022.2133740"
"PubMed","doi","100","within_second_search","","Neural Mechanisms Associated With Postural Control in Collegiate Soccer and Non-Soccer Athletes.","Neural Mechanisms Associated With Postural Control in Collegiate Soccer and Non-Soccer Athletes.","10.1097/npt.0000000000000476","10.1097/npt.0000000000000476"
"PubMed","doi","100","within_second_search","","Male elite soccer players have a higher incidence of accessory ossicles in the foot and ankle.","Male elite soccer players have a higher incidence of accessory ossicles in the foot and ankle.","10.1007/s00264-023-06074-4","10.1007/s00264-023-06074-4"
"PubMed","doi","100","within_second_search","","Musculoskeletal Soreness Location and Intensity in Soccer Athletes Across Multiple Seasons.","Musculoskeletal Soreness Location and Intensity in Soccer Athletes Across Multiple Seasons.","10.1097/jsm.0000000000001294","10.1097/jsm.0000000000001294"
"PubMed","doi","100","within_second_search","","A mechanical comparison of the translational traction of female-specific and male soccer boots.","A mechanical comparison of the translational traction of female-specific and male soccer boots.","10.1080/24733938.2024.2410427","10.1080/24733938.2024.2410427"
"PubMed","doi","100","within_second_search","","Experimental Induction of State Rumination in Youth Soccer Players on the Pitch: How Can We Evaluate an Effect of Rumination on Soccer-Specific Performance?","Experimental Induction of State Rumination in Youth Soccer Players on the Pitch: How Can We Evaluate an Effect of Rumination on Soccer‐Specific Performance?","10.1002/ejsc.70021","10.1002/ejsc.70021"
"PubMed","doi","100","within_second_search","","Impact of breast health education and individual sports bra prescription on elite female football match officials.","Impact of breast health education and individual sports bra prescription on elite female football match officials.","10.1080/02640414.2026.2623565","10.1080/02640414.2026.2623565"
"PubMed","doi","100","within_second_search","","The effect of post-match fatigue on physical performance in adolescent soccer players.","The effect of post-match fatigue on physical performance in adolescent soccer players.","10.23736/s0022-4707.24.16061-6","10.23736/s0022-4707.24.16061-6"
"PubMed","doi","100","within_second_search","","Outcomes of bone-patellar tendon-bone autograft and quadriceps tendon autograft for ACL reconstruction in an all-female soccer player cohort with mean 4.8-year follow up.","Outcomes of bone-patellar tendon-bone autograft and quadriceps tendon autograft for ACL reconstruction in an all-female soccer player cohort with mean 4.8-year follow up","10.1016/j.jisako.2023.11.002","10.1016/j.jisako.2023.11.002"
"PubMed","doi","100","within_second_search","","Functional performance profile of Under-20 soccer athletes from a Brazilian first division team during the COVID-19 pandemic: A descriptive study.","Functional performance profile of Under-20 soccer athletes from a Brazilian first division team during the COVID-19 pandemic: A descriptive study.","10.1016/j.jbmt.2024.10.012","10.1016/j.jbmt.2024.10.012"
"PubMed","doi","100","within_second_search","","The role of transformational leadership in the associations between coach-athlete relationship and team resilience: A study on elite football players.","The role of transformational leadership in the associations between coach-athlete relationship and team resilience: A study on elite football players.","10.1186/s40359-024-02043-7","10.1186/s40359-024-02043-7"
"PubMed","doi","100","within_second_search","","Fifth metatarsal strain distribution during cutting motions in soccer.","Fifth metatarsal strain distribution during cutting motions in soccer.","10.1080/14763141.2023.2241839","10.1080/14763141.2023.2241839"
"PubMed","doi","100","within_second_search","","Sleep Duration and Sleep Quality as Season-Long Predictors of Ratings of Perceived Exertion and Psychological Well-Being in Female Soccer Athletes.","Sleep Duration and Sleep Quality as Season-Long Predictors of Ratings of Perceived Exertion and Psychological Well-Being in Female Soccer Athletes.","10.1519/jsc.0000000000005166","10.1519/jsc.0000000000005166"
"PubMed","doi","100","within_second_search","","Relationship between coordination variability and Osgood-Schlatter disease in male junior youth soccer players -cross-sectional study using an inertial measurement unit.","Relationship between coordination variability and Osgood-Schlatter disease in male junior youth soccer players -cross-sectional study using an inertial measurement unit.","10.1016/j.clinbiomech.2024.106182","10.1016/j.clinbiomech.2024.106182"
"PubMed","doi","100","within_second_search","","Enhancing Sprint Performance and Biomechanics in Semiprofessional Football Players Through Repeated-Sprint Training.","Enhancing Sprint Performance and Biomechanics in Semiprofessional Football Players Through Repeated-Sprint Training.","10.1123/jab.2024-0026","10.1123/jab.2024-0026"
"PubMed","doi","100","within_second_search","","The effects of rule changes in football-code team sports: a systematic review.","The effects of rule changes in football-code team sports: a systematic review.","10.1080/24733938.2024.2375752","10.1080/24733938.2024.2375752"
"PubMed","doi","100","within_second_search","","A low-volume Nordic hamstring curl programme improves change of direction ability, despite no architectural, strength or speed adaptations in elite youth soccer players.","A low-volume Nordic hamstring curl programme improves change of direction ability, despite no architectural, strength or speed adaptations in elite youth soccer players.","10.1080/15438627.2022.2079984","10.1080/15438627.2022.2079984"
"PubMed","doi","100","within_second_search","","Influence of Resistance Training Variables and the Nordic Hamstring Exercise on Biceps Femoris Architectural Adaptations in Soccer Players: A Systematic Review.","Influence of Resistance Training Variables and the Nordic Hamstring Exercise on Biceps Femoris Architectural Adaptations in Soccer Players: A Systematic Review.","10.1177/19417381251331607","10.1177/19417381251331607"
"PubMed","doi","100","within_second_search","","The influence of menstrual cycle phase on isokinetic knee flexor and extensor strength in female soccer players: a pilot study.","The influence of menstrual cycle phase on isokinetic knee flexor and extensor strength in female soccer players: a pilot study.","10.1080/15438627.2024.2420085","10.1080/15438627.2024.2420085"
"PubMed","doi","100","within_second_search","","Deceleration Capacity During Directional Change as a Time-Efficient (Ecological) Prescreening of Hip Adductor Force Status in Amateur Soccer Players.","Deceleration Capacity During Directional Change as a Time-Efficient (Ecological) Prescreening of Hip Adductor Force Status in Amateur Soccer Players.","10.1519/jsc.0000000000004915","10.1519/jsc.0000000000004915"
"PubMed","doi","100","within_second_search","","The influence of acute static stretching on the ankle joint-position sense of soccer players: A randomized controlled crossover trial.","The influence of acute static stretching on the ankle joint-position sense of soccer players: A randomized controlled crossover trial.","10.1016/j.jbmt.2025.03.022","10.1016/j.jbmt.2025.03.022"
"PubMed","doi","100","within_second_search","","Reliability of enhanced paper grip test for testing foot strength in volleyball and soccer players.","Reliability of enhanced paper grip test for testing foot strength in volleyball and soccer players.","10.1016/j.ptsp.2024.05.004","10.1016/j.ptsp.2024.05.004"
"PubMed","doi","100","within_second_search","","Changes in Hip Isometric Strength of Female College Soccer Players After High-Workload Training Session.","Changes in Hip Isometric Strength of Female College Soccer Players After High-Workload Training Session.","10.1123/jsr.2023-0327","10.1123/jsr.2023-0327"
"PubMed","doi","100","within_second_search","","Impact of Weekly Eccentric Overload Training on Locomotor and Mechanical Performance in Youth Soccer Players.","Impact of Weekly Eccentric Overload Training on Locomotor and Mechanical Performance in Youth Soccer Players.","10.52082/jssm.2025.351","10.52082/jssm.2025.351"
"PubMed","doi","100","within_second_search","","Case report: L3 Entrapped vertebra syndrome as a rare cause of low back pain in a semi-professional female soccer player.","Case report: L3 Entrapped vertebra syndrome as a rare cause of low back pain in a semi-professional female soccer player.","10.1016/j.jbmt.2025.08.029","10.1016/j.jbmt.2025.08.029"
"PubMed","doi","100","within_second_search","","Sensitivity to change of quadriceps and hamstrings muscle wearable electromyography outcomes during a professional soccer match.","Sensitivity to change of quadriceps and hamstrings muscle wearable electromyography outcomes during a professional soccer match.","10.1080/02640414.2025.2469462","10.1080/02640414.2025.2469462"
"PubMed","doi","100","within_second_search","","Influence of a football match on landing biomechanics and jump performance in female football players.","Influence of a football match on landing biomechanics and jump performance in female football players.","10.1111/sms.14518","10.1111/sms.14518"
"PubMed","doi","100","within_second_search","","The effect of sex, skill level and a defender on cutting kinematics in soccer players.","The effect of sex, skill level and a defender on cutting kinematics in soccer players.","10.1080/14763141.2025.2481496","10.1080/14763141.2025.2481496"
"PubMed","doi","100","within_second_search","","Return to professional football after ICD implantation in athlete with apical hypertrophic cardiomyopathy.","Return to professional football after ICD implantation in athlete with apical hypertrophic cardiomyopathy.","10.1136/bcr-2024-261255","10.1136/bcr-2024-261255"
"PubMed","doi","100","within_second_search","","Prevalence of Asymptomatic Changes in the Groin Region Among Adult Professional Soccer Players and Their Association With Limb Dominance.","Prevalence of Asymptomatic Changes in the Groin Region Among Adult Professional Soccer Players and Their Association With Limb Dominance.","10.1097/jsm.0000000000001258","10.1097/jsm.0000000000001258"
"PubMed","doi","100","within_second_search","","Treating Dystonia in a Soccer Player Through an Integrated Rehabilitative Approach: A Case Report.","Treating Dystonia in a Soccer Player Through an Integrated Rehabilitative Approach: A Case Report.","10.1123/jsr.2023-0100","10.1123/jsr.2023-0100"
"PubMed","doi","100","within_second_search","","Acute effects of static stretching on the knee joint position sense of soccer players: A crossover randomized controlled trial.","Acute effects of static stretching on the knee joint position sense of soccer players: A crossover randomized controlled trial.","10.1016/j.jbmt.2025.01.033","10.1016/j.jbmt.2025.01.033"
"PubMed","doi","100","within_second_search","","An Educational Review on Machine Learning: A SWOT Analysis for Implementing Machine Learning Techniques in Football.","An Educational Review on Machine Learning: A SWOT Analysis for Implementing Machine Learning Techniques in Football.","10.1123/ijspp.2024-0247","10.1123/ijspp.2024-0247"
"PubMed","doi","100","within_second_search","","Changes in hamstring contractile properties during the competitive season in young football players.","Changes in hamstring contractile properties during the competitive season in young football players.","10.7717/peerj.17049","10.7717/peerj.17049"
"PubMed","doi","100","within_second_search","","The relationship between executed cut angle and speed with lower extremity joint angles during unanticipated side-step cutting in soccer players.","The relationship between executed cut angle and speed with lower extremity joint angles during unanticipated side-step cutting in soccer players.","10.1016/j.gaitpost.2024.09.006","10.1016/j.gaitpost.2024.09.006"
"PubMed","doi","100","within_second_search","","Biceps femoris muscle-tendon strain during an entire overground sprint acceleration: a biomechanical explanation for hamstring injuries in the acceleration phase.","Biceps femoris muscle-tendon strain during an entire overground sprint acceleration: a biomechanical explanation for hamstring injuries in the acceleration phase.","10.1080/14763141.2024.2353233","10.1080/14763141.2024.2353233"
"PubMed","doi","100","within_second_search","","Relationship Between Nordic Hamstring Strength and Single Leg Bridge Test in University Soccer Players.","Relationship Between Nordic Hamstring Strength and Single Leg Bridge Test in University Soccer Players.","10.1123/jsr.2022-0451","10.1123/jsr.2022-0451"
"PubMed","doi","100","within_second_search","","Intensity of National Collegiate Athletics Association Division I Women's Soccer Regular Season Games.","Intensity of National Collegiate Athletics Association Division I Women's Soccer Regular Season Games.","10.1519/jsc.0000000000005053","10.1519/jsc.0000000000005053"
"PubMed","doi","100","within_second_search","","A large-scale multivariate soccer athlete health, performance, and position monitoring dataset.","A large-scale multivariate soccer athlete health, performance, and position monitoring dataset.","10.1038/s41597-024-03386-x","10.1038/s41597-024-03386-x"
"PubMed","doi","100","within_second_search","","Effects of the FIFA 11 + Program on Physical Fitness in Youth and Adult Soccer Players: A Systematic Review and Meta-analysis.","Effects of the FIFA 11 + Program on Physical Fitness in Youth and Adult Soccer Players: A Systematic Review and Meta-analysis.","10.1007/s40279-025-02346-8","10.1007/s40279-025-02346-8"
"PubMed","doi","100","within_second_search","","Influence of leg axis alignment on MRI T2* mapping of the knee in young professional soccer players.","Influence of leg axis alignment on MRI T2* mapping of the knee in young professional soccer players","10.1186/s12891-024-07233-3","10.1186/s12891-024-07233-3"
"PubMed","doi","100","within_second_search","","Prospective cohort study of long-term neurological outcomes in retired elite athletes: the Advanced BiomaRker, Advanced Imaging and Neurocognitive (BRAIN) Health Study protocol.","Prospective cohort study of long-term neurological outcomes in retired elite athletes: the Advanced BiomaRker, Advanced Imaging and Neurocognitive (BRAIN) Health Study protocol.","10.1136/bmjopen-2023-082902","10.1136/bmjopen-2023-082902"
"PubMed","doi","100","within_second_search","","Biomechanical Load Quantification Using a Lower Extremity Inertial Sensor Setup During Football Specific Activities.","Biomechanical Load Quantification Using a Lower Extremity Inertial Sensor Setup During Football Specific Activities.","10.1080/14763141.2022.2051596","10.1080/14763141.2022.2051596"
"PubMed","doi","100","within_second_search","","Maturity status influences perceived training load and neuromuscular performance during an academy soccer season.","Maturity status influences perceived training load and neuromuscular performance during an academy soccer season.","10.1080/15438627.2022.2102916","10.1080/15438627.2022.2102916"
"PubMed","doi","100","within_second_search","","Tibial tubercle apophyseal pain and maturation, a cross-sectional study in male´s youth elite football.","Tibial tubercle apophyseal pain and maturation, a cross-sectional study in male´s youth elite football.","10.1016/j.jsams.2025.07.010","10.1016/j.jsams.2025.07.010"
"PubMed","doi","100","within_second_search","","Investigation of the relationship between functional movement and respiratory muscle strength in professional football players and sedentary individuals: A controlled trial.","Investigation of the relationship between functional movement and respiratory muscle strength in professional football players and sedentary individuals: A controlled trial.","10.1016/j.jbmt.2024.01.035","10.1016/j.jbmt.2024.01.035"
"PubMed","doi","100","within_second_search","","Diagnosis, Rehabilitation, and Training Load Monitoring Following Hematogenous Calcaneal Osteomyelitis in a Competitive Adolescent Soccer Player: A Level 4 Case Report.","Diagnosis, Rehabilitation, and Training Load Monitoring Following Hematogenous Calcaneal Osteomyelitis in a Competitive Adolescent Soccer Player: A Level 4 Case Report.","10.4085/1062-6050-0207.25","10.4085/1062-6050-0207.25"
"PubMed","doi","100","within_second_search","","Integration of a Knee Flexor Bias or Hip Hinge Bias Resistance Training Program With Combined High-Speed Running in Academy Soccer Players.","Integration of a Knee Flexor Bias or Hip Hinge Bias Resistance Training Program With Combined High-Speed Running in Academy Soccer Players.","10.1519/jsc.0000000000005210","10.1519/jsc.0000000000005210"
"PubMed","doi","100","within_second_search","","Finite element brain deformation in adolescent soccer heading.","Finite element brain deformation in adolescent soccer heading.","10.1080/10255842.2023.2236746","10.1080/10255842.2023.2236746"
"PubMed","doi","100","within_second_search","","Intra- and inter-limb strength imbalance and asymmetry in soccer: A comparison of elite senior and junior players.","Intra- and inter-limb strength imbalance and asymmetry in soccer: A comparison of elite senior and junior players.","10.1371/journal.pone.0302474","10.1371/journal.pone.0302474"
"PubMed","doi","100","within_second_search","","Reconsidering Exercise Selection with EMG: Poor Agreement between Ranking Hip Exercises with Gluteal EMG and Muscle Force.","Reconsidering Exercise Selection with EMG: Poor Agreement between Ranking Hip Exercises with Gluteal EMG and Muscle Force.","10.1249/mss.0000000000003733","10.1249/mss.0000000000003733"
"PubMed","doi","100","within_second_search","","Hair cortisol is a physiological indicator of training stress for female footballers.","Hair cortisol is a physiological indicator of training stress for female footballers.","10.1007/s00421-024-05571-7","10.1007/s00421-024-05571-7"
"PubMed","doi","100","within_second_search","","The efficacy of an eight-week core stability exercise program in suspended and stable conditions on the muscle activation and functional disability of amateur soccer players with non-specific chronic low back pain.","The efficacy of an eight-week core stability exercise program in suspended and stable conditions on the muscle activation and functional disability of amateur soccer players with non-specific chronic low back pain.","10.1016/j.jbmt.2025.08.020","10.1016/j.jbmt.2025.08.020"
"PubMed","doi","100","within_second_search","","Cervical and Lumbar Disk Replacement in Athletes: Is It Safe to Return to Play? A Systematic Review of the Scientific Literature and Lay Press.","Cervical and Lumbar Disk Replacement in Athletes: Is It Safe to Return to Play? A Systematic Review of the Scientific Literature and Lay Press.","10.1227/neu.0000000000002637","10.1227/neu.0000000000002637"
"PubMed","doi","100","within_second_search","","The effects of jump training on measures of physical performance, lower extremities injury incidence and burden in highly trained male soccer players.","The effects of jump training on measures of physical performance, lower extremities injury incidence and burden in highly trained male soccer players.","10.1080/15438627.2022.2079989","10.1080/15438627.2022.2079989"
"PubMed","doi","100","within_second_search","","The Association Between the Development of Cam Morphology During Skeletal Growth in High-Impact Athletes and the Presence of Cartilage Loss and Labral Damage in Adulthood: A Prospective Cohort Study With a 12-Year Follow-up.","The Association Between the Development of Cam Morphology During Skeletal Growth in High-Impact Athletes and the Presence of Cartilage Loss and Labral Damage in Adulthood: A Prospective Cohort Study With a 12-Year Follow-up.","10.1177/03635465241256123","10.1177/03635465241256123"
"PubMed","doi","100","within_second_search","","Early Versus Late Rapid Force Production During Single-Joint Isometric Hamstring Assessment Using Force Plates.","Early Versus Late Rapid Force Production During Single-Joint Isometric Hamstring Assessment Using Force Plates.","10.1519/jsc.0000000000004911","10.1519/jsc.0000000000004911"
"PubMed","doi","100","within_second_search","","Acute effects of instrument-assisted soft tissue mobilization on the flexibility, strength, vertical jump, and dynamic balance performances of the plantar flexor muscle in professional football players.","Acute effects of instrument-assisted soft tissue mobilization on the flexibility, strength, vertical jump, and dynamic balance performances of the plantar flexor muscle in professional football players.","10.1016/j.jbmt.2025.03.003","10.1016/j.jbmt.2025.03.003"
"PubMed","doi","100","within_second_search","","Preseason Range-of-Motion and Motor-Performance Asymmetries in Elite Male Youth Soccer Players in Spain.","Preseason Range-of-Motion and Motor-Performance Asymmetries in Elite Male Youth Soccer Players in Spain.","10.1123/jsr.2024-0223","10.1123/jsr.2024-0223"
"PubMed","doi","100","within_second_search","","The Impact of a Congested Match Schedule (Due to the COVID-19 Lockdown) on Creatine Kinase (CK) in Elite Football Players Using GPS Tracking Technology.","The Impact of a Congested Match Schedule (Due to the COVID-19 Lockdown) on Creatine Kinase (CK) in Elite Football Players Using GPS Tracking Technology.","10.3390/s24216917","10.3390/s24216917"
"PubMed","doi","100","within_second_search","","Characterization of acute effects of football competition on hamstring muscles by muscle functional MRI techniques.","Characterization of acute effects of football competition on hamstring muscles by muscle functional MRI techniques.","10.1371/journal.pone.0308328","10.1371/journal.pone.0308328"
"PubMed","doi","100","within_second_search","","Variations in External and Internal Intensities and Impact of Maturational Age on Soccer Training Tasks.","Variations in External and Internal Intensities and Impact of Maturational Age on Soccer Training Tasks.","10.3390/s24175656","10.3390/s24175656"
"PubMed","doi","100","within_second_search","","Acute effects of Nordic hamstring exercise on hip and knee joints proprioception.","Acute effects of Nordic hamstring exercise on hip and knee joints proprioception.","10.1016/j.jbmt.2024.03.006","10.1016/j.jbmt.2024.03.006"
"PubMed","doi","100","within_second_search","","Predicting Field-Sport Distances Without Global Positioning Systems in Indoor Play: A Comparative Study of Machine-Learning Techniques.","Predicting Field-Sport Distances Without Global Positioning Systems in Indoor Play: A Comparative Study of Machine-Learning Techniques.","10.1123/ijspp.2024-0361","10.1123/ijspp.2024-0361"
"PubMed","doi","100","within_second_search","","Arthroscopic debridement and microfracture for bilateral osteochondral lesions on the lateral process of the talus involving the subtalar joint: A case report.","Arthroscopic debridement and microfracture for bilateral osteochondral lesions on the lateral process of the talus involving the subtalar joint: A case report.","10.1097/md.0000000000038302","10.1097/md.0000000000038302"
"PubMed","doi","100","within_second_search","","The Homeless World Cup through storytelling: The narratives of Street Soccer players from Scotland and the USA.","The Homeless World Cup through storytelling: The narratives of Street Soccer players from Scotland and the USA.","10.1016/j.psychsport.2023.102549","10.1016/j.psychsport.2023.102549"
"PubMed","doi","100","within_second_search","","Neuromuscular Profiles of Female Collegiate Athletes: Variations in Countermovement Jump Metrics Across 8 NCAA Division I Sports.","Neuromuscular Profiles of Female Collegiate Athletes: Variations in Countermovement Jump Metrics Across 8 NCAA Division I Sports.","10.1519/jsc.0000000000005170","10.1519/jsc.0000000000005170"
"PubMed","doi","100","within_second_search","","Peak lower limb joint angles are weak predictors of hamstring length change during sprinting.","Peak lower limb joint angles are weak predictors of hamstring length change during sprinting.","10.1016/j.jbiomech.2025.113127","10.1016/j.jbiomech.2025.113127"
"PubMed","doi","100","within_second_search","","Summary of the 2024 Professionals in Nutrition for Exercise and Sport ""10 Questions/10 Experts"" Session-Hot Topics for the Paris Olympic Games.","Summary of the 2024 Professionals in Nutrition for Exercise and Sport ""10 Questions/10 Experts"" Session—Hot Topics for the Paris Olympic Games.","10.1123/ijsnem.2024-0167","10.1123/ijsnem.2024-0167"
"PubMed","doi","100","within_second_search","","Prevalence of lower limb pain and disability in football, hockey, and floorball players.","Prevalence of lower limb pain and disability in football, hockey, and floorball players.","10.3233/bmr-230048","10.3233/bmr-230048"
"PubMed","doi","100","within_second_search","","Effects of Powerchair Football: Contextual Factors That Impact Participation.","Effects of Powerchair Football: Contextual Factors That Impact Participation.","10.1123/apaq.2022-0124","10.1123/apaq.2022-0124"
"PubMed","doi","100","within_second_search","","Maximum speed exposures in Australian rules football: do methods matter?","Maximum speed exposures in Australian rules football: do methods matter?.","10.1080/24733938.2023.2211048","10.1080/24733938.2023.2211048"
"PubMed","doi","100","within_second_search","","Survey of the current practices of German football academies towards biological maturation assessment.","Survey of the current practices of German football academies towards biological maturation assessment.","10.1080/24733938.2023.2270563","10.1080/24733938.2023.2270563"
"PubMed","doi","100","within_second_search","","From tackles to trauma: investigating the influence of the FIFA World Cup 2022 on public maxillofacial department in Qatar - an observational study.","From tackles to trauma: investigating the influence of the FIFA World Cup 2022 on public maxillofacial department in Qatar - an observational study.","10.1097/js9.0000000000000804","10.1097/js9.0000000000000804"
"PubMed","doi","100","within_second_search","","Head impact differences in blind football between Rio 2016 and Tokyo 2020 Paralympic Games: video-based observational study.","Head impact differences in blind football between Rio 2016 and Tokyo 2020 Paralympic Games: video-based observational study.","10.1136/bmjopen-2023-081942","10.1136/bmjopen-2023-081942"
"PubMed","doi","100","within_second_search","","A cross-sectional latent class analysis of self-reported snus use in men's and women's professional football in England.","A cross-sectional latent class analysis of self-reported snus use in men's and women's professional football in England.","10.1016/j.jsams.2025.05.008","10.1016/j.jsams.2025.05.008"
"PubMed","doi","100","within_second_search","","Additional time error in association football is associated with interruption type and goal difference.","Additional time error in association football is associated with interruption type and goal difference.","10.1080/24733938.2024.2435843","10.1080/24733938.2024.2435843"
"PubMed","doi","100","within_second_search","","The usefulness of balance test in preseason evaluation of injuries in amputee football players: a pilot prospective observational study.","The usefulness of balance test in preseason evaluation of injuries in amputee football players: a pilot prospective observational study.","10.7717/peerj.16573","10.7717/peerj.16573"
"PubMed","doi","100","within_second_search","","Motivational profiles and their relation to wellbeing, burnout, and drop-out intentions in university football players in the UK: A mixed methods approach.","Motivational profiles and their relation to wellbeing, burnout, and drop-out intentions in university football players in the UK: A mixed methods approach.","10.1016/j.psychsport.2023.102585","10.1016/j.psychsport.2023.102585"
"PubMed","doi","100","within_second_search","","The Frequency and Determinants of Positive and Negative Officiating Interactions and the Relationships with Mental Ill-Health Symptoms in Sports Officials.","The Frequency and Determinants of Positive and Negative Officiating Interactions and the Relationships with Mental Ill-Health Symptoms in Sports Officials.","10.1007/s40279-025-02216-3","10.1007/s40279-025-02216-3"
"PubMed","doi","100","within_second_search","","'You can change your life through sports'-physical activity interventions to improve the health and well-being of adults experiencing homelessness: a mixed-methods systematic review.","'You can change your life through sports'-physical activity interventions to improve the health and well-being of adults experiencing homelessness: a mixed-methods systematic review.","10.1136/bjsports-2023-107562","10.1136/bjsports-2023-107562"
"PubMed","doi","100","within_second_search","","Clinical implications of head trauma in frontotemporal dementia and primary progressive aphasia.","Clinical implications of head trauma in frontotemporal dementia and primary progressive aphasia.","10.1186/s13195-024-01553-1","10.1186/s13195-024-01553-1"
"PubMed","doi","100","within_second_search","","Clinical and Neuropathological Correlates of Substance Use in American Football Players.","Clinical and Neuropathological Correlates of Substance Use in American Football Players.","10.3233/jad-240300","10.3233/jad-240300"
"PubMed","doi","100","within_second_search","","Linking Type and Extent of Head Trauma to Cavum Septum Pellucidum in Older Adults With and Without Alzheimer Disease and Related Dementias.","Linking Type and Extent of Head Trauma to Cavum Septum Pellucidum in Older Adults With and Without Alzheimer Disease and Related Dementias.","10.1212/wnl.0000000000209183","10.1212/wnl.0000000000209183"
"PubMed","doi","100","within_second_search","","Repetitive head-injury exposure and later-in-life cognitive and emotional outcomes among former collegiate football players: a CLEAATS investigation.","Repetitive head-injury exposure and later-in-life cognitive and emotional outcomes among former collegiate football players: a CLEAATS investigation.","10.1080/09540261.2024.2352572","10.1080/09540261.2024.2352572"
"PubMed","doi","100","within_second_search","","Examination of parkinsonism in former elite American football players.","Examination of parkinsonism in former elite American football players.","10.1016/j.parkreldis.2023.105903","10.1016/j.parkreldis.2023.105903"
"PubMed","doi","100","within_second_search","","The relationship between fear of movement and ankle biomechanical strategies in a 180° change of direction task.","The relationship between fear of movement and ankle biomechanical strategies in a 180° change of direction task.","10.1016/j.gaitpost.2025.01.029","10.1016/j.gaitpost.2025.01.029"
"PubMed","doi","100","within_second_search","","A Questionnaire-Based Analysis of the Impact of the COVID-19 Pandemic on the Psychological Health of Key Stakeholders Within an Elite Sports Organization.","A Questionnaire-Based Analysis of the Impact of the COVID-19 Pandemic on the Psychological Health of Key Stakeholders Within an Elite Sports Organization.","10.1097/jsm.0000000000001317","10.1097/jsm.0000000000001317"
"PubMed","doi","100","within_second_search","","Promoting men's health through sports clubs: A systematic rapid realist review.","Promoting men's health through sports clubs: A systematic rapid realist review.","10.1016/j.jshs.2024.100969","10.1016/j.jshs.2024.100969"
"PubMed","doi","100","within_second_search","","Consideration of Mental Health and Well-Being in High-Level Sport: When Will a Coach-Centred Approach Be Introduced?","Consideration of Mental Health and Well-Being in High-Level Sport: When Will a Coach-Centred Approach Be Introduced?.","10.1007/s40279-024-02044-x","10.1007/s40279-024-02044-x"
"PubMed","doi","100","within_second_search","","Social Support, Stress, and Mental Health: Examining the Stress-Buffering Hypothesis in Adolescent Football Athletes.","Social Support, Stress, and Mental Health: Examining the Stress-Buffering Hypothesis in Adolescent Football Athletes.","10.4085/1062-6050-0324.23","10.4085/1062-6050-0324.23"
"PubMed","doi","100","within_second_search","","Disruptions to sleep and circadian rhythms are associated with poorer athlete mental health in female, but not male, elite Australian Rules footballers.","Disruptions to sleep and circadian rhythms are associated with poorer athlete mental health in female, but not male, elite Australian Rules footballers.","10.1111/jsr.14186","10.1111/jsr.14186"
"PubMed","doi","100","within_second_search","","Presurgical perspective and postsurgical evaluation of acromioclavicular joint instability.","Presurgical perspective and postsurgical evaluation of acromioclavicular joint instability.","10.1007/s00256-023-04526-x","10.1007/s00256-023-04526-x"
"PubMed","doi","100","within_second_search","","""It's a Story of Another World"": Perceptions of the Tokyo 2020 Paralympic Games Among Japanese Athletes With Psychiatric Impairments.","""It's a Story of Another World"": Perceptions of the Tokyo 2020 Paralympic Games Among Japanese Athletes With Psychiatric Impairments.","10.1123/apaq.2024-0171","10.1123/apaq.2024-0171"
"PubMed","doi","100","within_second_search","","Skeletal Maturity Is Associated With Increased Meniscal and Chondral Pathology in Patients Under 21 Years of Age Undergoing Primary Anterior Cruciate Ligament Reconstruction Within 6 Months of Injury.","Skeletal Maturity Is Associated With Increased Meniscal and Chondral Pathology in Patients Under 21 Years of Age Undergoing Primary Anterior Cruciate Ligament Reconstruction Within 6 Months of Injury.","10.1016/j.arthro.2024.01.022","10.1016/j.arthro.2024.01.022"
"PubMed","doi","100","within_second_search","","Osseous Triceps Avulsion in a 12-Year-Old Girl: A Case Report.","Osseous Triceps Avulsion in a 12-Year-Old Girl: A Case Report.","10.2106/jbjs.cc.24.00075","10.2106/jbjs.cc.24.00075"
"PubMed","doi","100","within_second_search","","Effects of Anticipation and Dual-Tasking on Lower Limb Biomechanics While Performing Change-of-Direction Tasks in Physically Active Individuals: A Systematic Review with Meta-Analysis.","Effects of Anticipation and Dual-Tasking on Lower Limb Biomechanics While Performing Change-of-Direction Tasks in Physically Active Individuals: A Systematic Review with Meta-Analysis.","10.1007/s40279-025-02182-w","10.1007/s40279-025-02182-w"
"PubMed","doi","100","within_second_search","","Gaps in Heat-Related Knowledge, Practices and Adaptation Strategies Among Coaches in German Outdoor Sports.","Gaps in Heat-Related Knowledge, Practices and Adaptation Strategies Among Coaches in German Outdoor Sports","10.3389/ijph.2024.1607928","10.3389/ijph.2024.1607928"
"PubMed","doi","100","within_second_search","","Age of First Exposure Does Not Relate to Post-Career Health in Former Professional American-Style Football Players.","Age of First Exposure Does Not Relate to Post-Career Health in Former Professional American-Style Football Players.","10.1007/s40279-024-02062-9","10.1007/s40279-024-02062-9"
"PubMed","doi","100","within_second_search","","Career duration and later-life health conditions among former professional American-style football players.","Career duration and later-life health conditions among former professional American-style football players.","10.1136/oemed-2024-109571","10.1136/oemed-2024-109571"
"PubMed","doi","100","within_second_search","","Identification of potential risk factors for lower limb injuries in female team-sport athletes: a prospective cohort study.","Identification of potential risk factors for lower limb injuries in female team-sport athletes: a prospective cohort study.","10.1080/24733938.2023.2181386","10.1080/24733938.2023.2181386"
"PubMed","doi","100","within_second_search","","Surgically Treated Ischial Tuberosity Avulsion Fractures in Adolescents: Risks and Outcomes of 3 Fixation Constructs.","Surgically Treated Ischial Tuberosity Avulsion Fractures in Adolescents: Risks and Outcomes of 3 Fixation Constructs","10.1097/bpo.0000000000002799","10.1097/bpo.0000000000002799"
"PubMed","doi","100","within_second_search","","Contribution of ankle motion pattern during landing to reduce the knee-related injury risk.","Contribution of ankle motion pattern during landing to reduce the knee-related injury risk.","10.1016/j.compbiomed.2024.108965","10.1016/j.compbiomed.2024.108965"
"PubMed","doi","100","within_second_search","","Predictors of Early Return to Sport After Surgical Repair of Proximal Hamstring Complex Injuries in Professional Athletes: A Prospective Study.","Predictors of Early Return to Sport After Surgical Repair of Proximal Hamstring Complex Injuries in Professional Athletes: A Prospective Study.","10.1177/03635465231225486","10.1177/03635465231225486"
"PubMed","doi","100","within_second_search","","Official match time underestimates injury incidence in football and beach soccer compared with futsal.","Official match time underestimates injury incidence in football and beach soccer compared with futsal.","10.1002/ksa.70114","10.1002/ksa.70114"
"PubMed","doi","100","within_second_search","","High magnitude exposure to repetitive head impacts alters female adolescent brain activity for lower extremity motor control.","High magnitude exposure to repetitive head impacts alters female adolescent brain activity for lower extremity motor control","10.1016/j.brainres.2024.148785","10.1016/j.brainres.2024.148785"
"PubMed","doi","100","within_second_search","","Evaluation of Brain Rotational Injury Criteria (BrIC) in vehicle frontal crashes.","Evaluation of Brain Rotational Injury Criteria (BrIC) in vehicle frontal crashes.","10.1080/15389588.2023.2255913","10.1080/15389588.2023.2255913"
"PubMed","doi","100","within_second_search","","An Extended Neck Position is Likely to Produce Cervical Spine Injuries Through Buckling in Accidental Head-First Impacts During Rugby Tackling.","An Extended Neck Position is Likely to Produce Cervical Spine Injuries Through Buckling in Accidental Head-First Impacts During Rugby Tackling.","10.1007/s10439-024-03576-z","10.1007/s10439-024-03576-z"
"PubMed","doi","100","within_second_search","","Interaction of Medical Conditions and Football Exposures Associated with Premortem Chronic Traumatic Encephalopathy Diagnosis in Former Professional American Football Players.","Interaction of Medical Conditions and Football Exposures Associated with Premortem Chronic Traumatic Encephalopathy Diagnosis in Former Professional American Football Players.","10.1007/s40279-023-01942-w","10.1007/s40279-023-01942-w"
"PubMed","doi","100","within_second_search","","Brain Deformation Estimation With Transfer Learning for Head Impact Datasets Across Impact Types.","Brain Deformation Estimation With Transfer Learning for Head Impact Datasets Across Impact Types.","10.1109/tbme.2024.3354192","10.1109/tbme.2024.3354192"
"PubMed","doi","100","within_second_search","","Load monitoring, strength training, and recovery in futsal: Practitioners' perspectives.","Load monitoring, strength training, and recovery in futsal: Practitioners' perspectives.","10.1080/24733938.2022.2144641","10.1080/24733938.2022.2144641"
"PubMed","doi","100","within_second_search","","Injuries in Female Futsal Players: A Systematic Review.","Injuries in Female Futsal Players: A Systematic Review.","10.3390/sports12110311","10.3390/sports12110311"
"PubMed","doi","100","within_second_search","","Olfactory function is reduced in a subset of former elite American football players with traumatic encephalopathy syndrome.","Olfactory function is reduced in a subset of former elite American football players with traumatic encephalopathy syndrome.","10.1093/chemse/bjae043","10.1093/chemse/bjae043"
"PubMed","doi","100","within_second_search","","Repetitive Head Impacts and Perivascular Space Volume in Former American Football Players.","Repetitive Head Impacts and Perivascular Space Volume in Former American Football Players.","10.1001/jamanetworkopen.2024.28687","10.1001/jamanetworkopen.2024.28687"
"PubMed","doi","100","within_second_search","","The Impact of Drop Test Conditions on Brain Strain Location and Severity: A Novel Approach Using a Deep Learning Model.","The Impact of Drop Test Conditions on Brain Strain Location and Severity: A Novel Approach Using a Deep Learning Model.","10.1007/s10439-024-03525-w","10.1007/s10439-024-03525-w"
"PubMed","doi","100","within_second_search","","Clinical and ultrasonographic evaluation of uninjured dominant shoulder in amateur rugby players vs a control group: a pilot study.","Clinical and ultrasonographic evaluation of uninjured dominant shoulder in amateur rugby players vs a control group: a pilot study.","10.1007/s40477-024-00897-6","10.1007/s40477-024-00897-6"
"PubMed","doi","100","within_second_search","","Nutritional Considerations of Irish Performance Dietitians and Nutritionists in Concussion Injury Management.","Nutritional Considerations of Irish Performance Dietitians and Nutritionists in Concussion Injury Management.","10.3390/nu16040497","10.3390/nu16040497"
"PubMed","doi","100","within_second_search","","Short-term changes in the physiology of the primary motor cortex following head impact exposure during a Canadian football game.","Short-term changes in the physiology of the primary motor cortex following head impact exposure during a Canadian football game.","10.3171/2023.11.jns231933","10.3171/2023.11.jns231933"
"PubMed","doi","100","within_second_search","","Factors That May Influence Americans' Views on When Children Should Start Playing Tackle Football.","Factors That May Influence Americans' Views on When Children Should Start Playing Tackle Football.","10.4085/1062-6050-0004.23","10.4085/1062-6050-0004.23"
"PubMed","doi","100","within_second_search","","Metabolic Surgery and Chronic Traumatic Encephalopathy: Perceptions of Former NFL Players.","Metabolic Surgery and Chronic Traumatic Encephalopathy: Perceptions of Former NFL Players.","10.1007/s11695-024-07475-z","10.1007/s11695-024-07475-z"
"PubMed","doi","100","within_second_search","","Arthroscopic reduction and internal fixation for fracture of the posterior process of the talus (Shepherd's fracture): a case report.","Arthroscopic reduction and internal fixation for fracture of the posterior process of the talus (Shepherd's fracture): a case report.","10.1186/s13256-024-04652-7","10.1186/s13256-024-04652-7"
"PubMed","doi","100","within_second_search","","AI-Based Denoising of Head Impact Kinematics Measurements With Convolutional Neural Network for Traumatic Brain Injury Prediction.","AI-Based Denoising of Head Impact Kinematics Measurements With Convolutional Neural Network for Traumatic Brain Injury Prediction.","10.1109/tbme.2024.3392537","10.1109/tbme.2024.3392537"
"PubMed","doi","100","within_second_search","","Cognitive, functional, and neuropsychiatric correlates of regional tau pathology in autopsy-confirmed chronic traumatic encephalopathy.","Cognitive, functional, and neuropsychiatric correlates of regional tau pathology in autopsy-confirmed chronic traumatic encephalopathy.","10.1186/s13024-023-00697-2","10.1186/s13024-023-00697-2"
"PubMed","doi","100","within_second_search","","Padded Helmet Shell Covers in American Football: A Comprehensive Laboratory Evaluation with Preliminary On-Field Findings.","Padded Helmet Shell Covers in American Football: A Comprehensive Laboratory Evaluation with Preliminary On-Field Findings.","10.1007/s10439-023-03169-2","10.1007/s10439-023-03169-2"
"PubMed","doi","100","within_second_search","","Repetitive head impact exposure in collegiate wrestling practices using instrumented mouthguard technology.","Repetitive head impact exposure in collegiate wrestling practices using instrumented mouthguard technology.","10.1080/15438627.2025.2509539","10.1080/15438627.2025.2509539"
"PubMed","doi","100","within_second_search","","Re-rupture rate and complications after percutaneous Tenolig® repair in acute midsubstance rupture of Achilles tendon.","Re-rupture rate and complications after percutaneous Tenolig R repair in acute midsubstance rupture of Achilles tendon.","10.1007/s00590-024-04115-1","10.1007/s00590-024-04115-1"
"PubMed","doi","100","within_second_search","","Lack of Association of Informant-Reported Traumatic Brain Injury and Chronic Traumatic Encephalopathy.","Lack of Association of Informant-Reported Traumatic Brain Injury and Chronic Traumatic Encephalopathy.","10.1089/neu.2023.0391","10.1089/neu.2023.0391"
"PubMed","doi","100","within_second_search","","Inflammatory biomarkers for neurobehavioral dysregulation in former American football players: findings from the DIAGNOSE CTE Research Project.","Inflammatory biomarkers for neurobehavioral dysregulation in former American football players: findings from the DIAGNOSE CTE Research Project.","10.1186/s12974-024-03034-6","10.1186/s12974-024-03034-6"
"PubMed","doi","100","within_second_search","","Blood and MRI biomarkers of mild traumatic brain injury in non-concussed collegiate football players.","Blood and MRI biomarkers of mild traumatic brain injury in non-concussed collegiate football players.","10.1038/s41598-023-51067-3","10.1038/s41598-023-51067-3"
"PubMed","doi","100","within_second_search","","Flortaucipir tau PET findings from former professional and college American football players in the DIAGNOSE CTE research project.","Flortaucipir tau PET findings from former professional and college American football players in the DIAGNOSE CTE research project.","10.1002/alz.13602","10.1002/alz.13602"
"PubMed","doi","100","within_second_search","","Duration of Ice Hockey Play and Chronic Traumatic Encephalopathy.","Duration of Ice Hockey Play and Chronic Traumatic Encephalopathy.","10.1001/jamanetworkopen.2024.49106","10.1001/jamanetworkopen.2024.49106"
"PubMed","doi","100","within_second_search","","Smart Textile Impact Sensor for e-Helmet to Measure Head Injury.","Smart Textile Impact Sensor for e-Helmet to Measure Head Injury.","10.3390/s24092919","10.3390/s24092919"
"PubMed","doi","100","within_second_search","","Brain morphometry in former American football players: findings from the DIAGNOSE CTE research project.","Brain morphometry in former American football players: findings from the DIAGNOSE CTE research project.","10.1093/brain/awae098","10.1093/brain/awae098"
"PubMed","doi","100","within_second_search","","Ten-year results from the UK National Ligament Registry: Patient characteristics and factors predicting nonresponders for completion of outcome scores.","Ten-year results from the UK National Ligament Registry: Patient characteristics and factors predicting nonresponders for completion of outcome scores.","10.1002/ksa.12116","10.1002/ksa.12116"
"PubMed","doi","100","within_second_search","","Blood-Brain Barrier Dysfunction and Exposure to Head Impacts in University Football Players.","Blood-Brain Barrier Dysfunction and Exposure to Head Impacts in University Football Players.","10.1097/jsm.0000000000001164","10.1097/jsm.0000000000001164"
"PubMed","doi","100","within_second_search","","Knowledge and Attitudes of Concussion Reporting Behavior Intentions in Parents of Youth Recreational Football Players.","Knowledge and Attitudes of Concussion Reporting Behavior Intentions in Parents of Youth Recreational Football Players.","10.1080/02701367.2023.2189444","10.1080/02701367.2023.2189444"
"PubMed","doi","100","within_second_search","","The Feasibility and Preliminary Effects of Sports Stars Brazil in Adolescents with Autism Spectrum Disorder: A Quasi-Experimental Study.","The Feasibility and Preliminary Effects of Sports Stars Brazil in Adolescents with Autism Spectrum Disorder: A Quasi-Experimental Study.","10.1080/01942638.2025.2509538","10.1080/01942638.2025.2509538"
"PubMed","doi","100","within_second_search","","Dermatoglyphics as a Risk Indicator for Anterior Cruciate Ligament Injuries in Futsal Athletes.","Dermatoglyphics as a Risk Indicator for Anterior Cruciate Ligament Injuries in Futsal Athletes.","10.3390/jfmk10040399","10.3390/jfmk10040399"
"PubMed","doi","100","within_second_search","","Neuromuscular Characteristics of Female Futsal Players: A Systematic Review.","Neuromuscular Characteristics of Female Futsal Players: A Systematic Review.","10.3390/sports14030098","10.3390/sports14030098"
"PubMed","doi","100","within_second_search","","Optimizing Athlete Safety: Advanced Strategies for Preventing Exertional Heat Stroke in Collegiate Football Through Strength and Conditioning Interventions.","Optimizing Athlete Safety: Advanced Strategies for Preventing Exertional Heat Stroke in Collegiate Football Through Strength and Conditioning Interventions.","10.1519/jsc.0000000000005114","10.1519/jsc.0000000000005114"
"PubMed","doi","100","within_second_search","","Third of former American football players report CTE symptoms, study finds.","Third of former American football players report CTE symptoms, study finds.","10.1136/bmj.q2144","10.1136/bmj.q2144"
"PubMed","doi","100","within_second_search","","Acute-Onset Elbow Pain in a 14-year-old Football Quarterback.","Acute-Onset Elbow Pain in a 14-year-old Football Quarterback.","10.1542/pir.2022-005872","10.1542/pir.2022-005872"
"PubMed","doi","100","within_second_search","","The Development of Principles for Patient and Public Involvement (PPI) in Preclinical Spinal Cord Research: A Modified Delphi Study.","The Development of Principles for Patient and Public Involvement (PPI) in Preclinical Spinal Cord Research: A Modified Delphi Study.","10.1111/hex.14130","10.1111/hex.14130"
"PubMed","title_author_year","100","within_second_search","","Impact Deceleration Differences on Natural Grass Versus Synthetic Turf High School Football Fields.","Impact Deceleration Differences on Natural Grass Versus Synthetic Turf High School Football Fields","",""
"PubMed","doi","100","within_second_search","","Physical and emotional impact of multiple knee surgeries.","Physical and emotional impact of multiple knee surgeries.","10.1136/bjsports-2023-107697","10.1136/bjsports-2023-107697"
"PubMed","doi","100","within_second_search","","Deceleration Profiles Between the Penultimate and Final Steps of Planned and Reactive Side-Step Cutting.","Deceleration Profiles Between the Penultimate and Final Steps of Planned and Reactive Side-Step Cutting.","10.4085/1062-6050-0007.23","10.4085/1062-6050-0007.23"
"PubMed","doi","100","within_second_search","","Sub-concussive head impacts from heading footballs do not acutely alter brain excitability as compared to a control group.","Sub-concussive head impacts from heading footballs do not acutely alter brain excitability as compared to a control group.","10.1371/journal.pone.0306560","10.1371/journal.pone.0306560"
"PubMed","doi","100","within_second_search","","Improvement of coracoid process union rates: a comparative study of conventional open and arthroscopic-assisted Bristow procedures for treating anterior shoulder instability in rugby players.","Improvement of coracoid process union rates: a comparative study of conventional open and arthroscopic-assisted Bristow procedures for treating anterior shoulder instability in rugby players.","10.1016/j.jse.2024.02.041","10.1016/j.jse.2024.02.041"
"PubMed","doi","100","within_second_search","","Ultrasound Diagnosis and Compressive Biomechanical Taping of a Lumbar Morel-Lavallée Lesion in a High School Football Player: A Clinical Vignette.","Ultrasound Diagnosis and Compressive Biomechanical Taping of a Lumbar Morel-Lavallee Lesion in a High School Football Player: A Clinical Vignette.","10.1097/phm.0000000000002316","10.1097/phm.0000000000002316"
"PubMed","doi","100","within_second_search","","Rotator Cuff Injuries in the Pediatric Population: A Retrospective Review of Patient Characteristics and Treatment at a Single Center.","Rotator Cuff Injuries in the Pediatric Population: A Retrospective Review of Patient Characteristics and Treatment at a Single Center.","10.1177/19417381231174021","10.1177/19417381231174021"
"PubMed","doi","100","within_second_search","","Quantifying Muscle Volume Deficits Among 38 Lower Extremity Muscles in Collegiate Football Athletes After Anterior Cruciate Ligament Reconstruction.","Quantifying Muscle Volume Deficits Among 38 Lower Extremity Muscles in Collegiate Football Athletes After Anterior Cruciate Ligament Reconstruction.","10.1177/03635465241313235","10.1177/03635465241313235"
"PubMed","doi","100","within_second_search","","Preventing Exertional Heat Stroke in Football: Time for a Paradigm Shift.","Preventing Exertional Heat Stroke in Football: Time for a Paradigm Shift.","10.1177/19417381241260045","10.1177/19417381241260045"
"PubMed","doi","100","within_second_search","","The role of Patient and public involvement (PPI) in pre-clinical spinal cord research: An interview study.","The role of Patient and public involvement (PPI) in pre-clinical spinal cord research: An interview study.","10.1371/journal.pone.0301626","10.1371/journal.pone.0301626"
"PubMed","doi","100","within_second_search","","Effects of COVID-19 on Rate of Injury and Position-Specific Injury During the 2020 National Football League Season.","Effects of COVID-19 on Rate of Injury and Position-Specific Injury During the 2020 National Football League Season.","10.1519/jsc.0000000000004602","10.1519/jsc.0000000000004602"
"PubMed","doi","100","within_second_search","","Fourteen-Year-Old Male Football Player with Lesser Tuberosity Avulsion Fracture: Open Transosseous Equivalent Suture Repair: A Case Report.","Fourteen-Year-Old Male Football Player with Lesser Tuberosity Avulsion Fracture: Open Transosseous Equivalent Suture Repair: A Case Report.","10.2106/jbjs.cc.24.00204","10.2106/jbjs.cc.24.00204"
"PubMed","doi","100","within_second_search","","Survey of sun protection behaviors and barriers among spectators at an outdoor football game.","Survey of sun protection behaviors and barriers among spectators at an outdoor football game.","10.1007/s00403-024-03067-0","10.1007/s00403-024-03067-0"
"PubMed","doi","100","within_second_search","","Effect of Repetitive Head Impacts on Saccade Performance in Canadian University Football Players.","Effect of Repetitive Head Impacts on Saccade Performance in Canadian University Football Players.","10.1097/jsm.0000000000001202","10.1097/jsm.0000000000001202"
"PubMed","doi","100","within_second_search","","Return to Play Rates Following Operative Ankle Fractures Differ Between High- and Low-Performing National Football League Athletes.","Return to Play Rates Following Operative Ankle Fractures Differ Between High- and Low-Performing National Football League Athletes.","10.3928/01477447-20230517-05","10.3928/01477447-20230517-05"
"PubMed","doi","100","within_second_search","","Sports-Related Pure Orbital Blowout Fractures in Japan: Differences in Demographic and Clinical Characteristics between Sports.","Sports-Related Pure Orbital Blowout Fractures in Japan: Differences in Demographic and Clinical Characteristics between Sports.","10.3390/diagnostics14090913","10.3390/diagnostics14090913"
"PubMed","doi","100","within_second_search","","The Association Between Age of First Exposure to American Football at a Young Age and Later-Life Health Issues in Healthy, Community-Dwelling Adults.","The Association Between Age of First Exposure to American Football at a Young Age and Later-Life Health Issues in Healthy, Community-Dwelling Adults.","10.1007/s40279-025-02239-w","10.1007/s40279-025-02239-w"
"PubMed","doi","100","within_second_search","","Solving Heat Stress in Sport: Intermittent Cold Air Exposure Mitigates Deterioration of the Autonomic Nervous System in American Football Athletes.","Solving Heat Stress in Sport: Intermittent Cold Air Exposure Mitigates Deterioration of the Autonomic Nervous System in American Football Athletes.","10.1249/mss.0000000000003686","10.1249/mss.0000000000003686"
"PubMed","doi","100","within_second_search","","Against the odds: exploring individuals' pushback mechanisms against commercialized football gambling.","Against the odds: exploring individuals' pushback mechanisms against commercialized football gambling.","10.3389/fpubh.2024.1325465","10.3389/fpubh.2024.1325465"
"PubMed","doi","100","within_second_search","","Descriptive analysis of injury types and incidence during futsal preseason across different competitive levels.","Descriptive analysis of injury types and incidence during futsal preseason across different competitive levels.","10.3389/fspor.2024.1363006","10.3389/fspor.2024.1363006"
"PubMed","doi","100","within_second_search","","Exploring Injury Prevention Strategies for Futsal Players: A Systematic Review.","Exploring Injury Prevention Strategies for Futsal Players: A Systematic Review.","10.3390/healthcare12141387","10.3390/healthcare12141387"
"PubMed","doi","100","within_second_search","","Beyond PlayerLoad: Detection of Critical Moments and Injury Risk in Elite Women's Futsal.","Beyond PlayerLoad: Detection of Critical Moments and Injury Risk in Elite Women's Futsal.","10.3390/sports14010008","10.3390/sports14010008"
"PubMed","doi","100","within_second_search","","Strength, Agility, and Cardiorespiratory Fitness in Elite Male Futsal Players.","Strength, Agility, and Cardiorespiratory Fitness in Elite Male Futsal Players.","10.26603/001c.144051","10.26603/001c.144051"
"PubMed","doi","100","within_second_search","","Complex Ocular Injury Following Blunt Trauma in a Professional Adult Male Soccer Player: A Case Report.","Complex Ocular Injury Following Blunt Trauma in a Professional Adult Male Soccer Player: A Case Report.","10.7759/cureus.71677","10.7759/cureus.71677"
"PubMed","doi","100","within_second_search","","Physical Training Considerations for Futsal Players According to Strength and Conditioning Coaches: A Qualitative Study.","Physical Training Considerations for Futsal Players According to Strength and Conditioning Coaches: A Qualitative Study.","10.3390/sports13040126","10.3390/sports13040126"
"PubMed","doi","100","within_second_search","","Segmental External Load in Linear Running in Elite Futsal Players: A Multifactorial and Individual Variability Analysis Using Linear Mixed Models.","Segmental External Load in Linear Running in Elite Futsal Players: A Multifactorial and Individual Variability Analysis Using Linear Mixed Models.","10.3390/sports13080268","10.3390/sports13080268"
"PubMed","doi","100","within_second_search","","Factors Associated With a Successful Return to Performance After Anterior Cruciate Ligament Reconstruction: A Multiparametric Evaluation in Soccer Players.","Factors Associated With a Successful Return to Performance After Anterior Cruciate Ligament Reconstruction: A Multiparametric Evaluation in Soccer Players.","10.1177/23259671241275663","10.1177/23259671241275663"
"PubMed","doi","100","within_second_search","","Return to Soccer After Anterior Cruciate Ligament Reconstruction: An Outcome or a Decision?","Return to Soccer After Anterior Cruciate Ligament Reconstruction: An Outcome or a Decision?.","10.1177/23259671241295834","10.1177/23259671241295834"
"PubMed","doi","100","within_second_search","","Editorial: Performance enhancement and injury mitigation in futsal.","Editorial: Performance enhancement and injury mitigation in futsal.","10.3389/fspor.2024.1446031","10.3389/fspor.2024.1446031"
"PubMed","doi","100","within_second_search","","The effect of football (soccer) heading on gross and fine motor control in women.","The effect of football (soccer) heading on gross and fine motor control in women.","10.3389/fspor.2025.1620442","10.3389/fspor.2025.1620442"
"PubMed","doi","100","within_second_search","","A Rehabilitation Algorithm After Lateral Ankle Sprains in Professional Football (Soccer): An Approach Based on Clinical Practice Guidelines.","A Rehabilitation Algorithm After Lateral Ankle Sprains in Professional Football (Soccer): An Approach Based on Clinical Practice Guidelines.","10.26603/001c.120205","10.26603/001c.120205"
"PubMed","doi","100","within_second_search","","Enhancing Protocols for Concussion Management in Professional Soccer Events.","Enhancing Protocols for Concussion Management in Professional Soccer Events.","10.7759/cureus.64064","10.7759/cureus.64064"
"PubMed","doi","100","within_second_search","","Ankle Sprains in Brazilian Professional Soccer: Epidemiological Analysis of 126,357 Match Hours.","Ankle Sprains in Brazilian Professional Soccer: Epidemiological Analysis of 126,357 Match Hours.","10.1055/s-0044-1785660","10.1055/s-0044-1785660"
"PubMed","doi","100","within_second_search","","Functional Design and Clinical Implications of Modern Soccer Footwear: A Comprehensive Narrative Review.","Functional Design and Clinical Implications of Modern Soccer Footwear: A Comprehensive Narrative Review.","10.3390/jfmk11010062","10.3390/jfmk11010062"
"PubMed","doi","100","within_second_search","","Risk Factors of Ankle Sprain in Soccer Players: A Systematic Review and Meta-Analysis.","Risk Factors of Ankle Sprain in Soccer Players: A Systematic Review and Meta-Analysis.","10.3390/sports13040105","10.3390/sports13040105"
"PubMed","doi","100","within_second_search","","Sport-related concussion in Brazilian professional soccer: A four-year prospective epidemiological analysis.","Sport-related concussion in Brazilian professional soccer: A four-year prospective epidemiological analysis.","10.1016/j.smhs.2024.07.001","10.1016/j.smhs.2024.07.001"
"PubMed","doi","100","within_second_search","","Potential Concussion Events of a Leading Team in the Spanish Male Professional Soccer League: Incidence, Refereeing Actions, Medical Consequences and Return-to-Play.","Potential Concussion Events of a Leading Team in the Spanish Male Professional Soccer League: Incidence, Refereeing Actions, Medical Consequences and Return-to-Play.","10.1186/s40798-025-00914-w","10.1186/s40798-025-00914-w"
"PubMed","doi","100","within_second_search","","Protective Equipment in Football: A Review of History, Evolution, Materials, and Contemporary Use.","Protective Equipment in Football: A Review of History, Evolution, Materials, and Contemporary Use.","10.3390/sports13110392","10.3390/sports13110392"
"PubMed","doi","100","within_second_search","","A Narrative Review of Soccer-Related Concussion Management in Children and Adults Over the Past 10 Years.","A Narrative Review of Soccer-Related Concussion Management in Children and Adults Over the Past 10 Years.","10.7759/cureus.67510","10.7759/cureus.67510"
"PubMed","doi","100","within_second_search","","Predictors of Risk of Muscle Injury in Non-Professional Soccer Players: An Ambispective Cohort Study.","Predictors of Risk of Muscle Injury in Non-Professional Soccer Players: An Ambispective Cohort Study.","10.3390/sports12110314","10.3390/sports12110314"
"PubMed","doi","100","within_second_search","","Pediatric Concussion Injuries in Soccer: Emergency Department Trends in the United States From 2012 to 2023.","Pediatric Concussion Injuries in Soccer: Emergency Department Trends in the United States From 2012 to 2023.","10.1177/23259671241303180","10.1177/23259671241303180"
"PubMed","doi","100","within_second_search","","Epidemiology of Sports-Related Concussion in Japanese University Soccer Players.","Epidemiology of Sports-Related Concussion in Japanese University Soccer Players.","10.3390/brainsci14080827","10.3390/brainsci14080827"
"PubMed","doi","100","within_second_search","","Return to Play Assessment After Lateral Ankle Sprains - German Male Elite Youth Football (Soccer) Academy Baseline Data.","Return to Play Assessment After Lateral Ankle Sprains - German Male Elite Youth Football (Soccer) Academy Baseline Data.","10.26603/001c.120201","10.26603/001c.120201"
"PubMed","doi","100","within_second_search","","Psychological risk factors for a first hamstring strain injury in soccer: a qualitative study.","Psychological risk factors for a first hamstring strain injury in soccer: a qualitative study.","10.3389/fspor.2024.1377045","10.3389/fspor.2024.1377045"
"PubMed","doi","100","within_second_search","","Real-world implementation of the Copenhagen Adduction Exercise: what do football teams modify and why?","Real-world implementation of the Copenhagen Adduction Exercise: what do football teams modify and why?.","10.1136/bmjsem-2024-001982","10.1136/bmjsem-2024-001982"
"PubMed","doi","85","within_second_search","","SOCCER(Index): An Estimate of Recreational Soccer Players' Physical Ability by Health Status and Lifestyle Habits.","SOCCER Index : An Estimate of Recreational Soccer Players' Physical Ability by Health Status and Lifestyle Habits.","10.3390/sports14020068","10.3390/sports14020068"
"PubMed","doi","100","within_second_search","","ORTHOPEDIC INJURIES IN MEN'S PROFESSIONAL SOCCER DURING THE CORONAVIRUS DISEASE PANDEMIC.","ORTHOPEDIC INJURIES IN MEN'S PROFESSIONAL SOCCER DURING THE CORONAVIRUS DISEASE PANDEMIC.","10.1590/1413-785220243203e273510","10.1590/1413-785220243203e273510"
"PubMed","doi","100","within_second_search","","A prospective investigation of the effects of soccer heading on cognitive and sensorimotor performances in semi-professional female players.","A prospective investigation of the effects of soccer heading on cognitive and sensorimotor performances in semi-professional female players.","10.3389/fnhum.2024.1345868","10.3389/fnhum.2024.1345868"
"PubMed","doi","100","within_second_search","","Proprioceptive training methods (PTM) in female soccer players - a systematic review.","Proprioceptive training methods (PTM) in female soccer players - a systematic review.","10.1186/s13102-024-00892-8","10.1186/s13102-024-00892-8"
"PubMed","doi","100","within_second_search","","Relationships of lower extremity and trunk asymmetries in elite soccer players.","Relationships of lower extremity and trunk asymmetries in elite soccer players.","10.3389/fphys.2024.1343090","10.3389/fphys.2024.1343090"
"PubMed","doi","100","within_second_search","","Factors Associated With a Lateral Ankle Sprain in Young Female Soccer Players: A Prospective Cohort Study.","Factors Associated With a Lateral Ankle Sprain in Young Female Soccer Players: A Prospective Cohort Study.","10.1177/23259671231221481","10.1177/23259671231221481"
"PubMed","doi","100","within_second_search","","Velocity-Based Training in Soccer: A Brief Narrative Review with Practical Recommendations.","Velocity-Based Training in Soccer: A Brief Narrative Review with Practical Recommendations.","10.3390/jfmk10020106","10.3390/jfmk10020106"
"PubMed","doi","100","within_second_search","","If You Want to Prevent Hamstring Injuries in Soccer, Run Fast: A Narrative Review about Practical Considerations of Sprint Training.","If You Want to Prevent Hamstring Injuries in Soccer, Run Fast: A Narrative Review about Practical Considerations of Sprint Training.","10.3390/sports12050134","10.3390/sports12050134"
"PubMed","doi","100","within_second_search","","An Evaluation of the Balance Error Scoring System in Female Soccer Players Following Soccer Heading: A Pilot Study.","An Evaluation of the Balance Error Scoring System in Female Soccer Players Following Soccer Heading: A Pilot Study.","10.26603/001c.129460","10.26603/001c.129460"
"PubMed","doi","100","within_second_search","","Concussion history and virtual reality metrics predict core or lower extremity injury occurrence among high school athletes.","Concussion history and virtual reality metrics predict core or lower extremity injury occurrence among high school athletes.","10.3389/fspor.2024.1374772","10.3389/fspor.2024.1374772"
"PubMed","doi","100","within_second_search","","Potential Effects of Soccer Ball Characteristics on Ball-to-Head Contact: A Systematic Review.","Potential Effects of Soccer Ball Characteristics on Ball-to-Head Contact: A Systematic Review.","10.3390/jfmk9040210","10.3390/jfmk9040210"
"PubMed","doi","100","within_second_search","","The Impact of Injury on Career Progression in Elite Youth Football-Findings at 10 Years.","The Impact of Injury on Career Progression in Elite Youth Football-Findings at 10 Years.","10.3390/jcm13071915","10.3390/jcm13071915"
"PubMed","doi","100","within_second_search","","INJURIES DURING THE COVID-19 PANDEMIC IN THE 2021 PAULISTA SOCCER CHAMPIONSHIP IN BRAZIL.","INJURIES DURING THE COVID-19 PANDEMIC IN THE 2021 PAULISTA SOCCER CHAMPIONSHIP IN BRAZIL.","10.1590/1413-785220243206e279169","10.1590/1413-785220243206e279169"
"PubMed","doi","100","within_second_search","","The Influence of High Physical Demand on the Occurrence of Major Muscle and Ligament Injuries in Professional Soccer Athletes: A Systematic Review.","The Influence of High Physical Demand on the Occurrence of Major Muscle and Ligament Injuries in Professional Soccer Athletes: A Systematic Review.","10.1055/s-0044-1786171","10.1055/s-0044-1786171"
"PubMed","doi","100","within_second_search","","Slower but Not Safer: A Systematic Review and Meta-Analysis of Return to Play and Graft Re-Rupture After ACL Reconstruction in Professional Soccer Players.","Slower but Not Safer: A Systematic Review and Meta-Analysis of Return to Play and Graft Re-Rupture After ACL Reconstruction in Professional Soccer Players.","10.1186/s40798-025-00962-2","10.1186/s40798-025-00962-2"
"PubMed","doi","100","within_second_search","","Twelve Weeks of In-Season Strength Training at Moderate Intensities Improve Strength and Body Composition Without Increasing Muscle Damage or Inflammation in Elite Young Female Soccer Players.","Twelve Weeks of In-Season Strength Training at Moderate Intensities Improve Strength and Body Composition Without Increasing Muscle Damage or Inflammation in Elite Young Female Soccer Players.","10.3390/sports14040136","10.3390/sports14040136"
"PubMed","doi","100","within_second_search","","Effects of Neuromuscular Training Applied During Ramadan on Physical Fitness and Injury Prevention in Highly-Trained Male Youth Soccer Players.","Effects of Neuromuscular Training Applied During Ramadan on Physical Fitness and Injury Prevention in Highly-Trained Male Youth Soccer Players.","10.1186/s40798-025-00831-y","10.1186/s40798-025-00831-y"
"PubMed","doi","100","within_second_search","","A Diagnostic and Performance System for Soccer: Technical Design and Development.","A Diagnostic and Performance System for Soccer: Technical Design and Development.","10.3390/sports13010010","10.3390/sports13010010"
"PubMed","doi","100","within_second_search","","INCREASED INCIDENCE OF INJURIES IN THE SÃO PAULO SOCCER CHAMPIONSHIP POST-PANDEMIC.","INCREASED INCIDENCE OF INJURIES IN THE SAO PAULO SOCCER CHAMPIONSHIP POST-PANDEMIC.","10.1590/1413-785220243206e282994","10.1590/1413-785220243206e282994"
"PubMed","doi","100","within_second_search","","Oral Health Conditions and Physical Performance in Two Different Professional Team Sports in Germany: A Cross-Sectional Study.","Oral Health Conditions and Physical Performance in Two Different Professional Team Sports in Germany: A Cross-Sectional Study.","10.3390/sports13070206","10.3390/sports13070206"
"PubMed","doi","100","within_second_search","","Is It Possible to Improve Performance in Competition After an Adductor Longus Injury in Professional Football Players?","Is It Possible to Improve Performance in Competition After an Adductor Longus Injury in Professional Football Players?.","10.1123/jsr.2024-0028","10.1123/jsr.2024-0028"
"PubMed","doi","100","within_second_search","","Potential financial loss and risk factors for hamstring muscle injuries in elite male Brazilian soccer players: a season-long prospective cohort pilot study.","Potential financial loss and risk factors for hamstring muscle injuries in elite male Brazilian soccer players: a season-long prospective cohort pilot study.","10.3389/fspor.2024.1360452","10.3389/fspor.2024.1360452"
"PubMed","doi","100","within_second_search","","Association between Hip/Groin Pain and Hip ROM and Strength in Elite Female Soccer Players.","Association between Hip/Groin Pain and Hip ROM and Strength in Elite Female Soccer Players.","10.3390/jcm13185648","10.3390/jcm13185648"
"PubMed","doi","100","within_second_search","","Effects of a Preseason Neuromuscular Training Program vs. an Endurance-Dominated Program on Physical Fitness and Injury Prevention in Female Soccer Players.","Effects of a Preseason Neuromuscular Training Program vs. an Endurance-Dominated Program on Physical Fitness and Injury Prevention in Female Soccer Players.","10.1186/s40798-024-00731-7","10.1186/s40798-024-00731-7"
"PubMed","doi","100","within_second_search","","The Impact of Oral Health on the Number of Missing Matches and Physical Performance in Elite Male Soccer Players.","The Impact of Oral Health on the Number of Missing Matches and Physical Performance in Elite Male Soccer Players.","10.3390/sports13120417","10.3390/sports13120417"
"PubMed","doi","100","within_second_search","","Normative and limit values of speed, endurance and power tests results of young football players.","Normative and limit values of speed, endurance and power tests results of young football players.","10.3389/fphys.2024.1502694","10.3389/fphys.2024.1502694"
"PubMed","title_author_year","100","within_second_search","","Cross-sectional Evaluation of the Mechanical Axis and Other Angular Parameters of the Lower Limbs in Male Professional Soccer Players.","[Cross-sectional Evaluation of the Mechanical Axis and Other Angular Parameters of the Lower Limbs in Male Professional Soccer Players].","10.1055/s-0046-1818613","10.1055/s-0046-1818619"
"PubMed","doi","100","within_second_search","","Differences in isometric strength and sprinting speed of academy soccer players: a special interest in transition between the age groups and national team selected players.","Differences in isometric strength and sprinting speed of academy soccer players: a special interest in transition between the age groups and national team selected players.","10.3389/fspor.2025.1630522","10.3389/fspor.2025.1630522"
"PubMed","doi","100","within_second_search","","Higher Incidence and Longer Recovery Time from Non-Contact Muscle Injuries in ACTN3 XX Genotype Players from a Soccer Academy: A Three-Season Longitudinal Study.","Higher Incidence and Longer Recovery Time from Non-Contact Muscle Injuries in ACTN3 XX Genotype Players from a Soccer Academy: A Three-Season Longitudinal Study.","10.1186/s40798-026-00978-2","10.1186/s40798-026-00978-2"
"PubMed","doi","100","within_second_search","","Neurocognitive & Ecological Motor Learning Considerations for the 11+ ACL Injury Prevention Program: A Commentary.","Neurocognitive & Ecological Motor Learning Considerations for the 11+ ACL Injury Prevention Program: A Commentary.","10.26603/001c.123956","10.26603/001c.123956"
"PubMed","doi","100","within_second_search","","Effect of a Visual Dual-Task on Single-Leg Countermovement-Jump in Male Professional Soccer Players with Lower-Limb Injuries: A Cross-Sectional Observational Study.","Effect of a Visual Dual-Task on Single-Leg Countermovement-Jump in Male Professional Soccer Players with Lower-Limb Injuries: A Cross-Sectional Observational Study.","10.3390/sports13120419","10.3390/sports13120419"
"PubMed","doi","100","within_second_search","","Weekly Programming of Hamstring-Related Training Contents in European Professional Soccer.","Weekly Programming of Hamstring-Related Training Contents in European Professional Soccer.","10.3390/sports12030073","10.3390/sports12030073"
"PubMed","doi","100","within_second_search","","Hip adduction and abduction strength profiles in elite and sub-elite female soccer players according to players level and leg limb-dominance.","Hip adduction and abduction strength profiles in elite and sub-elite female soccer players according to players level and leg limb-dominance.","10.1186/s13102-024-00838-0","10.1186/s13102-024-00838-0"
"PubMed","doi","100","within_second_search","","Effects of In-Season Strength Training on Physical Fitness and Injury Prevention in North African Elite Young Female Soccer Players.","Effects of In-Season Strength Training on Physical Fitness and Injury Prevention in North African Elite Young Female Soccer Players.","10.1186/s40798-024-00762-0","10.1186/s40798-024-00762-0"
"PubMed","doi","100","within_second_search","","Evaluation of the impact of a 3-week specific-sport rehabilitation program on neuromotor control during single-leg countermovement-jump tests in professional soccer players with lower-limb injuries.","Evaluation of the impact of a 3-week specific-sport rehabilitation program on neuromotor control during single-leg countermovement-jump tests in professional soccer players with lower-limb injuries.","10.3389/fspor.2024.1448401","10.3389/fspor.2024.1448401"
"PubMed","doi","100","within_second_search","","Is the FIFA 11+ Warm-Up Effective for Inducing Acute Knee Adaptations in Recreational Soccer Players?","Is the FIFA 11+ Warm-Up Effective for Inducing Acute Knee Adaptations in Recreational Soccer Players?","10.3390/jfmk10020216","10.3390/jfmk10020216"
"PubMed","doi","100","within_second_search","","The principles of tactical formation identification in association football (soccer) - a survey.","The principles of tactical formation identification in association football (soccer) - a survey.","10.3389/fspor.2024.1512386","10.3389/fspor.2024.1512386"
"PubMed","doi","100","within_second_search","","A Narrative Review of the Velocity and Acceleration Profile in Football: The Influence of Playing Position.","A Narrative Review of the Velocity and Acceleration Profile in Football: The Influence of Playing Position.","10.3390/sports13010018","10.3390/sports13010018"
"PubMed","doi","100","within_second_search","","Anterior Cruciate Ligament Ruptures in Russian Premier League Soccer Players During the 2010 to 2021/2022 Competitive Seasons: The Epidemiology and Details of Return to Sports.","Anterior Cruciate Ligament Ruptures in Russian Premier League Soccer Players During the 2010 to 2021/2022 Competitive Seasons: The Epidemiology and Details of Return to Sports.","10.1177/23259671241261957","10.1177/23259671241261957"
"PubMed","doi","100","within_second_search","","Validating Field Methods to Estimate the Pelvic Tilt in Sprinting and the Relationship between Prior Hamstring Injury and the Pelvic Tilt in Elite Female Soccer Players.","Validating Field Methods to Estimate the Pelvic Tilt in Sprinting and the Relationship between Prior Hamstring Injury and the Pelvic Tilt in Elite Female Soccer Players.","10.5114/jhk/194851","10.5114/jhk/194851"
"PubMed","doi","100","within_second_search","","The Effect of Therapeutic Exercises and Ultrasound for Rehabilitation of Partially Injured Hamstring Muscles in Elite Soccer (Football) Players: A Study Protocol for a Randomized Controlled Trial.","The Effect of Therapeutic Exercises and Ultrasound for Rehabilitation of Partially Injured Hamstring Muscles in Elite Soccer (Football) Players: A Study Protocol for a Randomized Controlled Trial.","10.26603/001c.156100","10.26603/001c.156100"
"PubMed","doi","100","within_second_search","","The ""11 to Perf Score"", a Test for Professional Players Returning to Soccer After Anterior Cruciate Ligament Reconstruction.","The ""11 to Perf Score"", a Test for Professional Players Returning to Soccer After Anterior Cruciate Ligament Reconstruction.","10.3390/jcm14010011","10.3390/jcm14010011"
"PubMed","doi","100","within_second_search","","Afternoon kick-off, evening kick-off, or night kick-off in the first German Bundesliga - A possible Injury risk factor?","Afternoon kick-off, evening kick-off, or night kick-off in the first German Bundesliga - A possible Injury risk factor?.","10.1051/sicotj/2024049","10.1051/sicotj/2024049"
"PubMed","doi","100","within_second_search","","Match Injury Incidence for a New Zealand Amateur Domestic Female Soccer Team over Two Consecutive Seasons.","Match Injury Incidence for a New Zealand Amateur Domestic Female Soccer Team over Two Consecutive Seasons.","10.3390/sports12080216","10.3390/sports12080216"
"PubMed","doi","100","within_second_search","","Sport-related concussion in soccer -a scoping review of available guidelines and a call for action to FIFA & soccer governing bodies.","Sport-related concussion in soccer -a scoping review of available guidelines and a call for action to FIFA & soccer governing bodies.","10.1016/j.bas.2024.102763","10.1016/j.bas.2024.102763"
"PubMed","doi","100","within_second_search","","Ankle Stability and Single-Leg Balance Control in Collegiate Female Soccer Players versus Non-Soccer Players.","Ankle Stability and Single-Leg Balance Control in Collegiate Female Soccer Players versus Non-Soccer Players.","10.70252/cqmp3296","10.70252/cqmp3296"
"PubMed","doi","100","within_second_search","","Systematic video analysis of shoulder dislocations in professional male football (soccer): Injury mechanisms, situational and kinematic patterns.","Systematic video analysis of shoulder dislocations in professional male football (soccer): Injury mechanisms, situational and kinematic patterns.","10.1002/jeo2.70121","10.1002/jeo2.70121"
"PubMed","doi","100","within_second_search","","SoccHealth: a health status examination of former professional football (soccer) players within the German National Cohort.","SoccHealth: a health status examination of former professional football (soccer) players within the German National Cohort.","10.1136/bmjsem-2024-002228","10.1136/bmjsem-2024-002228"
"PubMed","doi","100","within_second_search","","Effects of plyometric jump training on measures of physical fitness and lower-limb asymmetries in prepubertal male soccer players: a randomized controlled trial.","Effects of plyometric jump training on measures of physical fitness and lower-limb asymmetries in prepubertal male soccer players: a randomized controlled trial.","10.1186/s13102-024-00821-9","10.1186/s13102-024-00821-9"
"PubMed","doi","100","within_second_search","","Functional Deficits in Non-elite Soccer (Football) Players: A Strength, Balance, and Movement Quality Assessment After Anterior Cruciate Ligament Reconstruction.","Functional Deficits in Non-elite Soccer (Football) Players: A Strength, Balance, and Movement Quality Assessment After Anterior Cruciate Ligament Reconstruction.","10.7759/cureus.75846","10.7759/cureus.75846"
"PubMed","doi","100","within_second_search","","Concomitant Popliteomeniscal Fascicles Tears Are Found in 21% of Professional Soccer Players With Acute Anterior Cruciate Ligament Injuries.","Concomitant Popliteomeniscal Fascicles Tears Are Found in 21% of Professional Soccer Players With Acute Anterior Cruciate Ligament Injuries.","10.1016/j.asmr.2024.100956","10.1016/j.asmr.2024.100956"
"PubMed","doi","100","within_second_search","","Lower HAGOS subscale scores associated with a longer duration of groin problems in football players in the subsequent season.","Lower HAGOS subscale scores associated with a longer duration of groin problems in football players in the subsequent season.","10.1136/bmjsem-2023-001812","10.1136/bmjsem-2023-001812"
"PubMed","doi","100","within_second_search","","Metabolic, cognitive and neuromuscular responses to different multidirectional agility-like sprint protocols in elite female soccer players - a randomised crossover study.","Metabolic, cognitive and neuromuscular responses to different multidirectional agility-like sprint protocols in elite female soccer players - a randomised crossover study.","10.1186/s13102-024-00856-y","10.1186/s13102-024-00856-y"
"PubMed","doi","100","within_second_search","","Effects of Pneumatic Compression and Manual Massage on Recovery and Performance in Elite Brazilian Under-20 Soccer Players: A Crossover Trial.","Effects of Pneumatic Compression and Manual Massage on Recovery and Performance in Elite Brazilian Under-20 Soccer Players: A Crossover Trial.","10.3390/sports13090304","10.3390/sports13090304"
"PubMed","doi","100","within_second_search","","Mitigating the Risks of Lower Extremity Injuries in Soccer: A Comprehensive Analysis of Lower Extremity Injury Rates in Soccer Between 2014 and 2023.","Mitigating the Risks of Lower Extremity Injuries in Soccer: A Comprehensive Analysis of Lower Extremity Injury Rates in Soccer Between 2014 and 2023.","10.52965/001c.122315","10.52965/001c.122315"
"PubMed","doi","100","within_second_search","","A new statistical approach to training load and injury risk: separating the acute from the chronic load.","A new statistical approach to training load and injury risk: separating the acute from the chronic load.","10.5114/biolsport.2024.127388","10.5114/biolsport.2024.127388"
"PubMed","doi","100","within_second_search","","The loading impact of training and match-play on non-contact muscle injuries in elite male soccer players. A seasonal analysis.","The loading impact of training and match-play on non-contact muscle injuries in elite male soccer players. A seasonal analysis.","10.5114/biolsport.2026.153305","10.5114/biolsport.2026.153305"
"PubMed","doi","100","within_second_search","","An exploratory qualitative study of the experiences of women in volunteer non-player roles in Australian community football clubs.","An exploratory qualitative study of the experiences of women in volunteer non-player roles in Australian community football clubs.","10.3389/fspor.2024.1448923","10.3389/fspor.2024.1448923"
"PubMed","doi","100","within_second_search","","Hamstring Strain Injury Patterns in Spanish Professional Male Football (Soccer): A Systematic Video Analysis of 78 Match Injuries.","Hamstring Strain Injury Patterns in Spanish Professional Male Football (Soccer): A Systematic Video Analysis of 78 Match Injuries.","10.3390/jfmk10020201","10.3390/jfmk10020201"
"PubMed","doi","100","within_second_search","","Analyzing the impact of non-participation in the FIFA World Cup Qatar 2022 on LaLiga players' physical performance.","Analyzing the impact of non-participation in the FIFA World Cup Qatar 2022 on LaLiga players' physical performance.","10.3389/fspor.2024.1385267","10.3389/fspor.2024.1385267"
"PubMed","doi","100","within_second_search","","Effects of Neuromuscular Training on Stable Versus Unstable Surfaces on Unilateral Force Production and Stability in Elite Male Soccer Players.","Effects of Neuromuscular Training on Stable Versus Unstable Surfaces on Unilateral Force Production and Stability in Elite Male Soccer Players.","10.3390/jfmk10040379","10.3390/jfmk10040379"
"PubMed","doi","100","within_second_search","","Epidemiology of Sports Injuries Among High School Athletes in the United States: Data From 2015 to 2019.","Epidemiology of Sports Injuries Among High School Athletes in the United States: Data From 2015 to 2019.","10.1177/23259671241252637","10.1177/23259671241252637"
"PubMed","doi","100","within_second_search","","Epidemiology of Non-Contact Muscle Injuries in the Italian Male Elite Under-19 Football (Soccer) Championship.","Epidemiology of Non-Contact Muscle Injuries in the Italian Male Elite Under-19 Football (Soccer) Championship.","10.1186/s40798-024-00738-0","10.1186/s40798-024-00738-0"
"PubMed","doi","100","within_second_search","","A comparison in knee flexor and extensor strength following ACL reconstruction in international, male soccer players receiving patellar tendon or hamstrings grafts.","A comparison in knee flexor and extensor strength following ACL reconstruction in international, male soccer players receiving patellar tendon or hamstrings grafts.","10.5114/biolsport.2024.129471","10.5114/biolsport.2024.129471"
"PubMed","doi","100","within_second_search","","Content Validity of a New Soccer (Football) Return-to-Play Test: The RONDO-TEST.","Content Validity of a New Soccer (Football) Return-to-Play Test: The RONDO-TEST.","10.3390/jfmk10010003","10.3390/jfmk10010003"
"PubMed","doi","100","within_second_search","","The Impact of Heat Exposure on the Health and Performance of Soccer Players: A Narrative Review and Bibliometric Analysis.","The Impact of Heat Exposure on the Health and Performance of Soccer Players: A Narrative Review and Bibliometric Analysis.","10.3390/sports12090249","10.3390/sports12090249"
"PubMed","doi","100","within_second_search","","Kinetic Variables as Indicators of Lower Limb Indirect Injury Risk in Professional Soccer: A Systematic Review.","Kinetic Variables as Indicators of Lower Limb Indirect Injury Risk in Professional Soccer: A Systematic Review.","10.3390/jfmk10020228","10.3390/jfmk10020228"
"PubMed","doi","100","within_second_search","","Impact of Sports on Female Growth and Pubertal Development: A Cohort Study.","Impact of Sports on Female Growth and Pubertal Development: A Cohort Study.","10.7759/cureus.75805","10.7759/cureus.75805"
"PubMed","doi","100","within_second_search","","Evolution of injury burden in Qatari professional football - 8 season data from the Aspetar Injury and Illness Surveillance Programme.","Evolution of injury burden in Qatari professional football — 8 season data from the Aspetar Injury and Illness Surveillance Programme.","10.5114/biolsport.2025.139089","10.5114/biolsport.2025.139089"
"PubMed","doi","100","within_second_search","","Exploring Growth, Maturity, and Age as Injury Risk Factors in High-Level Youth Football.","Exploring Growth, Maturity, and Age as Injury Risk Factors in High-Level Youth Football.","10.1055/a-2180-4594","10.1055/a-2180-4594"
"PubMed","doi","100","within_second_search","","Lower extremity movement quality in professional team sport athletes: Inter-rater agreement and relationships with quantitative results from the corresponding pattern.","Lower extremity movement quality in professional team sport athletes: Inter-rater agreement and relationships with quantitative results from the corresponding pattern.","10.1186/s13102-024-00886-6","10.1186/s13102-024-00886-6"
"PubMed","doi","100","within_second_search","","Injury Prevention Strategies in Female Football Players: Addressing Sex-Specific Risks.","Injury Prevention Strategies in Female Football Players: Addressing Sex-Specific Risks.","10.3390/sports13020039","10.3390/sports13020039"
"PubMed","doi","100","within_second_search","","The point prevalence of South African male soccer players' injuries in the Gauteng province.","The point prevalence of South African male soccer players' injuries in the Gauteng province.","10.17159/2078-516x/2024/v36i1a17653","10.17159/2078-516x/2024/v36i1a17653"
"PubMed","doi","100","within_second_search","","Long-Term Injury Survey in a Japanese University Women's Soccer Team.","Long-Term Injury Survey in a Japanese University Women's Soccer Team.","10.26603/001c.132248","10.26603/001c.132248"
"PubMed","doi","100","within_second_search","","Critical Fluctuations as an Early Warning Signal of Sports Injuries? A Proof of Concept Using Football Monitoring Data.","Critical Fluctuations as an Early Warning Signal of Sports Injuries? A Proof of Concept Using Football Monitoring Data.","10.1186/s40798-024-00787-5","10.1186/s40798-024-00787-5"
"PubMed","doi","100","within_second_search","","The isometric and isokinetic knee extension and flexion muscle strength profile of elite soccer players.","The isometric and isokinetic knee extension and flexion muscle strength profile of elite soccer players.","10.1186/s13102-024-00961-y","10.1186/s13102-024-00961-y"
"PubMed","doi","100","within_second_search","","Prevalence of Concomitant Injuries by Sport in Pediatric Patients With ACL Rupture.","Prevalence of Concomitant Injuries by Sport in Pediatric Patients With ACL Rupture.","10.1177/23259671241260051","10.1177/23259671241260051"
"PubMed","doi","100","within_second_search","","Mental Health in First- and Second-Division Soccer Players: A Cross-Sectional Study.","Mental Health in First- and Second-Division Soccer Players: A Cross-Sectional Study.","10.3390/sports12040106","10.3390/sports12040106"
"PubMed","doi","100","within_second_search","","Impact of lateral ankle sprains on physical function, range of motion, isometric strength and balance in professional soccer players.","Impact of lateral ankle sprains on physical function, range of motion, isometric strength and balance in professional soccer players.","10.1136/bmjsem-2024-002293","10.1136/bmjsem-2024-002293"
"PubMed","doi","100","within_second_search","","Knee and Hip Muscle Strength of Male Soccer Players from Different Competitive Levels.","Knee and Hip Muscle Strength of Male Soccer Players from Different Competitive Levels.","10.5114/jhk/185217","10.5114/jhk/185217"
"PubMed","doi","100","within_second_search","","Injury prevention in youth football (soccer): a comprehensive description of the development process of the 'FUNBALL' programme.","Injury prevention in youth football (soccer): a comprehensive description of the development process of the 'FUNBALL' programme.","10.1136/bmjsem-2024-002260","10.1136/bmjsem-2024-002260"
"PubMed","doi","100","within_second_search","","A criteria-based progressive rehabilitation program for rectus femoris strain in a recreational soccer player: a case report.","A criteria-based progressive rehabilitation program for rectus femoris strain in a recreational soccer player: a case report.","10.3389/fbioe.2024.1385786","10.3389/fbioe.2024.1385786"
"PubMed","doi","100","within_second_search","","Assessment of the Risk of Orthorexia Nervosa and Attitudes Towards Their Own Bodies among Amateur and Professional Soccer Players.","Assessment of the Risk of Orthorexia Nervosa and Attitudes Towards Their Own Bodies among Amateur and Professional Soccer Players.","10.5114/jhk/201971","10.5114/jhk/201971"
"PubMed","doi","100","within_second_search","","The role of playing position in soccer injury characteristics: evidence from sub-elite athletes.","The role of playing position in soccer injury characteristics: evidence from sub-elite athletes.","10.3389/fspor.2025.1542300","10.3389/fspor.2025.1542300"
"PubMed","doi","100","within_second_search","","Strength and dynamic balance performance in soccer players in the United States: age, sex, and bilateral differences.","Strength and dynamic balance performance in soccer players in the United States: age, sex, and bilateral differences.","10.3389/fspor.2025.1510803","10.3389/fspor.2025.1510803"
"PubMed","doi","100","within_second_search","","The Influence of Coronal Strike Stance Angle on Kicking Mechanics in Adolescent Female Soccer Players.","The Influence of Coronal Strike Stance Angle on Kicking Mechanics in Adolescent Female Soccer Players.","10.26603/001c.145881","10.26603/001c.145881"
"PubMed","doi","100","within_second_search","","Evaluation of injury rates in soccer players before, during, and after the COVID-19 pandemic.","Evaluation of injury rates in soccer players before, during, and after the COVID-19 pandemic.","10.1186/s13102-025-01233-z","10.1186/s13102-025-01233-z"
"PubMed","doi","100","within_second_search","","Did social isolation affect anxiety and sleep quality of elite soccer players during the COVID-19 lockdown? Comparisons to training before distancing in the pandemic and outlook for mental health.","Did social isolation affect anxiety and sleep quality of elite soccer players during the COVID-19 lockdown? Comparisons to training before distancing in the pandemic and outlook for mental health.","10.3389/fpsyg.2024.1490862","10.3389/fpsyg.2024.1490862"
"PubMed","doi","100","existing_extraction","S564","Impact of the COVID-19 pandemic on the psychological aspects and mental health of elite soccer athletes: a systematic review.","Impact of the COVID-19 pandemic on the psychological aspects and mental health of elite soccer athletes: a systematic review.","10.3389/fpsyg.2023.1295652","10.3389/fpsyg.2023.1295652"
"PubMed","doi","100","within_second_search","","Core stability is associated with dynamic postural balance in soccer players experiencing groin pain without time-loss.","Core stability is associated with dynamic postural balance in soccer players experiencing groin pain without time-loss.","10.1016/j.jor.2024.02.038","10.1016/j.jor.2024.02.038"
"PubMed","doi","100","within_second_search","","Perceptual Response Training for Reduction of Injury Risk Among High School Girls' Soccer Players.","Perceptual Response Training for Reduction of Injury Risk Among High School Girls' Soccer Players.","10.3390/brainsci14111091","10.3390/brainsci14111091"
"PubMed","doi","100","within_second_search","","Characterization of the External Load of Soccer Goalkeepers Depending on the Category and Sports Context.","Characterization of the External Load of Soccer Goalkeepers Depending on the Category and Sports Context.","10.3390/sports12120318","10.3390/sports12120318"
"PubMed","doi","100","within_second_search","","Examining the Prevalence of Anterior Cruciate Ligament Injuries on Artificial Turf Surfaces Compared to Natural Grass Surfaces in Athletes: A Scoping Review.","Examining the Prevalence of Anterior Cruciate Ligament Injuries on Artificial Turf Surfaces Compared to Natural Grass Surfaces in Athletes: A Scoping Review.","10.7759/cureus.63770","10.7759/cureus.63770"
"PubMed","doi","100","within_second_search","","Effect of Soccer Boot Outsole Configuration on Translational Traction Across Both Natural and Artificial Playing Surfaces.","Effect of Soccer Boot Outsole Configuration on Translational Traction Across Both Natural and Artificial Playing Surfaces.","10.1177/23259671241259823","10.1177/23259671241259823"
"PubMed","doi","100","within_second_search","","Integrating Electroencephalography with Motophysic training: Assessing the shift in fitness and cognitive functions in elite youth soccer players.","Integrating Electroencephalography with Motophysic training: Assessing the shift in fitness and cognitive functions in elite youth soccer players.","10.1016/j.heliyon.2024.e34342","10.1016/j.heliyon.2024.e34342"
"PubMed","doi","100","within_second_search","","Normative Hamstrings and Quadriceps Isometric Strength Values and Hamstrings-Quadriceps Asymmetry in Healthy Collegiate Soccer and Basketball Players.","Normative Hamstrings and Quadriceps Isometric Strength Values and Hamstrings-Quadriceps Asymmetry in Healthy Collegiate Soccer and Basketball Players.","10.70252/kozo5621","10.70252/kozo5621"
"PubMed","doi","100","within_second_search","","Effects of an 8-week pre-season targeted training on sprinting performance, agility and lower limb muscular asymmetries in elite soccer players.","Effects of an 8-week pre-season targeted training on sprinting performance, agility and lower limb muscular asymmetries in elite soccer players.","10.5114/biolsport.2024.134754","10.5114/biolsport.2024.134754"
"PubMed","doi","100","within_second_search","","Seasonal Comparison of Pre-Adolescent Soccer Players' Physical Performance Using an Objective Physical Test Battery.","Seasonal Comparison of Pre-Adolescent Soccer Players' Physical Performance Using an Objective Physical Test Battery.","10.3390/jfmk9030166","10.3390/jfmk9030166"
"PubMed","doi","100","within_second_search","","Is there a relationship between static postural control and core stability? A cross-sectional study in soccer players with groin pain.","Is there a relationship between static postural control and core stability? A cross-sectional study in soccer players with groin pain.","10.1016/j.jor.2023.11.036","10.1016/j.jor.2023.11.036"
"PubMed","doi","100","within_second_search","","Fascia and Muscle Stiffness in Soccer Athletes with and Without Previous Hamstring Injury.","Fascia and Muscle Stiffness in Soccer Athletes with and Without Previous Hamstring Injury.","10.3390/jfmk10010048","10.3390/jfmk10010048"
"PubMed","doi","100","within_second_search","","The Influence of Individualization in External Load Control on Anaerobic Performance in a Women's Soccer Team.","The Influence of Individualization in External Load Control on Anaerobic Performance in a Women's Soccer Team.","10.3390/sports14040138","10.3390/sports14040138"
"PubMed","doi","100","within_second_search","","Performance and healthcare analysis in elite sports teams using artificial intelligence: a scoping review.","Performance and healthcare analysis in elite sports teams using artificial intelligence: a scoping review.","10.3389/fspor.2024.1383723","10.3389/fspor.2024.1383723"
"PubMed","doi","100","within_second_search","","Return to performance: machine learning insights into how absence time following muscle injuries affects match running performance in LaLiga soccer players.","Return to performance: machine learning insights into how absence time following muscle injuries affects match running performance in LaLiga soccer players.","10.5114/biolsport.2025.151651","10.5114/biolsport.2025.151651"
"PubMed","doi","100","within_second_search","","Foot Morphology and Plantar Pressures in Elite Male Soccer Players-A Baropodometric On-Field Dynamic Assessment.","Foot Morphology and Plantar Pressures in Elite Male Soccer Players—A Baropodometric On-Field Dynamic Assessment.","10.3390/sports13110408","10.3390/sports13110408"
"PubMed","doi","100","within_second_search","","A systematic review and meta-analysis of various injury prevention programs in youth soccer players.","A systematic review and meta-analysis of various injury prevention programs in youth soccer players.","10.1186/s13102-025-01246-8","10.1186/s13102-025-01246-8"
"PubMed","doi","100","within_second_search","","Multifactorial Thresholds of Psychomotor Fatigue in Soccer: A Systematic Review and Meta-Analysis of Randomized Controlled Trials.","Multifactorial Thresholds of Psychomotor Fatigue in Soccer: A Systematic Review and Meta-Analysis of Randomized Controlled Trials.","10.5114/jhk/212912","10.5114/jhk/212912"
"PubMed","doi","100","within_second_search","","Dietary intake and adherence to the Mediterranean diet in semi-professional female soccer players: a cross-sectional study.","Dietary intake and adherence to the Mediterranean diet in semi-professional female soccer players: a cross-sectional study.","10.3389/fnut.2024.1378365","10.3389/fnut.2024.1378365"
"PubMed","doi","100","within_second_search","","Injuries according to sexual maturity status: a three-season observational study with male academy players of a professional Spanish football club.","Injuries according to sexual maturity status: a three-season observational study with male academy players of a professional Spanish football club.","10.5114/biolsport.2026.154143","10.5114/biolsport.2026.154143"
"PubMed","doi","100","within_second_search","","Maximal Strength Testing Using the Long-Lever Hip Adduction Squeeze Test in Youth Elite Football (Soccer) Players: A Four-Week Reliability Study.","Maximal Strength Testing Using the Long-Lever Hip Adduction Squeeze Test in Youth Elite Football (Soccer) Players: A Four-Week Reliability Study.","10.26603/001c.138472","10.26603/001c.138472"
"PubMed","doi","100","within_second_search","","Hamstring T-Junction Surgical Repair: An Elite Footballer's Return to Play Journey Through a New Football-Centered Complex Approach.","Hamstring T-Junction Surgical Repair: An Elite Footballer's Return to Play Journey Through a New Football-Centered Complex Approach.","10.26603/001c.134126","10.26603/001c.134126"
"PubMed","doi","100","within_second_search","","Systematic video analysis of ACL injuries in professional Spanish male football (soccer): injury mechanisms, situational patterns, biomechanics and neurocognitive errors - a study on 115 consecutive cases.","Systematic video analysis of ACL injuries in professional Spanish male football (soccer): injury mechanisms, situational patterns, biomechanics and neurocognitive errors - a study on 115 consecutive cases.","10.1136/bmjsem-2024-002149","10.1136/bmjsem-2024-002149"
"PubMed","doi","100","within_second_search","","The Spine is the Tree of Life: A Systematic Review and Meta-Analysis of the Radiographic Findings Related to Spinal Injuries in Athletes.","The Spine is the Tree of Life: A Systematic Review and Meta-Analysis of the Radiographic Findings Related to Spinal Injuries in Athletes.","10.7759/cureus.58780","10.7759/cureus.58780"
"PubMed","doi","100","within_second_search","","Factors Affecting Outcomes and Complications of Primary Anterior Cruciate Ligament Reconstruction: A Retrospective Study of 110 Patients.","Factors Affecting Outcomes and Complications of Primary Anterior Cruciate Ligament Reconstruction: A Retrospective Study of 110 Patients.","10.1177/23259671241279423","10.1177/23259671241279423"
"PubMed","doi","100","within_second_search","","Can We Predict Adductor Strain? A Predictive Analysis of a Major League Soccer (MLS) Cohort Spanning from 2019 to 2022.","Can We Predict Adductor Strain? A Predictive Analysis of a Major League Soccer (MLS) Cohort Spanning from 2019 to 2022.","10.3390/jfmk11010108","10.3390/jfmk11010108"
"PubMed","doi","100","within_second_search","","Exploring the effects of combined Nordic and reverse Nordic hamstring exercises on physical fitness in prepubertal male soccer players.","Exploring the effects of combined Nordic and reverse Nordic hamstring exercises on physical fitness in prepubertal male soccer players.","10.3389/fspor.2026.1717594","10.3389/fspor.2026.1717594"
"PubMed","doi","100","within_second_search","","Training Load, Mileage, and Perceived Exertion as a Predictive Model of Injury and Illness in Women's Soccer.","Training Load, Mileage, and Perceived Exertion as a Predictive Model of Injury and Illness in Women's Soccer.","10.3390/sports13110411","10.3390/sports13110411"
"PubMed","doi","100","within_second_search","","Kinetic analysis of change of direction simulating a defensive action in soccer players with and without acute fatigue.","Kinetic analysis of change of direction simulating a defensive action in soccer players with and without acute fatigue.","10.1016/j.heliyon.2024.e40213","10.1016/j.heliyon.2024.e40213"
"PubMed","doi","100","within_second_search","","Neuromuscular Rehabilitation of the Brachioradialis Muscle after Distal Radius Fracture in Two Professional Soccer Players Using Electromyographic Biofeedback.","Neuromuscular Rehabilitation of the Brachioradialis Muscle after Distal Radius Fracture in Two Professional Soccer Players Using Electromyographic Biofeedback.","10.3390/muscles3010003","10.3390/muscles3010003"
"PubMed","doi","100","within_second_search","","Nonsurgical Management of Adductor-related groin pain with Ultrasound-Guided Platelet-Rich Plasma Injection and Physical Therapy in a Competitive Soccer Player: A Case Report.","Nonsurgical Management of Adductor-related groin pain with Ultrasound-Guided Platelet-Rich Plasma Injection and Physical Therapy in a Competitive Soccer Player: A Case Report.","10.26603/001c.120209","10.26603/001c.120209"
"PubMed","doi","100","within_second_search","","More injury stoppage time in women compared to men in elite level football tournaments: Retrospective comparison of match injuries in 2018 FIFA Men's World Cup and 2019 FIFA Women's World Cup.","More injury stoppage time in women compared to men in elite level football tournaments: Retrospective comparison of match injuries in 2018 FIFA Men's World Cup and 2019 FIFA Women's World Cup.","10.5114/biolsport.2025.139854","10.5114/biolsport.2025.139854"
"PubMed","doi","100","within_second_search","","The Incidence of Sport-Related Anterior Cruciate Ligament Injuries: An Overview of Systematic Reviews Including 51 Meta-Analyses.","The Incidence of Sport-Related Anterior Cruciate Ligament Injuries: An Overview of Systematic Reviews Including 51 Meta-Analyses.","10.3390/jfmk10020174","10.3390/jfmk10020174"
"PubMed","doi","100","within_second_search","","External training load and performance recovery after small-sided games in soccer: Insights for return-to-play management.","External training load and performance recovery after small-sided games in soccer: Insights for return-to-play management.","10.3934/publichealth.2024016","10.3934/publichealth.2024016"
"PubMed","doi","100","within_second_search","","Sleep disturbance and brain health in professional association footballers.","Sleep disturbance and brain health in professional association footballers.","10.3389/fspor.2025.1713730","10.3389/fspor.2025.1713730"
"PubMed","doi","100","within_second_search","","Achilles Tendon Pain in Male Professional Football Players - A Prospective Five-Season Study of 88 Injuries from the UEFA Elite Club Injury Study.","Achilles Tendon Pain in Male Professional Football Players - A Prospective Five-Season Study of 88 Injuries from the UEFA Elite Club Injury Study.","10.2147/oajsm.s493843","10.2147/oajsm.s493843"
"PubMed","doi","100","within_second_search","","Impact of Four-Match Congestion on the Well-Being of Under-16 Male Soccer Players.","Impact of Four-Match Congestion on the Well-Being of Under-16 Male Soccer Players.","10.3390/sports13070209","10.3390/sports13070209"
"PubMed","doi","100","within_second_search","","Association Between Total Genotype Score and Muscle Injuries in Top-Level Football Players: a Pilot Study.","Association Between Total Genotype Score and Muscle Injuries in Top-Level Football Players: a Pilot Study.","10.1186/s40798-024-00682-z","10.1186/s40798-024-00682-z"
"PubMed","doi","100","within_second_search","","Therapeutic Effects of Capacitive and Resistive Monopolar Radiofrequency on Muscle Stiffness and Local Hemodynamics of the Rectus Femoris: A Randomized Crossover Study of Female University Soccer Players.","Therapeutic Effects of Capacitive and Resistive Monopolar Radiofrequency on Muscle Stiffness and Local Hemodynamics of the Rectus Femoris: A Randomized Crossover Study of Female University Soccer Players.","10.26603/001c.160166","10.26603/001c.160166"
"PubMed","doi","100","within_second_search","","Implementation and utility of an online psychological assessment tool in youth soccer players: a one-year longitudinal study.","Implementation and utility of an online psychological assessment tool in youth soccer players: a one-year longitudinal study.","10.3389/fspor.2026.1733902","10.3389/fspor.2026.1733902"
"PubMed","doi","100","within_second_search","","Comparative effects of 9-month in-season resistance training with a novel periodization approach (integral periodization) vs. a traditional approach on high-intensity actions and non-contact injuries in young, trained soccer players.","Comparative effects of 9-month in-season resistance training with a novel periodization approach (integral periodization) vs. a traditional approach on high-intensity actions and non-contact injuries in young, trained soccer players.","10.5114/biolsport.2025.151649","10.5114/biolsport.2025.151649"
"PubMed","doi","100","within_second_search","","Hip Muscle Strength Ratios Predicting Groin Injury in Male Soccer Players Using Machine Learning and Multivariate Analysis-A Prospective Cohort Study.","Hip Muscle Strength Ratios Predicting Groin Injury in Male Soccer Players Using Machine Learning and Multivariate Analysis-A Prospective Cohort Study.","10.3390/muscles3030026","10.3390/muscles3030026"
"PubMed","doi","100","within_second_search","","Reasons why selected young female and male football players drop out on their path to the elite senior level.","Reasons why selected young female and male football players drop out on their path to the elite senior level.","10.3389/fspor.2025.1703101","10.3389/fspor.2025.1703101"
"PubMed","doi","100","within_second_search","","Comparison of the worst-case scenarios between training and competition weeks for each playing position in an elite football season.","Comparison of the worst-case scenarios between training and competition weeks for each playing position in an elite football season.","10.5114/biolsport.2025.148538","10.5114/biolsport.2025.148538"
"PubMed","doi","100","within_second_search","","3D Kinematics of Male and Female Soccer Players for a Variety of Game-Specific Skills.","3D Kinematics of Male and Female Soccer Players for a Variety of Game-Specific Skills.","10.1155/2024/9588416","10.1155/2024/9588416"
"PubMed","doi","100","within_second_search","","Consensus of Return-to-Play Criteria After Adductor Longus Injury in Professional Soccer.","Consensus of Return-to-Play Criteria After Adductor Longus Injury in Professional Soccer.","10.3390/sports13050134","10.3390/sports13050134"
"PubMed","doi","100","within_second_search","","Comparison of two implementation strategies for anterior cruciate ligament injury prevention in amateur girls' youth soccer: a prospective cohort study.","Comparison of two implementation strategies for anterior cruciate ligament injury prevention in amateur girls' youth soccer: a prospective cohort study.","10.1136/bmjsem-2024-002031","10.1136/bmjsem-2024-002031"
"PubMed","doi","100","within_second_search","","Knee Mechanics, Strength and Flexibility: Assessing Injury Risk in Female Adolescent Soccer Players.","Knee Mechanics, Strength and Flexibility: Assessing Injury Risk in Female Adolescent Soccer Players.","10.3390/jfmk10010077","10.3390/jfmk10010077"
"PubMed","doi","91","within_second_search","","Influences of fatigue and anticipation on female soccer players' biomechanical characteristics during 180° pivot turn: implication for risk and prevention of anterior cruciate ligament injury.","Influences of fatigue and anticipation on female soccer players' biomechanical characteristics during 180degree pivot turn: implication for risk and prevention of anterior cruciate ligament injury.","10.3389/fphys.2024.1424092","10.3389/fphys.2024.1424092"
"PubMed","doi","100","within_second_search","","Hematological, Biochemical, and Performance Adaptations in Amateur Soccer Players Following a 4-Week Preseason Training Period.","Hematological, Biochemical, and Performance Adaptations in Amateur Soccer Players Following a 4-Week Preseason Training Period.","10.3390/jfmk10030314","10.3390/jfmk10030314"
"PubMed","doi","100","within_second_search","","Perceptions of the mouthguard in basketball, rugby, and soccer players. Qualitative study at a public university in Colombia.","Perceptions of the mouthguard in basketball, rugby, and soccer players. Qualitative study at a public university in Colombia.","10.1186/s13102-024-00903-8","10.1186/s13102-024-00903-8"
"PubMed","doi","100","within_second_search","","The Relationship between Functional Movement Quality and Speed, Agility, and Jump Performance in Elite Female Youth Football Players.","The Relationship between Functional Movement Quality and Speed, Agility, and Jump Performance in Elite Female Youth Football Players.","10.3390/sports12080214","10.3390/sports12080214"
"PubMed","doi","100","within_second_search","","Testing in Football: A Narrative Review.","Testing in Football: A Narrative Review.","10.3390/sports12110307","10.3390/sports12110307"
"PubMed","doi","100","within_second_search","","Physical and Muscular Performance in a Professional Soccer Player with a Posterior Cruciate Ligament Injury Following an Isokinetic Exercise Program: A Case Report.","Physical and Muscular Performance in a Professional Soccer Player with a Posterior Cruciate Ligament Injury Following an Isokinetic Exercise Program: A Case Report.","10.26603/001c.123471","10.26603/001c.123471"
"PubMed","doi","100","within_second_search","","Does the Eccentric Strength Profile of the Hamstrings Determine the Severity of Injury Sustained?","Does the Eccentric Strength Profile of the Hamstrings Determine the Severity of Injury Sustained?","10.26603/001c.142375","10.26603/001c.142375"
"PubMed","doi","100","within_second_search","","Seasonal Changes in Performance Metrics, Hormonal, Hematological, and Biochemical Markers Among Semi-Professional Soccer Players: Implications for Training and Recovery.","Seasonal Changes in Performance Metrics, Hormonal, Hematological, and Biochemical Markers Among Semi-Professional Soccer Players: Implications for Training and Recovery.","10.3390/jfmk10020147","10.3390/jfmk10020147"
"PubMed","doi","100","within_second_search","","Knee muscle strength, body composition, and balance performance of youth soccer players.","Knee muscle strength, body composition, and balance performance of youth soccer players.","10.1186/s13102-024-00966-7","10.1186/s13102-024-00966-7"
"PubMed","doi","100","within_second_search","","Can Unilateral Strength Training Optimize Change of Direction Mechanics and Mitigate Anterior Cruciate Ligament Injury Risk in Female Soccer Players? A Preliminary Pre-Post Intervention Study.","Can Unilateral Strength Training Optimize Change of Direction Mechanics and Mitigate Anterior Cruciate Ligament Injury Risk in Female Soccer Players? A Preliminary Pre–Post Intervention Study.","10.3390/sports13050135","10.3390/sports13050135"
"PubMed","doi","100","within_second_search","","Lower limbs kinematic analysis during a jump landing task in soccer players with unilateral anterior cruciate ligament reconstruction.","Lower limbs kinematic analysis during a jump landing task in soccer players with unilateral anterior cruciate ligament reconstruction.","10.1186/s13102-024-01012-2","10.1186/s13102-024-01012-2"
"PubMed","doi","100","within_second_search","","The Importance of Preventing and Managing Anterior Cruciate Ligament Injuries in Female Soccer Players.","The Importance of Preventing and Managing Anterior Cruciate Ligament Injuries in Female Soccer Players.","10.18502/ijph.v53i11.16965","10.18502/ijph.v53i11.16965"
"PubMed","doi","100","within_second_search","","Fixation of an Osteochondral Fragment with Autologous Bone Picks in the Knee - A Case Report.","Fixation of an Osteochondral Fragment with Autologous Bone Picks in the Knee - A Case Report.","10.1055/s-0044-1787550","10.1055/s-0044-1787550"
"PubMed","doi","100","within_second_search","","Prevalence of Eating Disorders and Self-Perception Concerning Body Composition Analysis among Elite Soccer Players.","Prevalence of Eating Disorders and Self-Perception Concerning Body Composition Analysis among Elite Soccer Players.","10.5114/jhk/194464","10.5114/jhk/194464"
"PubMed","doi","100","within_second_search","","Longitudinal cohort study on subsequent injury risk in professional football players in the Qatar Stars League: a probabilistic approach using basic learning.","Longitudinal cohort study on subsequent injury risk in professional football players in the Qatar Stars League: a probabilistic approach using basic learning.","10.5114/biolsport.2026.152345","10.5114/biolsport.2026.152345"
"PubMed","doi","100","within_second_search","","Reporting Quality of Meta-Analyses of Randomized Controlled Trials on Knee and Ankle Injury Prevention Programs in Football Players Using PRISMA 2020.","Reporting Quality of Meta-Analyses of Randomized Controlled Trials on Knee and Ankle Injury Prevention Programs in Football Players Using PRISMA 2020.","10.3390/sports13090283","10.3390/sports13090283"
"PubMed","doi","100","within_second_search","","Drop jump performance differences between ACL-injured and healthy semi-professional male soccer players.","Drop jump performance differences between ACL-injured and healthy semi-professional male soccer players.","10.3389/fspor.2025.1618284","10.3389/fspor.2025.1618284"
"PubMed","doi","100","within_second_search","","Bioelectrical Impedance Analysis in Professional and Semi-Professional Football: A Scoping Review.","Bioelectrical Impedance Analysis in Professional and Semi-Professional Football: A Scoping Review.","10.3390/sports13100348","10.3390/sports13100348"
"PubMed","doi","100","within_second_search","","Multivariate analysis of teams' physical performances in official football matches in LaLiga 2023-24.","Multivariate analysis of teams' physical performances in official football matches in LaLiga 2023–24.","10.5114/biolsport.2025.146784","10.5114/biolsport.2025.146784"
"PubMed","doi","100","within_second_search","","Ranking sports science and medicine interventions impacting team performance: a protocol for a systematic review and meta-analysis of observational studies in elite football.","Ranking sports science and medicine interventions impacting team performance: a protocol for a systematic review and meta-analysis of observational studies in elite football.","10.1136/bmjsem-2024-002196","10.1136/bmjsem-2024-002196"
"PubMed","doi","100","within_second_search","","Comparing the immediate effects of different neural mobilization exercises on hamstring flexibility in recreational soccer players.","Comparing the immediate effects of different neural mobilization exercises on hamstring flexibility in recreational soccer players.","10.1142/s1013702524500124","10.1142/s1013702524500124"
"PubMed","doi","100","within_second_search","","A new conceptual framework for managing hamstring injury risk in soccer - implementing a data-informed approach: a narrative review.","A new conceptual framework for managing hamstring injury risk in soccer – implementing a data-informed approach: a narrative review.","10.5114/biolsport.2025.151660","10.5114/biolsport.2025.151660"
"PubMed","doi","100","within_second_search","","Factors associated with the Single Leg Squat test in female soccer players: a cross-sectional study.","Factors associated with the Single Leg Squat test in female soccer players: a cross-sectional study.","10.1186/s13102-024-00853-1","10.1186/s13102-024-00853-1"
"PubMed","doi","100","within_second_search","","Inter-limb asymmetry across multiple soccer tasks varies with maturity status in young players: a cross-sectional study.","Inter-limb asymmetry across multiple soccer tasks varies with maturity status in young players: a cross-sectional study.","10.5114/biolsport.2026.154159","10.5114/biolsport.2026.154159"
"PubMed","doi","100","within_second_search","","Differences in Lumbopelvic Alignment in Adolescent Male Soccer Players With Bilateral and Unilateral Lumbar Bone Stress Injuries: An MRI Evaluation.","Differences in Lumbopelvic Alignment in Adolescent Male Soccer Players With Bilateral and Unilateral Lumbar Bone Stress Injuries: An MRI Evaluation.","10.1177/23259671241229692","10.1177/23259671241229692"
"PubMed","doi","100","within_second_search","","Comparing the Dominant and Non-Dominant Leg Strength of Division I Collegiate Female Cutting Athletes to Jumping Athletes: A Pilot Study.","Comparing the Dominant and Non-Dominant Leg Strength of Division I Collegiate Female Cutting Athletes to Jumping Athletes: A Pilot Study.","10.26603/001c.137955","10.26603/001c.137955"
"PubMed","doi","100","within_second_search","","Association of VDR Polymorphisms with Muscle Mass Development in Elite Young Soccer Players: A Pilot Study.","Association of VDR Polymorphisms with Muscle Mass Development in Elite Young Soccer Players: A Pilot Study.","10.3390/sports12090253","10.3390/sports12090253"
"PubMed","doi","100","within_second_search","","Changes in hair cortisol and oxytocin independently associate with positive and negative psychological states in female soccer players.","Changes in hair cortisol and oxytocin independently associate with positive and negative psychological states in female soccer players.","10.3389/fspor.2025.1742869","10.3389/fspor.2025.1742869"
"PubMed","doi","100","within_second_search","","Superiority of Dynamic Stretching over Static and Combined Stretching Protocols for Repeated Sprint Performance in Elite Male Soccer Players.","Superiority of Dynamic Stretching over Static and Combined Stretching Protocols for Repeated Sprint Performance in Elite Male Soccer Players.","10.3390/sports13080275","10.3390/sports13080275"
"PubMed","doi","100","within_second_search","","The Influence of Including Goalkeepers on the Intensity Demands of Walking Football Practice.","The Influence of Including Goalkeepers on the Intensity Demands of Walking Football Practice.","10.3390/sports12120346","10.3390/sports12120346"
"PubMed","doi","100","within_second_search","","The Quality of Life of Former Portuguese Football Players.","The Quality of Life of Former Portuguese Football Players.","10.3390/sports12080200","10.3390/sports12080200"
"PubMed","doi","100","within_second_search","","Injury Incidence in Community-Based Walking Football: A Four-Month Cohort Study of 6000+ Hours of Play.","Injury Incidence in Community-Based Walking Football: A Four-Month Cohort Study of 6000+ Hours of Play.","10.3390/sports13050150","10.3390/sports13050150"
"PubMed","doi","100","within_second_search","","Hamstring muscle injury is preceded by a short period of higher running demands in professional football players.","Hamstring muscle injury is preceded by a short period of higher running demands in professional football players.","10.5114/biolsport.2024.127387","10.5114/biolsport.2024.127387"
"PubMed","doi","100","within_second_search","","Non-contact injury incidence in professional women's football depends on the starting status of the player.","Non-contact injury incidence in professional women's football depends on the starting status of the player.","10.5114/biolsport.2025.145916","10.5114/biolsport.2025.145916"
"PubMed","doi","100","within_second_search","","Epidemiology and clinical characteristics of football injuries among academy players in Ghana.","Epidemiology and clinical characteristics of football injuries among academy players in Ghana.","10.1136/bmjsem-2022-001519","10.1136/bmjsem-2022-001519"
"PubMed","doi","100","within_second_search","","Insights into the personality of 193 German elite youth football players and potential implications for the development of motor performance and injury risk.","Insights into the personality of 193 German elite youth football players and potential implications for the development of motor performance and injury risk.","10.3389/fspor.2026.1713872","10.3389/fspor.2026.1713872"
"PubMed","doi","100","within_second_search","","Understanding the walking football population: sociodemographic, health, lifestyle, and participation insights from a national tournament cohort.","Understanding the walking football population: sociodemographic, health, lifestyle, and participation insights from a national tournament cohort.","10.3389/fspor.2025.1744101","10.3389/fspor.2025.1744101"
"PubMed","doi","100","within_second_search","","A Bibliometric Study on the Evolution of Women's Football and Determinants Behind Its Growth over the Last 30 Years.","A Bibliometric Study on the Evolution of Women's Football and Determinants Behind Its Growth over the Last 30 Years.","10.3390/sports12120333","10.3390/sports12120333"
"PubMed","doi","100","within_second_search","","Sport-related Concussion Can be Prevented by Injury Prevention Program: A Systematic Review and Meta-analysis of Prospective, Controlled Studies.","Sport-related Concussion Can be Prevented by Injury Prevention Program: A Systematic Review and Meta-analysis of Prospective, Controlled Studies.","10.1186/s40798-025-00936-4","10.1186/s40798-025-00936-4"
"PubMed","doi","100","within_second_search","","Injury and Illness Surveillance at the 2024 Hockey Australia U/18 National Championships.","Injury and Illness Surveillance at the 2024 Hockey Australia U/18 National Championships.","10.26603/001c.147059","10.26603/001c.147059"
"PubMed","doi","100","within_second_search","","Concussion in Female Athletes of Contact Sports: A Scoping Review.","Concussion in Female Athletes of Contact Sports: A Scoping Review.","10.1177/23259671241276447","10.1177/23259671241276447"
"PubMed","doi","100","within_second_search","","Surgical treatment of an old avulsion fracture of the ischial tuberosity and ischial ramus: A case report.","Surgical treatment of an old avulsion fracture of the ischial tuberosity and ischial ramus: A case report.","10.5312/wjo.v15.i1.94","10.5312/wjo.v15.i1.94"
"PubMed","doi","100","within_second_search","","Effects of Kinetic- and Kinematic-Oriented Change-of-Direction Training on Anterior Cruciate Ligament Risk Factors in Elite Soccer Players Under Fatigue.","Effects of Kinetic- and Kinematic-Oriented Change-of-Direction Training on Anterior Cruciate Ligament Risk Factors in Elite Soccer Players Under Fatigue.","10.1519/jsc.0000000000005320","10.1519/jsc.0000000000005320"
"PubMed","doi","100","within_second_search","","Tibial Tubercle Avulsion Fractures in Adolescence in Sports Injury about Four Cases Series.","Tibial Tubercle Avulsion Fractures in Adolescence in Sports Injury about Four Cases Series.","10.13107/jocr.2024.v14.i02.4202","10.13107/jocr.2024.v14.i02.4202"
"PubMed","doi","100","within_second_search","","Beyond Return-To-Sport: Mapping ACL Injury History in Currently Active Female Football Players From Youth to Senior Elite Level.","Beyond Return‐To‐Sport: Mapping ACL Injury History in Currently Active Female Football Players From Youth to Senior Elite Level.","10.1155/tsm2/4174828","10.1155/tsm2/4174828"
"PubMed","doi","100","within_second_search","","Air Pollution and Its Impact on Health and Performance in Football Players.","Air Pollution and Its Impact on Health and Performance in Football Players.","10.3390/sports13060170","10.3390/sports13060170"
"PubMed","doi","100","within_second_search","","Severe Injuries of Former Portuguese Football Players: A Post-Career Burden?","Severe Injuries of Former Portuguese Football Players: A Post-Career Burden?","10.3390/sports13010017","10.3390/sports13010017"
"PubMed","doi","100","within_second_search","","ACTN3 XX Genotype Negatively Affects Running Performance and Increases Muscle Injury Incidence in LaLiga Football Players.","ACTN3 XX Genotype Negatively Affects Running Performance and Increases Muscle Injury Incidence in LaLiga Football Players.","10.3390/genes15030386","10.3390/genes15030386"
"PubMed","doi","100","within_second_search","","The ACTN-3 c.1729C>T (rs1815739) Polymorphism Is Associated with Match-Play Maximal Running Speed in Elite Football Players: A Preliminary Report.","The ACTN-3 c.1729C>T (rs1815739) Polymorphism Is Associated with Match-Play Maximal Running Speed in Elite Football Players: A Preliminary Report.","10.3390/sports13090331","10.3390/sports13090331"
"PubMed","doi","100","within_second_search","","Physiological Benchmarks and Player Profiling in Elite Football: A Role-Specific Analysis Using T-Scores.","Physiological Benchmarks and Player Profiling in Elite Football: A Role-Specific Analysis Using T-Scores.","10.3390/sports13060181","10.3390/sports13060181"
"PubMed","doi","100","within_second_search","","Tibial Tuberosity Avulsion Fracture with Epiphyseal Injury in a Soccer Player: Treatment Options and Challenges.","Tibial Tuberosity Avulsion Fracture with Epiphyseal Injury in a Soccer Player: Treatment Options and Challenges.","10.13107/jocr.2024.v14.i01.4150","10.13107/jocr.2024.v14.i01.4150"
"PubMed","doi","100","within_second_search","","Inter- and intra-session variability of compression strain gauge for the adductor groin squeeze test on soccer athletes.","Inter- and intra-session variability of compression strain gauge for the adductor groin squeeze test on soccer athletes.","10.1049/htl2.12074","10.1049/htl2.12074"
"PubMed","doi","100","within_second_search","","Impact of unilateral single-mode balance training vs. combined balance and plyometric training on soccer players' interlimb asymmetry in balance and neuromuscular performance.","Impact of unilateral single-mode balance training vs. combined balance and plyometric training on soccer players' interlimb asymmetry in balance and neuromuscular performance.","10.3389/fspor.2026.1743152","10.3389/fspor.2026.1743152"
"PubMed","doi","100","within_second_search","","Impact of biological sex, concussion history and sport on baseline NeuroTracker performance in university varsity athletes.","Impact of biological sex, concussion history and sport on baseline NeuroTracker performance in university varsity athletes.","10.3389/fspor.2024.1372350","10.3389/fspor.2024.1372350"
"PubMed","doi","100","within_second_search","","Chronic traumatic encephalopathy in athletes, players, boxers and military: systematic review.","Chronic traumatic encephalopathy in athletes, players, boxers and military: Systematic review","10.1097/ms9.0000000000002693","10.1097/ms9.0000000000002693"
"PubMed","doi","100","within_second_search","","Identification of Performance Variables in Blind 5-A-Side Football: Physical Fitness, Physiological Responses, Technical-Tactical Actions and Recovery Variables: A Systematic Review.","Identification of Performance Variables in Blind 5-A-Side Football: Physical Fitness, Physiological Responses, Technical–Tactical Actions and Recovery Variables: A Systematic Review.","10.3390/sports14010003","10.3390/sports14010003"
"PubMed","doi","100","within_second_search","","Evaluating the Importance of Return to Sports and Hamstring Strength in a Discrete Choice Experiment for Anterior Cruciate Ligament Injury.","Evaluating the Importance of Return to Sports and Hamstring Strength in a Discrete Choice Experiment for Anterior Cruciate Ligament Injury.","10.1177/23259671241282657","10.1177/23259671241282657"
"PubMed","doi","100","within_second_search","","The Use of Biofluid Markers to Evaluate the Consequences of Sport-Related Subconcussive Head Impact Exposure: A Scoping Review.","The Use of Biofluid Markers to Evaluate the Consequences of Sport-Related Subconcussive Head Impact Exposure: A Scoping Review.","10.1186/s40798-023-00665-6","10.1186/s40798-023-00665-6"
"PubMed","doi","100","within_second_search","","Recovery from sport-induced muscle damage in relation to match-intervals in major events.","Recovery from sport-induced muscle damage in relation to match-intervals in major events.","10.3389/fspor.2024.1422986","10.3389/fspor.2024.1422986"
"PubMed","doi","100","within_second_search","","Associations Between Isokinetic Torque and External Load Metrics During Youth Soccer Matches.","Associations Between Isokinetic Torque and External Load Metrics During Youth Soccer Matches.","10.3390/sports13090311","10.3390/sports13090311"
"PubMed","doi","100","within_second_search","","Figure-of-Eight Cerclage With High-Resistance Sutures Plus InternalBrace as Treatment for Posterior Dislocation of the Sternoclavicular Joint: A Case Report.","Figure-of-Eight Cerclage With High-Resistance Sutures Plus InternalBrace as Treatment for Posterior Dislocation of the Sternoclavicular Joint: A Case Report.","10.7759/cureus.64400","10.7759/cureus.64400"
"PubMed","doi","100","within_second_search","","Male football players have better patient-reported outcomes after primary anterior cruciate ligament reconstruction compared with females.","Male football players have better patient-reported outcomes after primary anterior cruciate ligament reconstruction compared with females.","10.1186/s13102-024-00996-1","10.1186/s13102-024-00996-1"
"PubMed","doi","100","within_second_search","","Appendicular Lean Mass Index Using Dual-Energy X-Ray Absorptiometry (DEXA) in Professional Football: A Pilot Study of a New Method for Improved Inter-Operator Reproducibility and Analysis of Pelvi-Trochanteric Muscles.","Appendicular Lean Mass Index Using Dual-Energy X-Ray Absorptiometry (DEXA) in Professional Football: A Pilot Study of a New Method for Improved Inter-Operator Reproducibility and Analysis of Pelvi-Trochanteric Muscles.","10.3390/sports13090285","10.3390/sports13090285"
"PubMed","doi","100","within_second_search","","Vicryl Reaction Following Arthroscopic Surgery: A Case Report.","Vicryl Reaction Following Arthroscopic Surgery: A Case Report.","10.7759/cureus.65255","10.7759/cureus.65255"
"PubMed","doi","100","within_second_search","","Lower limb injuries and their association with anthropometrics - an observational study of 381 German elite youth football players.","Lower limb injuries and their association with anthropometrics - an observational study of 381 German elite youth football players.","10.1186/s13102-025-01190-7","10.1186/s13102-025-01190-7"
"PubMed","doi","100","within_second_search","","Effects of Different Moments of Inertia on Neuromuscular Performance in Elite Female Soccer Players During Hip Extension Exercise to Prevent Hamstring Asymmetries and Injuries: A Cross-Sectional Study.","Effects of Different Moments of Inertia on Neuromuscular Performance in Elite Female Soccer Players During Hip Extension Exercise to Prevent Hamstring Asymmetries and Injuries: A Cross-Sectional Study.","10.3390/sports13070212","10.3390/sports13070212"
"PubMed","doi","100","within_second_search","","A Case Report on a Syndesmotic Ankle Injury Treated With Arthrex TightRope.","A Case Report on a Syndesmotic Ankle Injury Treated With Arthrex TightRope.","10.7759/cureus.67185","10.7759/cureus.67185"
"PubMed","doi","100","within_second_search","","SPORT: A Novel Biopsychosocial Framework for Chronic Low Back Pain in a Young Athlete - A Case Report.","SPORT: A Novel Biopsychosocial Framework for Chronic Low Back Pain in a Young Athlete – A Case Report.","10.26603/001c.160513","10.26603/001c.160513"
"PubMed","doi","100","within_second_search","","A 13-year-old soccer player presenting with a Morel-Lavallee lesion of the knee: A case report and review of literature.","A 13-year-old soccer player presenting with a Morel-Lavallee lesion of the knee: A case report and review of literature.","10.1002/ccr3.9365","10.1002/ccr3.9365"
"PubMed","doi","100","within_second_search","","Is Plasma Total Antioxidant Capacity Elevated in Professional Soccer Athletes?: A Cross-Sectional Study.","Is Plasma Total Antioxidant Capacity Elevated in Professional Soccer Athletes?: A Cross-Sectional Study.","10.3390/sports14020045","10.3390/sports14020045"
"PubMed","doi","100","within_second_search","","Effects of Asymmetric and Symmetric Sport Load on Upper and Lower Extremity Strength and Balance: A Comparison Between the Dominant and Non-Dominant Side in Adolescent Female Athletes.","Effects of Asymmetric and Symmetric Sport Load on Upper and Lower Extremity Strength and Balance: A Comparison Between the Dominant and Non-Dominant Side in Adolescent Female Athletes.","10.3390/sports13030089","10.3390/sports13030089"
"PubMed","doi","100","within_second_search","","Comparison of Vertical Jump Force-Time Metrics Between ACL-Injured and Healthy Semi-Professional Male and Female Soccer Players.","Comparison of Vertical Jump Force-Time Metrics Between ACL-Injured and Healthy Semi-Professional Male and Female Soccer Players.","10.3390/sports12120339","10.3390/sports12120339"
"PubMed","doi","100","within_second_search","","Functional and Structural Long-Term Effects of Repetitive Instrument-Assisted Manual Therapy (IAMT) of the Lumbar Back on the Dorsal Myofascial Chain Among Female Soccer Players: A Randomized, Placebo-Controlled Pilot Trial.","Functional and Structural Long-Term Effects of Repetitive Instrument-Assisted Manual Therapy (IAMT) of the Lumbar Back on the Dorsal Myofascial Chain Among Female Soccer Players: A Randomized, Placebo-Controlled Pilot Trial.","10.7759/cureus.69337","10.7759/cureus.69337"
"PubMed","doi","100","within_second_search","","Intermediate Outcomes of Medial Ulnar Collateral Ligament Reconstruction Using Gracilis Allograft in Adolescent Patients.","Intermediate Outcomes of Medial Ulnar Collateral Ligament Reconstruction Using Gracilis Allograft in Adolescent Patients.","10.1177/23259671241228868","10.1177/23259671241228868"
"PubMed","doi","100","within_second_search","","Lower Extremity Kinematic and Kinetic Asymmetries during Countermovement Jumps in Healthy Division I Collegiate Athletes.","Lower Extremity Kinematic and Kinetic Asymmetries during Countermovement Jumps in Healthy Division I Collegiate Athletes.","10.1249/mss.0000000000003853","10.1249/mss.0000000000003853"
"PubMed","doi","100","within_second_search","","Irish dual career athlete transitions into the US collegiate system.","Irish dual career athlete transitions into the US collegiate system.","10.1016/j.psychsport.2026.103082","10.1016/j.psychsport.2026.103082"
"PubMed","doi","100","within_second_search","","A qualitative examination of the evolving role of sports technology in collegiate coaching.","A qualitative examination of the evolving role of sports technology in collegiate coaching.","10.3389/fspor.2025.1644099","10.3389/fspor.2025.1644099"
"PubMed","doi","100","within_second_search","","Implementing a scoping review to explore sport officials' mental health.","Implementing a scoping review to explore sport officials' mental health.","10.3389/fspor.2024.1436149","10.3389/fspor.2024.1436149"
"PubMed","doi","100","within_second_search","","Acute Compression of the Anterior Interosseous Nerve After a Proximal Both-Bone Forearm Fracture: A Case Report.","Acute Compression of the Anterior Interosseous Nerve After a Proximal Both-Bone Forearm Fracture: A Case Report.","10.7759/cureus.64084","10.7759/cureus.64084"
"PubMed","doi","100","within_second_search","","Reliability of lower limb strength assessment in female team sport athletes.","Reliability of lower limb strength assessment in female team sport athletes.","10.1016/j.ptsp.2024.06.006","10.1016/j.ptsp.2024.06.006"
"PubMed","doi","100","within_second_search","","Single joint posterior chain isometric testing using force plates: A systematic review of the methodologies and reliability of testing methods.","Single joint posterior chain isometric testing using force plates: A systematic review of the methodologies and reliability of testing methods.","10.1080/02640414.2025.2606621","10.1080/02640414.2025.2606621"
"PubMed","doi","100","within_second_search","","Pediatric Concussions in Contact Sports: A 10-Year Retrospective Analysis of Mechanisms and Associated Symptoms.","Pediatric Concussions in Contact Sports: A 10-Year Retrospective Analysis of Mechanisms and Associated Symptoms.","10.1177/23259671241262009","10.1177/23259671241262009"
"PubMed","doi","100","within_second_search","","Medial Malleolar Stress Fracture Treatment and Return to Activity: A Systematic Review.","Medial Malleolar Stress Fracture Treatment and Return to Activity: A Systematic Review.","10.1177/24730114241303463","10.1177/24730114241303463"
"PubMed","doi","100","within_second_search","","Autograft Choice and Jumping Performance After Anterior Cruciate Ligament Reconstruction: A Comparative Study on Professional Athletes.","Autograft Choice and Jumping Performance After Anterior Cruciate Ligament Reconstruction: A Comparative Study on Professional Athletes.","10.1177/23259671241278690","10.1177/23259671241278690"
"PubMed","doi","100","within_second_search","","Knee Biomechanics During Neurocognitively Challenged Drop Landings in Male Elite Soccer Players with Anterior Cruciate Ligament Reconstruction.","Knee Biomechanics During Neurocognitively Challenged Drop Landings in Male Elite Soccer Players with Anterior Cruciate Ligament Reconstruction.","10.1186/s40798-024-00685-w","10.1186/s40798-024-00685-w"
"PubMed","doi","100","within_second_search","","Myositis ossificans circumscripta of the thigh: A pediatric case report.","Myositis ossificans circumscripta of the thigh: A pediatric case report.","10.1016/j.radcr.2024.08.160","10.1016/j.radcr.2024.08.160"
"PubMed","doi","100","within_second_search","","Acute Simple Elbow Dislocations in the United States: An Epidemiological Analysis of Trends Including COVID-19.","Acute Simple Elbow Dislocations in the United States: An Epidemiological Analysis of Trends Including COVID-19.","10.7759/cureus.57781","10.7759/cureus.57781"
"PubMed","doi","100","within_second_search","","Low-Load Blood-flow Restriction Training for Medial Tibial Stress-Syndrome in Athletes: A Case Series.","Low-Load Blood-flow Restriction Training for Medial Tibial Stress-Syndrome in Athletes: A Case Series.","10.26603/001c.126963","10.26603/001c.126963"
"PubMed","doi","100","within_second_search","","Balancing the load: A narrative review with methodological implications of compensatory training strategies for non-starting soccer players.","Balancing the load: A narrative review with methodological implications of compensatory training strategies for non-starting soccer players.","10.5114/biolsport.2024.139071","10.5114/biolsport.2024.139071"
"PubMed","doi","100","within_second_search","","Management and subsequent outcomes of patellar sleeve injuries: A retrospective case series of 90 pediatric and adolescent patients.","Management and subsequent outcomes of patellar sleeve injuries: A retrospective case series of 90 pediatric and adolescent patients.","10.1177/18632521241228167","10.1177/18632521241228167"
"PubMed","doi","100","within_second_search","","Anxiety-Related Concussion Perceptions of Parents of Youth Athletes.","Anxiety-Related Concussion Perceptions of Parents of Youth Athletes.","10.4085/1062-6050-0579.23","10.4085/1062-6050-0579.23"
"PubMed","doi","100","within_second_search","","Interpersonal Coordination between Female Soccer Players: Leader-Follower Roles within a Collision-Avoidance Task.","Interpersonal Coordination between Female Soccer Players: Leader-Follower Roles within a Collision-Avoidance Task.","10.26603/001c.116156","10.26603/001c.116156"
"PubMed","doi","100","within_second_search","","The influence of dental occlusion on hamstring muscle isokinetic parameters in active competitive soccer athletes: a randomized controlled trial.","The influence of dental occlusion on hamstring muscle isokinetic parameters in active competitive soccer athletes: a randomized controlled trial.","10.3389/fspor.2025.1589934","10.3389/fspor.2025.1589934"
"PubMed","doi","100","within_second_search","","Operative Treatment of Ulnar Collateral Ligament Injury in Female Athletes.","Operative Treatment of Ulnar Collateral Ligament Injury in Female Athletes.","10.1177/23259671241235600","10.1177/23259671241235600"
"PubMed","doi","100","within_second_search","","The Role of MRI in Groin Pain Syndrome in Athletes.","The Role of MRI in Groin Pain Syndrome in Athletes.","10.3390/diagnostics14080814","10.3390/diagnostics14080814"
"PubMed","doi","100","within_second_search","","Combined ACL and Anterolateral Ligament Reconstruction Using an Adjustable-Loop Fixation Device: Surgical Technique.","Combined ACL and Anterolateral Ligament Reconstruction Using an Adjustable-Loop Fixation Device: Surgical Technique.","10.1177/26350254231218752","10.1177/26350254231218752"
"PubMed","doi","100","within_second_search","","Risk factors of metatarsal stress fracture associated with repetitive sports activities: a systematic review.","Risk factors of metatarsal stress fracture associated with repetitive sports activities: a systematic review.","10.3389/fbioe.2024.1435807","10.3389/fbioe.2024.1435807"
"PubMed","doi","100","within_second_search","","Between-Session Reliability of Athletic Performance and Injury Mitigation Measures in Female Adolescent Athletes in the United States.","Between-Session Reliability of Athletic Performance and Injury Mitigation Measures in Female Adolescent Athletes in the United States.","10.3390/life14070892","10.3390/life14070892"
"PubMed","doi","100","within_second_search","","Revolutionizing PIP joint fracture treatment: A case of surgical precision and rapid recovery.","Revolutionizing PIP joint fracture treatment: A case of surgical precision and rapid recovery.","10.1016/j.ijscr.2024.109813","10.1016/j.ijscr.2024.109813"
"PubMed","doi","100","within_second_search","","Anticipation and sequential demands influence on-field change-of-direction kinematics related to ACL injury risk.","Anticipation and sequential demands influence on-field change-of-direction kinematics related to ACL injury risk.","10.3389/fspor.2026.1659044","10.3389/fspor.2026.1659044"
"PubMed","doi","100","within_second_search","","A New Case Report of Traboulsi Syndrome: A Literature Review and Insights Into Genotype-Phenotype Correlations.","A New Case Report of Traboulsi Syndrome: A Literature Review and Insights Into Genotype-Phenotype Correlations.","10.3390/genes15091120","10.3390/genes15091120"
"PubMed","doi","100","within_second_search","","Non-surgical treatment of oblique diaphyseal fractures of the fourth and fifth metacarpals in a professional athlete: A case report.","Non-surgical treatment of oblique diaphyseal fractures of the fourth and fifth metacarpals in a professional athlete: A case report.","10.1016/j.ijscr.2024.109256","10.1016/j.ijscr.2024.109256"
"PubMed","doi","100","within_second_search","","Predictors of Anterior Cruciate Ligament Tears in Adolescents and Young Adults.","Predictors of Anterior Cruciate Ligament Tears in Adolescents and Young Adults.","10.1177/23259671241272699","10.1177/23259671241272699"
"PubMed","doi","100","within_second_search","","Random measurement and prediction errors limit the practical relevance of two velocity sensors to estimate the 1RM back squat.","Random measurement and prediction errors limit the practical relevance of two velocity sensors to estimate the 1RM back squat.","10.3389/fphys.2024.1435103","10.3389/fphys.2024.1435103"
"PubMed","doi","100","within_second_search","","Evaluating Muscle Damage Biomarkers in Adolescent Athletes: Implications for Public Health in Tacna, Peru-2023.","Evaluating Muscle Damage Biomarkers in Adolescent Athletes: Implications for Public Health in Tacna, Peru-2023.","10.3390/ijerph21111394","10.3390/ijerph21111394"
"PubMed","doi","100","within_second_search","","Biomechanical Model of Non-Contact Anterior Cruciate Ligament Injury Concerning Shin Angle and Field Surface Traction Parameters-With a Piezo2 Interpretation.","Biomechanical Model of Non-Contact Anterior Cruciate Ligament Injury Concerning Shin Angle and Field Surface Traction Parameters—With a Piezo2 Interpretation.","10.3390/sports13120414","10.3390/sports13120414"
"PubMed","doi","100","within_second_search","","Sports and Recreation-Related Wrist Fractures: An Epidemiological Study.","Sports and Recreation-Related Wrist Fractures: An Epidemiological Study.","10.7759/cureus.62177","10.7759/cureus.62177"
"PubMed","doi","100","within_second_search","","Regional changes in shear modulus of the biceps femoris long head following load application to the biceps femoris short head.","Regional changes in shear modulus of the biceps femoris long head following load application to the biceps femoris short head.","10.1016/j.jbiomech.2025.112947","10.1016/j.jbiomech.2025.112947"
"PubMed","doi","100","within_second_search","","Load Management Among Professional Hockey Goalies: A Retrospective Cohort Study.","Load Management Among Professional Hockey Goalies: A Retrospective Cohort Study.","10.1177/19417381241271556","10.1177/19417381241271556"
"PubMed","doi","100","within_second_search","","Paraspinal Muscle Stiffness during Hamstring Exercise Using Shear-Wave Elastography.","Paraspinal Muscle Stiffness during Hamstring Exercise Using Shear-Wave Elastography.","10.3390/sports12080199","10.3390/sports12080199"
"PubMed","doi","100","within_second_search","","Genetic vulnerability and adverse mental health outcomes following mild traumatic brain injury: a meta-analysis of CENTER-TBI and TRACK-TBI cohorts.","Genetic vulnerability and adverse mental health outcomes following mild traumatic brain injury: a meta-analysis of CENTER-TBI and TRACK-TBI cohorts.","10.1016/j.eclinm.2024.102956","10.1016/j.eclinm.2024.102956"
"PubMed","doi","100","within_second_search","","Comparative Electromyographic Activity of Hamstrings During Sprinting Versus Strengthening Exercises: Implications for Injury Prevention.","Comparative Electromyographic Activity of Hamstrings During Sprinting Versus Strengthening Exercises: Implications for Injury Prevention.","10.7759/cureus.66370","10.7759/cureus.66370"
"PubMed","doi","100","within_second_search","","Bucket Handle, Inside-Out Medial Meniscal Repair: A Technique Video.","Bucket Handle, Inside-Out Medial Meniscal Repair: A Technique Video.","10.1177/26350254251395686","10.1177/26350254251395686"
"PubMed","doi","100","within_second_search","","The validity and reliability of the My Jump 2 app for measuring vertical stiffness in male college players.","The validity and reliability of the My Jump 2 app for measuring vertical stiffness in male college players.","10.3389/fspor.2024.1405118","10.3389/fspor.2024.1405118"
"PubMed","doi","100","within_second_search","","Concussion Reduction in Division I and II Athletes: Effects of Simple Cervical Spine Exercise Regimen.","Concussion Reduction in Division I and II Athletes: Effects of Simple Cervical Spine Exercise Regimen.","10.7759/cureus.66058","10.7759/cureus.66058"
"PubMed","doi","100","within_second_search","","Thrombosis and Thrombotic Risk in Athletes.","Thrombosis and Thrombotic Risk in Athletes.","10.3390/jcm13164881","10.3390/jcm13164881"
"PubMed","doi","100","within_second_search","","Outcomes of ""Over the Top"" Anterior Cruciate Ligament Reconstruction Associated with a Lateral Extra-Articular Tenodesis in Children.","Outcomes of ""Over the Top"" Anterior Cruciate Ligament Reconstruction Associated with a Lateral Extra-Articular Tenodesis in Children.","10.3390/jcm13051501","10.3390/jcm13051501"
"PubMed","doi","100","within_second_search","","Transitioning to life after sport: empowering former college varsity athletes to live more healthfully.","Transitioning to life after sport: empowering former college varsity athletes to live more healthfully.","10.3389/fspor.2025.1713432","10.3389/fspor.2025.1713432"
"PubMed","doi","100","within_second_search","","Individual In-Situ GPS-Derived Acceleration-Speed Profiling: Toward Automatization and Refinement in Male Professional Rugby Union Players.","Individual In-Situ GPS-Derived Acceleration-Speed Profiling: Toward Automatization and Refinement in Male Professional Rugby Union Players.","10.1186/s40798-023-00672-7","10.1186/s40798-023-00672-7"
"PubMed","doi","100","within_second_search","","Injury Characteristics Among Japanese International Athletes: Report on the Pre-competition Medical Check-Up Data of the Japanese Olympic Committee.","Injury Characteristics Among Japanese International Athletes: Report on the Pre-competition Medical Check-Up Data of the Japanese Olympic Committee.","10.7759/cureus.72869","10.7759/cureus.72869"
"PubMed","title_author_year","100","within_second_search","","The Adolescent Athlete and the Team Physician: A Consensus Statement. 2025 Update.","The Adolescent Athlete and the Team Physician: A Consensus Statement. 2025 Update.","10.1249/mss.0000000000003863","10.1249/jsr.0000000000001321"
"PubMed","doi","100","within_second_search","","Don't forget to mind the mind: a prospective cohort study over 12 months on mental health symptoms in active professional male footballers.","Don't forget to mind the mind: a prospective cohort study over 12 months on mental health symptoms in active professional male footballers.","10.1186/s13102-024-01005-1","10.1186/s13102-024-01005-1"
"PubMed","doi","100","within_second_search","","Repetitive head injuries in German American football players do not change blood-based biomarker candidates for CTE during a single season.","Repetitive head injuries in German American football players do not change blood-based biomarker candidates for CTE during a single season.","10.1186/s42466-024-00307-6","10.1186/s42466-024-00307-6"
"PubMed","doi","100","within_second_search","","Comparing the healthy development of youth Australian Rules Footballers across talent development and community settings.","Comparing the healthy development of youth Australian Rules Footballers across talent development and community settings.","10.1136/bmjsem-2023-001799","10.1136/bmjsem-2023-001799"
"PubMed","doi","100","within_second_search","","Epidemiological Study of Traumatic Brain and Spinal Injuries in a Pediatric Population: A One-Year Analysis of Prevalence, Causes and Trends.","Epidemiological Study of Traumatic Brain and Spinal Injuries in a Pediatric Population: A One-Year Analysis of Prevalence, Causes and Trends.","10.7759/cureus.57224","10.7759/cureus.57224"
"PubMed","doi","100","within_second_search","","Cerebral Haemodynamic Assessment Following Sport-related Concussion (Mild Traumatic Brain Injury) in Youth and Amateur Rugby Union Players.","Cerebral Haemodynamic Assessment Following Sport-related Concussion (Mild Traumatic Brain Injury) in Youth and Amateur Rugby Union Players.","10.1186/s40798-025-00849-2","10.1186/s40798-025-00849-2"
"PubMed","doi","100","within_second_search","","Hawaiian High School Football Player Positional Differences in Helmet Impact Characteristics.","Hawaiian High School Football Player Positional Differences in Helmet Impact Characteristics.","10.4085/1062-6050-0068.24","10.4085/1062-6050-0068.24"
"PubMed","doi","100","within_second_search","","Imaging and Surgical Procedures After Surface-Related Collegiate Football Injuries on Artificial Turf Versus Natural Grass: Prevalence and Trends Over 15 Seasons.","Imaging and Surgical Procedures After Surface-Related Collegiate Football Injuries on Artificial Turf Versus Natural Grass: Prevalence and Trends Over 15 Seasons.","10.1177/23259671241274144","10.1177/23259671241274144"
"PubMed","doi","100","within_second_search","","Embedded finite element modeling of the mechanics of brain axonal fiber tracts under head impact conditions.","Embedded finite element modeling of the mechanics of brain axonal fiber tracts under head impact conditions.","10.1016/j.compbiomed.2024.109063","10.1016/j.compbiomed.2024.109063"
"PubMed","doi","100","within_second_search","","The Correlations Between Concussions and Chronic Traumatic Encephalopathy (CTE) in the National Football League: Why Does Society Keep Promoting Sports With High CTE Rates?","The Correlations Between Concussions and Chronic Traumatic Encephalopathy (CTE) in the National Football League: Why Does Society Keep Promoting Sports With High CTE Rates?.","10.7759/cureus.64359","10.7759/cureus.64359"
"PubMed","doi","100","within_second_search","","Pipkin IV fracture dislocation of the hip in a football athlete - A case report.","Pipkin IV fracture dislocation of the hip in a football athlete - A case report.","10.1016/j.tcr.2024.101072","10.1016/j.tcr.2024.101072"
"PubMed","doi","100","within_second_search","","Social prescribing for individuals with mental health problems: An ethnographic study exploring the mechanisms of action through which community groups support psychosocial well-being.","Social prescribing for individuals with mental health problems: An ethnographic study exploring the mechanisms of action through which community groups support psychosocial well-being.","10.12688/wellcomeopenres.20981.1","10.12688/wellcomeopenres.20981.1"
"PubMed","doi","100","within_second_search","","Quantifying the Performance of Professional Athletes Following Traumatic Tibial Fractures.","Quantifying the Performance of Professional Athletes Following Traumatic Tibial Fractures.","10.7759/cureus.59198","10.7759/cureus.59198"
"PubMed","doi","100","within_second_search","","Association of Vascular Risk Factors and CSF and Imaging Biomarkers With White Matter Hyperintensities in Former American Football Players.","Association of Vascular Risk Factors and CSF and Imaging Biomarkers With White Matter Hyperintensities in Former American Football Players.","10.1212/wnl.0000000000208030","10.1212/wnl.0000000000208030"
"PubMed","doi","100","within_second_search","","Ultrasound-Guided Platelet-Rich Plasma (PRP) Injection for Deep Medial Collateral Ligament (MCL) Injuries of the Knee.","Ultrasound-Guided Platelet-Rich Plasma (PRP) Injection for Deep Medial Collateral Ligament (MCL) Injuries of the Knee.","10.1177/26350254251342814","10.1177/26350254251342814"
"PubMed","doi","100","within_second_search","","Implementing exposure limits for players in contact team sports: review of principles and practices.","Implementing exposure limits for players in contact team sports: review of principles and practices.","10.3389/fspor.2025.1593766","10.3389/fspor.2025.1593766"
"PubMed","doi","100","within_second_search","","Comparative outcomes of hip arthroscopy for femoroacetabular impingement in football and non-football athletes: a clinical analysis.","Comparative outcomes of hip arthroscopy for femoroacetabular impingement in football and non-football athletes: a clinical analysis.","10.1007/s00402-025-05866-0","10.1007/s00402-025-05866-0"
"PubMed","doi","100","within_second_search","","Return to Activity After Patellofemoral Osteochondral Fracture: A Comparison of Metallic Screw and Bioabsorbable Fixation.","Return to Activity After Patellofemoral Osteochondral Fracture: A Comparison of Metallic Screw and Bioabsorbable Fixation.","10.1177/23259671241292641","10.1177/23259671241292641"
"PubMed","doi","100","within_second_search","","Evaluation of Lateral and Medial Parts of the Hamstring Muscle Fatigue Symmetry in Professional Footballers Cleared to Play After ACL Reconstruction.","Evaluation of Lateral and Medial Parts of the Hamstring Muscle Fatigue Symmetry in Professional Footballers Cleared to Play After ACL Reconstruction.","10.3390/jcm13216521","10.3390/jcm13216521"
"PubMed","doi","100","within_second_search","","Risk for low energy availability, disordered eating and sleep disturbance among female football players.","Risk for low energy availability, disordered eating and sleep disturbance among female football players.","10.20463/pan.2024.0022","10.20463/pan.2024.0022"
"PubMed","doi","100","within_second_search","","Metaizeau technique in stabilizing Monteggia equivalent 1b associated proximal radial physeal injury in a rural setting: a case report.","Metaizeau technique in stabilizing Monteggia equivalent 1b associated proximal radial physeal injury in a rural setting: a case report.","10.1097/ms9.0000000000002410","10.1097/ms9.0000000000002410"
"PubMed","doi","100","within_second_search","","Examination of plasma biomarkers of amyloid, tau, neurodegeneration, and neuroinflammation in former elite American football players.","Examination of plasma biomarkers of amyloid, tau, neurodegeneration, and neuroinflammation in former elite American football players.","10.1002/alz.14231","10.1002/alz.14231"
"PubMed","doi","100","within_second_search","","Epidemiology and clinical profile of sports injuries treated in the Douala General and Laquintinie Hospitals, in Cameroon.","Epidemiology and clinical profile of sports injuries treated in the Douala General and Laquintinie Hospitals, in Cameroon.","10.1136/bmjsem-2024-002023","10.1136/bmjsem-2024-002023"
"PubMed","doi","100","within_second_search","","Epidemiology of American Football-Related Fractures in the United States 2002-2021.","Epidemiology of American Football-Related Fractures in the United States 2002-2021.","10.1177/23259671241259481","10.1177/23259671241259481"
"PubMed","doi","100","within_second_search","","Isolated cuboid dislocation: case report.","Isolated cuboid dislocation: case report.","10.1093/jscr/rjae563","10.1093/jscr/rjae563"
"PubMed","doi","100","within_second_search","","Relationship between Countermovement Jump and Sprint Performance in Professional Football Players.","Relationship between Countermovement Jump and Sprint Performance in Professional Football Players.","10.3390/jcm13154581","10.3390/jcm13154581"
"PubMed","doi","100","within_second_search","","Association of Auditory Interference and Ocular-Motor Response with Subconcussive Head Impacts in Adolescent Football Players.","Association of Auditory Interference and Ocular-Motor Response with Subconcussive Head Impacts in Adolescent Football Players.","10.1089/neur.2023.0125","10.1089/neur.2023.0125"
"PubMed","doi","100","within_second_search","","Traumatic Triceps and Medial Ulnar Collateral Ligament Rupture in an Adolescent Mogul Skier: A Case Report.","Traumatic Triceps and Medial Ulnar Collateral Ligament Rupture in an Adolescent Mogul Skier: A Case Report.","10.7759/cureus.61026","10.7759/cureus.61026"
"PubMed","doi","100","existing_extraction","S542","Unmasking mental health symptoms in female professional football players: a 12-month follow-up study.","Unmasking mental health symptoms in female professional football players: A 12-month follow-up study","10.1136/bmjsem-2024-001922","10.1136/bmjsem-2024-001922"
"PubMed","doi","100","within_second_search","","Outcomes of Surgical Management of Turf Toe: 12-Year Results.","Outcomes of Surgical Management of Turf Toe: 12-Year Results.","10.7759/cureus.57808","10.7759/cureus.57808"
"PubMed","doi","100","within_second_search","","An approach for the analysis of axonal neuroinflammation by measuring dual biomarkers of oligodendrocytes and inflammatory cytokine in human plasma.","An approach for the analysis of axonal neuroinflammation by measuring dual biomarkers of oligodendrocytes and inflammatory cytokine in human plasma.","10.21203/rs.3.rs-3997676/v1","10.21203/rs.3.rs-3997676/v1"
"PubMed","doi","100","within_second_search","","Sports injuries in elite football players: classification, prevention, and treatment strategies update.","Sports injuries in elite football players: classification, prevention, and treatment strategies update.","10.3389/fspor.2025.1643789","10.3389/fspor.2025.1643789"
"PubMed","doi","100","within_second_search","","Understanding Longitudinal Muscle Injury Trends in Youth Football: Insights from U9 to U13 Players.","Understanding Longitudinal Muscle Injury Trends in Youth Football: Insights from U9 to U13 Players.","10.3390/sports13060163","10.3390/sports13060163"
"PubMed","doi","100","within_second_search","","Position-based assessment of head impact frequency, severity, type, and location in high school American football.","Position-based assessment of head impact frequency, severity, type, and location in high school American football.","10.3389/fbioe.2024.1500786","10.3389/fbioe.2024.1500786"
"PubMed","doi","100","within_second_search","","Arthroscopic Management of Posterior Shoulder Instability.","Arthroscopic Management of Posterior Shoulder Instability.","10.1016/j.csm.2024.03.027","10.1016/j.csm.2024.03.027"
"PubMed","doi","100","within_second_search","","Cavum Septum Pellucidum in Former American Football Players: Findings From the DIAGNOSE CTE Research Project.","Cavum Septum Pellucidum in Former American Football Players: Findings from the DIAGNOSE CTE Research Project","10.1212/cpj.0000000000200324","10.1212/cpj.0000000000200324"
"PubMed","doi","100","within_second_search","","Magnetic Resonance Imaging in the Evaluation of Avulsion Injuries of the Pelvis and Hip in Adolescent Professional Footballers: A Case Series.","Magnetic Resonance Imaging in the Evaluation of Avulsion Injuries of the Pelvis and Hip in Adolescent Professional Footballers: A Case Series.","10.13107/jocr.2024.v14.i05.4466","10.13107/jocr.2024.v14.i05.4466"
"PubMed","doi","100","within_second_search","","Arthroscopic Shoulder Stabilization in High School Football Players.","Arthroscopic Shoulder Stabilization in High School Football Players.","10.1177/23259671241239334","10.1177/23259671241239334"
"PubMed","doi","100","within_second_search","","Association of Use of a Mobile Tackling Dummy During College Football Practice With Reduced Sport-Related Concussion: Results of a Pilot Investigation.","Association of Use of a Mobile Tackling Dummy During College Football Practice With Reduced Sport-Related Concussion: Results of a Pilot Investigation.","10.1177/23259671241228316","10.1177/23259671241228316"
"PubMed","doi","100","within_second_search","","Anterior cruciate ligament injuries in female athletes: risk factors and strategies for prevention.","Anterior cruciate ligament injuries in female athletes: risk factors and strategies for prevention.","10.1302/2633-1462.52.bjo-2023-0166","10.1302/2633-1462.52.bjo-2023-0166"
"PubMed","doi","100","within_second_search","","Grade III distal medial collateral ligament rupture co-existing with transient lateral patellar dislocation.","Grade III distal medial collateral ligament rupture co-existing with transient lateral patellar dislocation.","10.1016/j.radcr.2023.11.086","10.1016/j.radcr.2023.11.086"
"PubMed","doi","100","within_second_search","","Testing ACL-Reconstructed Football Players on the Field: An Algorithm to Assess Cutting Biomechanics Injury Risk Through Wearable Sensors.","Testing ACL-Reconstructed Football Players on the Field: An Algorithm to Assess Cutting Biomechanics Injury Risk Through Wearable Sensors.","10.3390/sports13110391","10.3390/sports13110391"
"PubMed","doi","100","within_second_search","","The socio-economic cost of anterior cruciate ligament injuries and lateral ankle sprains in amateur football and basketball.","The Socioeconomic Cost of Anterior Cruciate Ligament Injuries and Lateral Ankle Sprains in Amateur Football and Basketball.","10.4085/1062-6050-0487.24","10.4085/1062-6050-0487.24"
"PubMed","doi","100","within_second_search","","Cluster analysis of cutting technique-a valuable approach for assessing anterior cruciate ligament injury risk?","Cluster analysis of cutting technique—a valuable approach for assessing anterior cruciate ligament injury risk?","10.3389/fspor.2025.1463272","10.3389/fspor.2025.1463272"
"PubMed","doi","100","within_second_search","","Adolescent female athletes with menstrual dysfunction report worse sleep and stress than those without menstrual dysfunction.","Adolescent Female Athletes With Menstrual Dysfunction Report Worse Sleep and Stress Than Those Without Menstrual Dysfunction.","10.4085/1062-6050-0583.24","10.4085/1062-6050-0583.24"
"PubMed","doi","100","within_second_search","","Adaptive Machine Learning Head Model Across Different Head Impact Types Using Unsupervised Domain Adaptation and Generative Adversarial Networks.","Adaptive Machine Learning Head Model Across Different Head Impact Types Using Unsupervised Domain Adaptation and Generative Adversarial Networks.","10.1109/jsen.2023.3349213","10.1109/jsen.2023.3349213"
"PubMed","doi","100","within_second_search","","Pseudo-Sciatica Pain Due to a Biceps Femoris Muscle Tear.","Pseudo-Sciatica Pain Due to a Biceps Femoris Muscle Tear.","10.7759/cureus.74286","10.7759/cureus.74286"
"PubMed","doi","100","within_second_search","","Nasal Bone Fracture (NBF): A Retrospective Study on Epidemiology and Treatment Outcomes in the Omani Population.","Nasal Bone Fracture (NBF): A Retrospective Study on Epidemiology and Treatment Outcomes in the Omani Population.","10.7759/cureus.73725","10.7759/cureus.73725"
"PubMed","doi","100","within_second_search","","Chronic Compartment Syndrome in Athletes.","Chronic Compartment Syndrome in Athletes.","10.1055/s-0044-1787766","10.1055/s-0044-1787766"
"PubMed","doi","100","within_second_search","","Feasibility and acceptability of a multi-component mental wellbeing program for young high-performance athletes in Australian Rules Football.","Feasibility and acceptability of a multi-component mental wellbeing program for young high-performance athletes in Australian Rules Football.","10.3389/fspor.2024.1470726","10.3389/fspor.2024.1470726"
"PubMed","doi","100","within_second_search","","Conservative Management of a Forearm Refracture With the Titanium Elastic Nailing System (TENS) In Situ in a 14-Year-Old Male: A Case Report.","Conservative Management of a Forearm Refracture With the Titanium Elastic Nailing System (TENS) In Situ in a 14-Year-Old Male: A Case Report.","10.7759/cureus.70646","10.7759/cureus.70646"
"PubMed","doi","100","within_second_search","","Developing a data-driven multimodal injury and illness prevention programme in male professional football based on a risk management model: the IP2 NetWork.","Developing a data-driven multimodal injury and illness prevention programme in male professional football based on a risk management model: the IP2 NetWork.","10.1136/bmjsem-2024-002101","10.1136/bmjsem-2024-002101"
"PubMed","doi","100","within_second_search","","Left Middle Phalanx Tuberculous Dactylitis Masquerading as a Tumor: First Case Report in Saudi Arabia.","Left Middle Phalanx Tuberculous Dactylitis Masquerading as a Tumor: First Case Report in Saudi Arabia.","10.1097/gox.0000000000006142","10.1097/gox.0000000000006142"
"PubMed","doi","100","within_second_search","","Associations of Sex and Sport Contact-Level with Recovery Timelines Among Collegiate Athletes with Sport-Related Concussion.","Associations of Sex and Sport Contact-Level with Recovery Timelines Among Collegiate Athletes with Sport-Related Concussion.","10.1186/s40798-024-00742-4","10.1186/s40798-024-00742-4"
"PubMed","doi","100","within_second_search","","The Effects of Motor Imagery on Static and Dynamic Balance and on the Fear of Re-Injury in Professional Football Players with Grade II Ankle Sprains.","The Effects of Motor Imagery on Static and Dynamic Balance and on the Fear of Re-Injury in Professional Football Players with Grade II Ankle Sprains.","10.3390/healthcare12141432","10.3390/healthcare12141432"
"PubMed","doi","100","within_second_search","","Overview of Treatment Options for Mild Traumatic Brain Injury: A Literature Review.","Overview of Treatment Options for Mild Traumatic Brain Injury: A Literature Review.","10.7759/cureus.59021","10.7759/cureus.59021"
"PubMed","doi","100","within_second_search","","Editorial: The youth elite football players.","Editorial: The youth elite football players.","10.3389/fspor.2024.1399143","10.3389/fspor.2024.1399143"
"PubMed","doi","100","within_second_search","","Epidemiology of Shoulder Dislocation Treated at Emergency Departments in the United States Between 1997 and 2021.","Epidemiology of Shoulder Dislocation Treated at Emergency Departments in the United States Between 1997 and 2021.","10.1177/23259671241234930","10.1177/23259671241234930"
"PubMed","doi","100","within_second_search","","Changes in oral functions and speech when using custom-fitted mouthguards: An uncontrolled before-and-after study.","Changes in oral functions and speech when using custom-fitted mouthguards: An uncontrolled before-and-after study.","10.1111/edt.12939","10.1111/edt.12939"
"PubMed","doi","100","within_second_search","","The sport volunteering paradox: concerns from a legal and governance perspective, but the irony remains.","The sport volunteering paradox: concerns from a legal and governance perspective, but the irony remains.","10.3389/fspor.2026.1746196","10.3389/fspor.2026.1746196"
"PubMed","doi","100","within_second_search","","Countermovement Jump and Quantitative Electroencephalography Assessment in Division I Football Athletes: An Exploratory Neurophysiological Study of Return‑to‑Play Readiness.","Countermovement Jump and Quantitative Electroencephalography Assessment in Division I Football Athletes: An Exploratory Neurophysiological Study of Return‑to‑Play Readiness.","10.26603/001c.161023","10.26603/001c.161023"
"PubMed","doi","100","within_second_search","","The Role of Anthropometry in Decision-Making for Injury Prevention Among Elite Flag Football Players.","The Role of Anthropometry in Decision-Making for Injury Prevention Among Elite Flag Football Players.","10.3390/sports14040140","10.3390/sports14040140"
"PubMed","doi","100","within_second_search","","Enhancing Neuromuscular Conditioning in Football Players Through Single-Leg and Double-Leg Cycling: A Randomized Controlled Trial.","Enhancing Neuromuscular Conditioning in Football Players Through Single‐Leg and Double‐Leg Cycling: A Randomized Controlled Trial.","10.1155/tsm2/5535929","10.1155/tsm2/5535929"
"PubMed","doi","100","within_second_search","","Differential Balance Enhancements Associated with Conventional Balance Training and Portable Slackline Board Training: A Randomized Controlled Trial.","Differential Balance Enhancements Associated with Conventional Balance Training and Portable Slackline Board Training: A Randomized Controlled Trial.","10.3390/sports13120457","10.3390/sports13120457"
"PubMed","doi","100","within_second_search","","The Relationship Between Running Load, Strength, Muscle Architecture and Hamstring Strain Injury Across Two Seasons of Elite Male Australian Football: A Prospective Cohort Study.","The Relationship Between Running Load, Strength, Muscle Architecture and Hamstring Strain Injury Across Two Seasons of Elite Male Australian Football: A Prospective Cohort Study.","10.1186/s40798-025-00944-4","10.1186/s40798-025-00944-4"
"PubMed","doi","100","within_second_search","","Effects of a Multicomponent Periodized Program in Kinematic and Muscle Activity Characteristics Related to Anterior Cruciate Ligament Injury Mechanism in College Football Players-A Controlled Trial.","Effects of a Multicomponent Periodized Program in Kinematic and Muscle Activity Characteristics Related to Anterior Cruciate Ligament Injury Mechanism in College Football Players—A Controlled Trial.","10.3390/jfmk10040412","10.3390/jfmk10040412"
"PubMed","doi","100","within_second_search","","A Field-Based Screening Protocol for Hamstring Injury Risk in Football Players: Evaluating Its Functionality Using Exploratory Factor Analysis.","A Field-Based Screening Protocol for Hamstring Injury Risk in Football Players: Evaluating Its Functionality Using Exploratory Factor Analysis.","10.3390/sports13090295","10.3390/sports13090295"
"PubMed","doi","100","within_second_search","","Player-Level Tackle Training Interventions in Tackle-Collision Sports: A Systematic Scoping Review.","Player-Level Tackle Training Interventions in Tackle-Collision Sports: A Systematic Scoping Review.","10.1186/s40798-025-00888-9","10.1186/s40798-025-00888-9"
"PubMed","doi","100","within_second_search","","Closed Kinetic Chain Upper Extremity Stability Test Reference Values for NCAA American Football.","Closed Kinetic Chain Upper Extremity Stability Test Reference Values for NCAA American Football.","10.26603/001c.143374","10.26603/001c.143374"
"PubMed","doi","100","within_second_search","","High school football player experiences with multiple injuries: a qualitative biopsychosocial model application.","High school football player experiences with multiple injuries: a qualitative biopsychosocial model application.","10.3389/fspor.2025.1583467","10.3389/fspor.2025.1583467"
"PubMed","doi","100","within_second_search","","Walking Football Programme for Elderly People: Study Protocol.","Walking Football Programme for Elderly People: Study Protocol.","10.3390/sports13050149","10.3390/sports13050149"
"PubMed","doi","100","within_second_search","","Differences in the Relative External Load Demands of Pre-Competitive Warm-Ups and Official Matches in Semi-Professional Football Players: A Pilot Study Considering Specific Positions.","Differences in the Relative External Load Demands of Pre-Competitive Warm-Ups and Official Matches in Semi-Professional Football Players: A Pilot Study Considering Specific Positions.","10.3390/jfmk10020182","10.3390/jfmk10020182"
"PubMed","doi","100","within_second_search","","Sideline Management of Syndesmotic Injuries in the Athlete: Evaluation, Management, and Return to Play.","Sideline Management of Syndesmotic Injuries in the Athlete: Evaluation, Management, and Return to Play.","10.1177/26350254241291596","10.1177/26350254241291596"
"PubMed","doi","100","within_second_search","","Risk Factors Associated with New Onset of Shoulder Pain and Injury Among the Athletic Population: A Systematic Review of the Literature.","Risk Factors Associated with New Onset of Shoulder Pain and Injury Among the Athletic Population: A Systematic Review of the Literature.","10.26603/001c.129462","10.26603/001c.129462"
"PubMed","doi","100","within_second_search","","Influence of physical characteristics, sport-specific factors, and training participation on mental fatigue in elite Australian Rules Football athletes.","Influence of physical characteristics, sport-specific factors, and training participation on mental fatigue in elite Australian Rules Football athletes.","10.1080/02640414.2025.2469025","10.1080/02640414.2025.2469025"
"PubMed","doi","100","within_second_search","","Self-reported exertional heat illness and risk factors among collegiate marching band artists.","Self-reported exertional heat illness and risk factors among collegiate marching band artists.","10.1016/j.smhs.2024.04.004","10.1016/j.smhs.2024.04.004"
"PubMed","doi","100","within_second_search","","A Multi-ingredient Supplement Reduced Markers of Muscle Damage after a Rugby Match in Collegiate Male Players.","A Multi-ingredient Supplement Reduced Markers of Muscle Damage after a Rugby Match in Collegiate Male Players.","10.4103/ejpi.ejpi-d-24-00074","10.4103/ejpi.ejpi-d-24-00074"
"PubMed","doi","100","within_second_search","","Developing injury prevention programmes for ladies Gaelic football: a Delphi study.","Developing injury prevention programmes for ladies Gaelic football: a Delphi study.","10.1136/ip-2024-045334","10.1136/ip-2024-045334"
"PubMed","doi","100","within_second_search","","Practice Patterns and Return-to-Sports Timing of National Football League Head Team Physicians for ACL Reconstruction.","Practice Patterns and Return-to-Sports Timing of National Football League Head Team Physicians for ACL Reconstruction.","10.1177/23259671241274139","10.1177/23259671241274139"
"PubMed","doi","100","within_second_search","","Spontaneous Headshake after a Kinematic Event (SHAAKE): Evaluating the Utility of a Potential New Sign in the Diagnosis of Concussion.","Spontaneous Headshake after a Kinematic Event (SHAAKE): Evaluating the Utility of a Potential New Sign in the Diagnosis of Concussion.","10.3390/diagnostics14202314","10.3390/diagnostics14202314"
"PubMed","doi","94","within_second_search","","Nutritional Optimization for Brain Health in Contact Sports: A Systematic Review and Meta-Analysis on Long-Chain ω-3 Fatty Acids and Neurofilament Light.","Nutritional Optimization for Brain Health in Contact Sports: A Systematic Review and Meta-Analysis on Long-Chain omega-3 Fatty Acids and Neurofilament Light.","10.1016/j.cdnut.2024.104454","10.1016/j.cdnut.2024.104454"
"PubMed","doi","100","within_second_search","","National Football League Quarterbacks With Ulnar Collateral Ligament Injuries Have High Return-to-Play Rates, but Older Players Have Inferior Postinjury Performance.","National Football League Quarterbacks With Ulnar Collateral Ligament Injuries Have High Return-to-Play Rates, but Older Players Have Inferior Postinjury Performance.","10.1016/j.asmr.2024.100954","10.1016/j.asmr.2024.100954"
"PubMed","doi","100","within_second_search","","Comparison of Inter-Rater and Intra-Rater Reliability of Raters with Different Levels of Experience When Using Landing Error Scoring System (LESS) in Field-Based Screening of Professional Football Players.","Comparison of Inter-Rater and Intra-Rater Reliability of Raters with Different Levels of Experience When Using Landing Error Scoring System (LESS) in Field-Based Screening of Professional Football Players.","10.3390/sports12090242","10.3390/sports12090242"
"PubMed","doi","100","within_second_search","","Demographic and Injury Characteristics as Potential Risk Factors for Anterior Cruciate Ligament Injuries: A Multicentric Cross-Sectional Study.","Demographic and Injury Characteristics as Potential Risk Factors for Anterior Cruciate Ligament Injuries: A Multicentric Cross-Sectional Study.","10.3390/jcm13175063","10.3390/jcm13175063"
"PubMed","doi","100","within_second_search","","Multimodal treatment of attention-deficit/hyperactivity disorder and comorbid symptoms in an ultra football fan: A case report from Switzerland.","Multimodal treatment of attention-deficit/hyperactivity disorder and comorbid symptoms in an ultra football fan: A case report from Switzerland.","10.1177/2050313x241280766","10.1177/2050313x241280766"
"PubMed","doi","100","within_second_search","","Contact load practices and perceptions in elite English rugby league: an evaluation to inform contact load guidelines.","Contact load practices and perceptions in elite English rugby league: an evaluation to inform contact load guidelines.","10.17159/2078-516x/2024/v36i1a17646","10.17159/2078-516x/2024/v36i1a17646"
"PubMed","doi","100","within_second_search","","The Impact of Match Workload and International Travel on Injuries in Professional Men's Football.","The Impact of Match Workload and International Travel on Injuries in Professional Men's Football.","10.3390/sports12080212","10.3390/sports12080212"
"PubMed","doi","100","within_second_search","","At-Risk Tackling Techniques and Effectiveness in English Premiership Rugby.","At-Risk Tackling Techniques and Effectiveness in English Premiership Rugby.","10.1177/23259671241255097","10.1177/23259671241255097"
"PubMed","doi","100","within_second_search","","Response to ""Comment on: Machine Learning for Understanding and Predicting Injuries in Football"".","Response to ""Comment on: Machine Learning for Understanding and Predicting Injuries in Football"".","10.1186/s40798-024-00751-3","10.1186/s40798-024-00751-3"
"PubMed","doi","100","within_second_search","","Bouncing back: a longitudinal examination of challenge within football academy environments.","Bouncing back: a longitudinal examination of challenge within football academy environments.","10.3389/fspor.2024.1402570","10.3389/fspor.2024.1402570"
"PubMed","doi","100","within_second_search","","Are we tackle ready? Cross-sectional video analysis of match tackle characteristics in elite women's Rugby Union.","Are we tackle ready? Cross-sectional video analysis of match tackle characteristics in elite women's Rugby Union.","10.1002/ejsc.12120","10.1002/ejsc.12120"
"PubMed","doi","100","within_second_search","","Injury incidence and characteristics in adolescent female football players: A systematic review with meta-analysis of prospective studies.","Injury incidence and characteristics in adolescent female football players: A systematic review with meta-analysis of prospective studies.","10.5114/biolsport.2024.132996","10.5114/biolsport.2024.132996"
"PubMed","doi","100","within_second_search","","Focus on cricket and football injuries, plus upcoming special issues.","Focus on cricket and football injuries, plus upcoming special issues.","10.1016/j.jsampl.2024.100067","10.1016/j.jsampl.2024.100067"
"PubMed","doi","100","within_second_search","","Towards an understanding of maltreatment in football.","Towards an understanding of maltreatment in football.","10.3389/fspor.2024.1350317","10.3389/fspor.2024.1350317"
"PubMed","doi","100","within_second_search","","Tacklers' shoulder abduction and flexion at contact alter when engaging in different front-on, one-on-one tackle instructions from an expert coach.","Tacklers' shoulder abduction and flexion at contact alter when engaging in different front-on, one-on-one tackle instructions from an expert coach.","10.1016/j.jsams.2024.04.013","10.1016/j.jsams.2024.04.013"
"PubMed","doi","100","within_second_search","","Tibial Eminence Fracture and Pediatric ACL Avulsion Diagnosis and Treatment: A Case Report.","Tibial Eminence Fracture and Pediatric ACL Avulsion Diagnosis and Treatment: A Case Report.","10.13107/jocr.2024.v14.i04.4370","10.13107/jocr.2024.v14.i04.4370"
"PubMed","doi","100","within_second_search","","Head Impact Exposure in Hawaiian High School Football: Influence of Adherence Rates on a Helmetless Tackling and Blocking Training Intervention.","Head Impact Exposure in Hawaiian High School Football: Influence of Adherence Rates on a Helmetless Tackling and Blocking Training Intervention.","10.4085/1062-6050-0014.24","10.4085/1062-6050-0014.24"
"PubMed","doi","100","within_second_search","","Evaluation of a medical after-care intervention among deselected elite male Academy football players: a pilot study.","Evaluation of a medical after-care intervention among deselected elite male Academy football players: a pilot study.","10.1136/bmjsem-2024-001891","10.1136/bmjsem-2024-001891"
"PubMed","doi","100","within_second_search","","'Considering the reality, I am very lucky': how professional players and staff perceive injury prevention and performance protection in women's football.","'Considering the reality, I am very lucky': how professional players and staff perceive injury prevention and performance protection in women's football.","10.1136/bjsports-2023-106891","10.1136/bjsports-2023-106891"
"PubMed","doi","100","existing_extraction","S419","A musculoskeletal multifactorial individualised programme for hamstring muscle injury risk reduction in professional football: results of a prospective cohort study.","A musculoskeletal multifactorial individualised programme for hamstring muscle injury risk reduction in professional football: results of a prospective cohort study","10.1136/bmjsem-2023-001866","10.1136/bmjsem-2023-001866"
"PubMed","doi","100","within_second_search","","Cerebral Cortical Surface Structure and Neural Activation Pattern Among Adolescent Football Players.","Cerebral Cortical Surface Structure and Neural Activation Pattern Among Adolescent Football Players.","10.1001/jamanetworkopen.2023.54235","10.1001/jamanetworkopen.2023.54235"
"PubMed","doi","100","within_second_search","","Western Medical Acupuncture Perception and Use for Pain Management Among Athletes: A Systematic Review.","Western Medical Acupuncture Perception and Use for Pain Management Among Athletes: A Systematic Review.","10.2147/jpr.s441869","10.2147/jpr.s441869"
"PubMed","doi","100","within_second_search","","Publicly available data sources in sport-related concussion research: a caution for missing data.","Publicly available data sources in sport-related concussion research: a caution for missing data.","10.1186/s40621-024-00484-7","10.1186/s40621-024-00484-7"
"PubMed","doi","100","within_second_search","","Effectiveness of an On-Field Rehabilitation framework for return to sports in injured male professional football players: a single-blinded, prospective, randomised controlled trial.","Effectiveness of an On-Field Rehabilitation framework for return to sports in injured male professional football players: a single-blinded, prospective, randomised controlled trial.","10.1136/bmjsem-2023-001849","10.1136/bmjsem-2023-001849"
"PubMed","doi","100","within_second_search","","Lower hamstring to quadriceps muscle strength ratio and lower body weight as factors associated with noncontact anterior cruciate ligament injury in male American football players: A prospective cohort study.","Lower hamstring to quadriceps muscle strength ratio and lower body weight as factors associated with noncontact anterior cruciate ligament injury in male American football players: A prospective cohort study.","10.1016/j.asmart.2023.11.006","10.1016/j.asmart.2023.11.006"
"PubMed","doi","100","within_second_search","","Use of blood flow restriction for increasing the strength of the ischiocrural muscles in anterior cruciate ligament rehabilitation: A case report.","Use of blood flow restriction for increasing the strength of the ischiocrural muscles in anterior cruciate ligament rehabilitation: A case report.","10.1002/pri.2059","10.1002/pri.2059"
"PubMed","doi","100","within_second_search","","Juke Stick: A Case of Pediatric Atraumatic Compartment Syndrome.","Juke Stick: A Case of Pediatric Atraumatic Compartment Syndrome.","10.1093/milmed/usad355","10.1093/milmed/usad355"
"PubMed","doi","100","within_second_search","","Monitoring the physical demands of training in Rugby League: the practices and perceptions of practitioners.","Monitoring the physical demands of training in Rugby League: the practices and perceptions of practitioners.","10.1080/24733938.2023.2229281","10.1080/24733938.2023.2229281"
"PubMed","doi","100","within_second_search","","Dynamic Field Assessment of Hip Adductor Function Using a Smartphone-Based Copenhagen Test: Reliability and Concurrent Associations with Isometric Strength in Amateur Football Players.","Dynamic Field Assessment of Hip Adductor Function Using a Smartphone-Based Copenhagen Test: Reliability and Concurrent Associations with Isometric Strength in Amateur Football Players.","10.3390/sports14040125","10.3390/sports14040125"
"PubMed","doi","100","within_second_search","","Rehabilitation Following a Distal Semitendinosus Excision in a Collegiate American Football Player: A Resident's Case Report.","Rehabilitation Following a Distal Semitendinosus Excision in a Collegiate American Football Player: A Resident's Case Report.","10.26603/001c.158671","10.26603/001c.158671"
"PubMed","doi","100","within_second_search","","Intra-Rater Reliability and Construct Validity of Hand-Held Dynamometry to Evaluate the Hip Adductor Squeeze Test in Elite Youth Football Players.","Intra-Rater Reliability and Construct Validity of Hand-Held Dynamometry to Evaluate the Hip Adductor Squeeze Test in Elite Youth Football Players.","10.3390/sports14020053","10.3390/sports14020053"
"PubMed","doi","100","within_second_search","","Menstruation and injury occurrence; a four season observational study in elite female football players.","Menstruation and injury occurrence; a four season observational study in elite female football players.","10.3389/fspor.2025.1665482","10.3389/fspor.2025.1665482"
"PubMed","doi","100","within_second_search","","Epidemiology of injuries at the first transplant football world cup.","Epidemiology of injuries at the first transplant football world cup.","10.3389/fspor.2025.1685440","10.3389/fspor.2025.1685440"
"PubMed","doi","100","within_second_search","","Relationships among core endurance, lower limb strength, and dynamic balance in collegiate football players: A cross-sectional study.","Relationships among core endurance, lower limb strength, and dynamic balance in collegiate football players: A cross-sectional study.","10.1177/10538127251400428","10.1177/10538127251400428"
"PubMed","doi","100","within_second_search","","Field Position-Related Variations in Body Mass, Postural Control, and Isokinetic Strength in Portuguese Professional Football.","Field Position-Related Variations in Body Mass, Postural Control, and Isokinetic Strength in Portuguese Professional Football.","10.3390/jfmk10040447","10.3390/jfmk10040447"
"PubMed","doi","100","within_second_search","","Associations Between Psychological Coping Skills and Player Behaviors During Transition Moments in Male Youth Football.","Associations Between Psychological Coping Skills and Player Behaviors During Transition Moments in Male Youth Football.","10.3390/sports13100363","10.3390/sports13100363"
"PubMed","doi","100","within_second_search","","Exploring injury profiles in professional football: evidence from a five-year study and the role of the functional movement screen.","Exploring injury profiles in professional football: evidence from a five-year study and the role of the functional movement screen.","10.1186/s13102-025-01262-8","10.1186/s13102-025-01262-8"
"PubMed","doi","100","within_second_search","","Analysis of Psychological and Sleep Quality Characteristics of Young and Adult Para-Athletes with Cerebral Palsy During Competitive Period.","Analysis of Psychological and Sleep Quality Characteristics of Young and Adult Para-Athletes with Cerebral Palsy During Competitive Period.","10.3390/sports13070203","10.3390/sports13070203"
"PubMed","doi","100","within_second_search","","Knee Ligament Injuries in the National Football League: Impact of Field Surface Type During the 2020-2023 Seasons.","Knee Ligament Injuries in the National Football League: Impact of Field Surface Type During the 2020-2023 Seasons.","10.7759/cureus.76425","10.7759/cureus.76425"
"PubMed","doi","100","within_second_search","","Analyzing exercise-to-rest ratios in U19 American football European championship: implications for team success and injury prevention.","Analyzing exercise-to-rest ratios in U19 American football European championship: implications for team success and injury prevention.","10.3389/fspor.2024.1466118","10.3389/fspor.2024.1466118"
"PubMed","doi","100","within_second_search","","Risk and Prognosis of Hamstring Injuries in the National Football League: A 12-Year Review.","Risk and Prognosis of Hamstring Injuries in the National Football League: A 12-Year Review.","10.1177/23259671241298622","10.1177/23259671241298622"
"PubMed","doi","100","within_second_search","","Injection of Amniotic Membrane and Umbilical Cord Particulate for Muscle and Ligament Tears in Collegiate Football Athletes: A Single-Center, Retrospective Study.","Injection of Amniotic Membrane and Umbilical Cord Particulate for Muscle and Ligament Tears in Collegiate Football Athletes: A Single-Center, Retrospective Study.","10.2147/orr.s485520","10.2147/orr.s485520"
"PubMed","doi","100","within_second_search","","Introduction of the 'Blue Card' Concussion Policy to Semi-Elite Australian Football: Medical Staff Experiences and Perceptions.","Introduction of the 'Blue Card' Concussion Policy to Semi-Elite Australian Football: Medical Staff Experiences and Perceptions.","10.26603/001c.125794","10.26603/001c.125794"
"PubMed","doi","100","within_second_search","","Are recommended tackle techniques associated with superior performance outcomes? A retrospective video analysis study of elite women's rugby union.","Are recommended tackle techniques associated with superior performance outcomes? A retrospective video analysis study of elite women's rugby union.","10.1080/02640414.2024.2434799","10.1080/02640414.2024.2434799"
"PubMed","doi","100","within_second_search","","Field Surface Type and Season-Ending Lower Extremity Injury in NFL Players.","Field Surface Type and Season-Ending Lower Extremity Injury in NFL Players.","10.1155/2024/6832213","10.1155/2024/6832213"
"PubMed","doi","100","within_second_search","","Correction: Descriptive epidemiology study of hand injuries sustained in Gaelic football referred to a hand therapy service over 1 year.","Correction: Descriptive epidemiology study of hand injuries sustained in Gaelic football referred to a hand therapy service over 1 year.","10.1136/bmjsem-2024-001974corr1","10.1136/bmjsem-2024-001974corr1"
"PubMed","doi","100","within_second_search","","Prevalence of physiological and perceptual markers of low energy availability in male academy football players: a study protocol for a cross-sectional study.","Prevalence of physiological and perceptual markers of low energy availability in male academy football players: a study protocol for a cross-sectional study.","10.1136/bmjsem-2024-002250","10.1136/bmjsem-2024-002250"
"PubMed","doi","100","within_second_search","","Acute Bilateral Posterior Meniscal Root Tears in the Setting of a Noncontact Anterior Cruciate Ligament Rupture.","Acute Bilateral Posterior Meniscal Root Tears in the Setting of a Noncontact Anterior Cruciate Ligament Rupture.","10.1155/2024/2021725","10.1155/2024/2021725"
"PubMed","doi","100","within_second_search","","Health-Promoting Behaviors and Their Associations With Factors Related to Well-Being Among Former National Football League Players: An NFL-LONG Study.","Health-Promoting Behaviors and Their Associations With Factors Related to Well-Being Among Former National Football League Players: An NFL-LONG Study.","10.4085/1062-6050-0537.23","10.4085/1062-6050-0537.23"
"PubMed","doi","100","within_second_search","","The use of saliva and blood progesterone to profile the menstrual cycles of youth professional football players.","The use of saliva and blood progesterone to profile the menstrual cycles of youth professional football players.","10.3389/fspor.2024.1430158","10.3389/fspor.2024.1430158"
"PubMed","doi","100","within_second_search","","The Strength and Power Profile of Junior and Senior Female Rugby League Athletes.","The Strength and Power Profile of Junior and Senior Female Rugby League Athletes.","10.1519/jsc.0000000000004916","10.1519/jsc.0000000000004916"
"PubMed","doi","100","within_second_search","","Preseason and In-Season High-Speed Running Demands of 2 Professional Australian Rules Football Teams.","Preseason and In-Season High-Speed Running Demands of 2 Professional Australian Rules Football Teams.","10.1177/19417381241265114","10.1177/19417381241265114"
"PubMed","doi","100","within_second_search","","Cannabinoid Therapy in Athletics: A Review of Current Cannabis Research to Evaluate Potential Real-World Cannabinoid Applications in Sport.","Cannabinoid Therapy in Athletics: A Review of Current Cannabis Research to Evaluate Potential Real-World Cannabinoid Applications in Sport.","10.1007/s40279-024-02094-1","10.1007/s40279-024-02094-1"
"PubMed","doi","100","within_second_search","","Perspectives on reasons why football and handball players sustain acute and severe knee injuries: a mixed-methods concept mapping study.","Perspectives on reasons why football and handball players sustain acute and severe knee injuries: a mixed-methods concept mapping study.","10.1136/bmjsem-2024-002048","10.1136/bmjsem-2024-002048"
"PubMed","doi","100","within_second_search","","Comment on: Machine Learning for Understanding and Predicting Injuries in Football.","Comment on: Machine Learning for Understanding and Predicting Injuries in Football.","10.1186/s40798-024-00745-1","10.1186/s40798-024-00745-1"
"PubMed","doi","100","within_second_search","","The Influence of Dynamic Taping on Landing Biomechanics after Fatigue in Young Football Athletes: A Randomized, Sham-Controlled Crossover Trial.","The Influence of Dynamic Taping on Landing Biomechanics after Fatigue in Young Football Athletes: A Randomized, Sham-Controlled Crossover Trial.","10.3390/bioengineering11060631","10.3390/bioengineering11060631"
"PubMed","doi","100","within_second_search","","Process mining to investigate the relationship between clinical antecedents and injury risk, severity and return to play in professional sports.","Process mining to investigate the relationship between clinical antecedents and injury risk, severity and return to play in professional sports.","10.1136/bmjsem-2024-001890","10.1136/bmjsem-2024-001890"
"PubMed","doi","100","within_second_search","","A finite element model for predicting impact-induced damage to a skin simulant.","A finite element model for predicting impact-induced damage to a skin simulant.","10.1038/s41598-024-60369-z","10.1038/s41598-024-60369-z"
"PubMed","doi","100","within_second_search","","Sports-Related Musculoskeletal Injuries in Medical Students.","Sports-Related Musculoskeletal Injuries in Medical Students.","10.4103/ijoem.ijoem_111_23","10.4103/ijoem.ijoem_111_23"
"PubMed","doi","100","within_second_search","","Fantasy football points capture performance declines in National Football League offensive skill players following an ankle injury.","Fantasy football points capture performance declines in National Football League offensive skill players following an ankle injury.","10.1016/j.jor.2024.03.030","10.1016/j.jor.2024.03.030"
"PubMed","doi","100","within_second_search","","Comparison of bioactive substances in novel-developed freeze-dried platelet-rich plasma (PRP) and activated normal PRP, and investigation of bioactive substance levels after long-term storage.","Comparison of bioactive substances in novel-developed freeze-dried platelet-rich plasma (PRP) and activated normal PRP, and investigation of bioactive substance levels after long-term storage.","10.1016/j.reth.2024.03.021","10.1016/j.reth.2024.03.021"
"PubMed","doi","100","within_second_search","","A new probabilistic model: Theory, simulation and applications to sports and failure times data.","A new probabilistic model: Theory, simulation and applications to sports and failure times data.","10.1016/j.heliyon.2024.e25651","10.1016/j.heliyon.2024.e25651"
"PubMed","doi","100","within_second_search","","Quantitative Evaluation of Knee Cartilage in Professional Martial Arts Athletes Using T2 Mapping: A Comparative Study.","Quantitative Evaluation of Knee Cartilage in Professional Martial Arts Athletes Using T2 Mapping: A Comparative Study.","10.4085/1062-6050-0127.23","10.4085/1062-6050-0127.23"
"PubMed","doi","100","within_second_search","","Outcomes and Proportions of Subsequent Contralateral Sports Hernia Repair Following Primary Unilateral Repair.","Outcomes and Proportions of Subsequent Contralateral Sports Hernia Repair Following Primary Unilateral Repair.","10.1177/03635465231221496","10.1177/03635465231221496"
"PubMed","doi","100","within_second_search","","Long-term effects of running exercises on natural grass, artificial turf, and synthetic surfaces on ground reaction force components in individuals with overpronated feet: A randomized controlled trial.","Long-term effects of running exercises on natural grass, artificial turf, and synthetic surfaces on ground reaction force components in individuals with overpronated feet: A randomized controlled trial.","10.1016/j.gaitpost.2024.01.016","10.1016/j.gaitpost.2024.01.016"
"PubMed","doi","100","within_second_search","","The combined effects of growth and maturity status on injury risk in an elite football academy.","The combined effects of growth and maturity status on injury risk in an elite football academy.","10.5114/biolsport.2024.129472","10.5114/biolsport.2024.129472"
"PubMed","doi","100","within_second_search","","Heterotopic Ossification and Platelet-Rich Plasma in Core Muscle Injuries: A Single-Institution Experience Over 6 Years.","Heterotopic Ossification and Platelet-Rich Plasma in Core Muscle Injuries: A Single-Institution Experience Over 6 Years.","10.1177/03635465231209509","10.1177/03635465231209509"
"PubMed","doi","100","within_second_search","","Spontaneous resolution of proximal humerus sessile osteochondroma: A report of case and literature review.","Spontaneous resolution of proximal humerus sessile osteochondroma: A report of case and literature review.","10.1002/ccr3.8372","10.1002/ccr3.8372"
"PubMed","doi","100","within_second_search","","Models of Video Feedback for Youth Athletes Performing an American Football Tackle.","Models of Video Feedback for Youth Athletes Performing an American Football Tackle.","10.4085/1062-6050-0602.22","10.4085/1062-6050-0602.22"
"PubMed","doi","100","within_second_search","","Optimizing Athletic Performance and Safety With Wearable Technology.","Optimizing Athletic Performance and Safety With Wearable Technology.","10.1177/26350254251406285","10.1177/26350254251406285"
"PubMed","doi","100","within_second_search","","Injury incidence, burden and associated risk factors in walking football players.","Injury incidence, burden and associated risk factors in walking football players.","10.5114/biolsport.2026.154946","10.5114/biolsport.2026.154946"
"PubMed","doi","100","within_second_search","","Injury Prediction in Football: How Artificial Intelligence Is Shaping the Present and Transforming the Future in Africa.","Injury Prediction in Football: How Artificial Intelligence Is Shaping the Present and Transforming the Future in Africa.","10.1177/19417381251410084","10.1177/19417381251410084"
"PubMed","doi","100","within_second_search","","How do muscle injuries relate to return-to-performance metrics in male elite football players?","How do muscle injuries relate to return-to-performance metrics in male elite football players?","10.5114/biolsport.2026.153532","10.5114/biolsport.2026.153532"
"PubMed","doi","100","within_second_search","","Commotio Cordis in Sudden Cardiac Death in the Young: A State-of-the-Art Review.","Commotio Cordis in Sudden Cardiac Death in the Young: A State-of-the-Art Review.","10.31083/rcm43357","10.31083/rcm43357"
"PubMed","doi","100","within_second_search","","Club-based vs. hospital-guided rehabilitation after ACL reconstruction in football participants: a two-year prospective cohort study.","Club-based vs. hospital-guided rehabilitation after ACL reconstruction in football participants: a two-year prospective cohort study.","10.3389/fspor.2025.1641750","10.3389/fspor.2025.1641750"
"PubMed","doi","100","within_second_search","","Re-thinking head injury prevention in football: The role of tactics and technique.","Re-thinking head injury prevention in football: The role of tactics and technique.","10.1016/j.jsams.2025.07.009","10.1016/j.jsams.2025.07.009"
"PubMed","doi","100","within_second_search","","A synthetic data-driven machine learning approach for athlete performance attenuation prediction.","A synthetic data-driven machine learning approach for athlete performance attenuation prediction.","10.3389/fspor.2025.1607600","10.3389/fspor.2025.1607600"
"PubMed","doi","100","within_second_search","","Investigating Countermovement and Horizontal Jump Asymmetry in Female Football Players: Differences Across Age Categories.","Investigating Countermovement and Horizontal Jump Asymmetry in Female Football Players: Differences Across Age Categories.","10.3390/jfmk10020158","10.3390/jfmk10020158"
"PubMed","doi","100","within_second_search","","Associations of Tackling Characteristics, Player Position, and Head Contact Risk During Game Play in College Football.","Associations of Tackling Characteristics, Player Position, and Head Contact Risk During Game Play in College Football.","10.4085/1062-6050-0669.24","10.4085/1062-6050-0669.24"
"PubMed","doi","100","within_second_search","","Dietary simple sugar intake, metabolic indicators, markers of inflammation, and injury among semi-professional football players.","Dietary simple sugar intake, metabolic indicators, markers of inflammation, and injury among semi-professional football players.","10.29219/fnr.v69.11036","10.29219/fnr.v69.11036"
"PubMed","doi","100","within_second_search","","Prediction of football injuries using GPS-based data in Iranian professional football players: a machine learning approach.","Prediction of football injuries using GPS-based data in Iranian professional football players: a machine learning approach.","10.3389/fspor.2025.1425180","10.3389/fspor.2025.1425180"
"PubMed","doi","100","within_second_search","","Delays in Immediate Athletic Training Evaluation Following Concussion Among High School Football Players: A Report from the Athletic Training Practice-Based Research Network.","Delays in Immediate Athletic Training Evaluation Following Concussion Among High School Football Players: A Report From the Athletic Training Practice-Based Research Network.","10.4085/1062-6050-0566.24","10.4085/1062-6050-0566.24"
"PubMed","doi","100","within_second_search","","Nation-wide cross-sectional study of participation and predictors of enjoyment among Australian adult walking sport participants.","Nation‐wide cross‐sectional study of participation and predictors of enjoyment among Australian adult walking sport participants.","10.1002/ejsc.12246","10.1002/ejsc.12246"
"PubMed","doi","100","within_second_search","","Evaluation of WIMU Sensor Performance in Estimating Running Stride and Vertical Stiffness in Football Training Sessions: A Comparison with Smart Insoles.","Evaluation of WIMU Sensor Performance in Estimating Running Stride and Vertical Stiffness in Football Training Sessions: A Comparison with Smart Insoles.","10.3390/s24248087","10.3390/s24248087"
"PubMed","doi","100","within_second_search","","Trends in Pediatric Neck Injuries During Sporting Activities.","Trends in Pediatric Neck Injuries During Sporting Activities.","10.3390/jcm13247713","10.3390/jcm13247713"
"PubMed","doi","100","within_second_search","","Familial Predisposition to Anterior Cruciate Ligament Injury in Australian Rules Footballers.","Familial Predisposition to Anterior Cruciate Ligament Injury in Australian Rules Footballers.","10.1177/23259671241295613","10.1177/23259671241295613"
"PubMed","doi","100","within_second_search","","Sex-based differences in hamstrings stiffness assessment in football players using ultrasound shear wave elastography.","Sex-based differences in hamstrings stiffness assessment in football players using ultrasound shear wave elastography.","10.21037/qims-24-398","10.21037/qims-24-398"
"PubMed","doi","100","within_second_search","","Response to Lolli: Predicting Injuries in Elite Female Football Players With Global-Positioning-System and Multiomics Data.","Response to Lolli: Predicting Injuries in Elite Female Football Players With Global-Positioning-System and Multiomics Data.","10.1123/ijspp.2024-0308","10.1123/ijspp.2024-0308"
"PubMed","doi","100","within_second_search","","High Prevalence of Varus Knee Malalignment in Adolescent Football Players-Clinical Lower Leg Axis Measurements of Male Junior Football Players Aged 7 to 18 Years.","High Prevalence of Varus Knee Malalignment in Adolescent Football Players-Clinical Lower Leg Axis Measurements of Male Junior Football Players Aged 7 to 18 Years","10.3390/children11080953","10.3390/children11080953"
"PubMed","doi","100","within_second_search","","Players are positive regarding injury prevention exercise programmes, but coaches need ongoing support: a survey-based evaluation using the Health Action Process Approach model across one season in amateur and youth football.","Players are positive regarding injury prevention exercise programmes, but coaches need ongoing support: a survey-based evaluation using the Health Action Process Approach model across one season in amateur and youth football.","10.1136/bmjsem-2024-002009","10.1136/bmjsem-2024-002009"
"PubMed","doi","100","within_second_search","","Influence of Long-Term Use of American Football Helmets on Concussion Risk.","Influence of Long-Term Use of American Football Helmets on Concussion Risk.","10.3390/brainsci14060537","10.3390/brainsci14060537"
"PubMed","doi","100","within_second_search","","Women's rugby for all: Toward an intersectional women's rugby research agenda.","Women's rugby for all: Toward an intersectional women's rugby research agenda.","10.1002/ejsc.12127","10.1002/ejsc.12127"
"PubMed","doi","100","within_second_search","","Consistency of wound care in Leg Clubs.","Consistency of wound care in Leg Clubs.","10.12968/bjcn.2024.29.sup6.s40","10.12968/bjcn.2024.29.sup6.s40"
"PubMed","doi","100","within_second_search","","FIFA Initiatives Improved Survival After Loss of Consciousness During Football Games.","FIFA Initiatives Improved Survival After Loss of Consciousness During Football Games.","10.1055/a-2196-9348","10.1055/a-2196-9348"
"PubMed","doi","100","within_second_search","","Limited Return to Preinjury Performance in NCAA Division I American Football Players With Hamstring Injuries.","Limited Return to Preinjury Performance in NCAA Division I American Football Players With Hamstring Injuries.","10.1177/23259671241243345","10.1177/23259671241243345"
"PubMed","doi","100","within_second_search","","COVID-19 National Football League (NFL) Injury Analysis: Follow-Up Study.","COVID-19 National Football League (NFL) Injury Analysis: Follow-Up Study.","10.2196/45688","10.2196/45688"
"PubMed","doi","100","within_second_search","","Prevalence of hip femoroacetabular impingement deformities in high-level (La Liga) male professional football players.","Prevalence of hip femoroacetabular impingement deformities in high-level (La Liga) male professional football players","10.1186/s12891-024-07247-x","10.1186/s12891-024-07247-x"
"PubMed","doi","100","within_second_search","","Evaluation of the lower extremity functional test to predict lower limb injuries in professional male footballers.","Evaluation of the lower extremity functional test to predict lower limb injuries in professional male footballers.","10.1038/s41598-024-53223-9","10.1038/s41598-024-53223-9"
"PubMed","doi","100","within_second_search","","Posterior Cruciate Ligament Reconstruction With Quadriceps Tendon Autograft and Concomitant Meniscal Ramp Repair.","Posterior Cruciate Ligament Reconstruction With Quadriceps Tendon Autograft and Concomitant Meniscal Ramp Repair.","10.1177/26350254231184905","10.1177/26350254231184905"
"PubMed","doi","100","within_second_search","","Curriculum in Neuro-Ophthalmic Principles for National Football League Game Officials: Comparison of Pretraining and Posttraining Ratings of Knowledge.","Curriculum in Neuro-Ophthalmic Principles for National Football League Game Officials: Comparison of Pretraining and Posttraining Ratings of Knowledge.","10.1097/wno.0000000000001926","10.1097/wno.0000000000001926"
"PubMed","doi","100","within_second_search","","Exploring the impact of a data-feedback workshop on injury trends in a regional collegiate American football league in Japan.","Exploring the impact of a data-feedback workshop on injury trends in a regional collegiate American football league in Japan.","10.3389/fspor.2026.1746737","10.3389/fspor.2026.1746737"
"PubMed","doi","100","within_second_search","","The fine line between deliberate play and deliberate practice within talent development in grassroots football: evidence from a one-year longitudinal case study.","The fine line between deliberate play and deliberate practice within talent development in grassroots football: evidence from a one-year longitudinal case study.","10.3389/fspor.2026.1799878","10.3389/fspor.2026.1799878"
"PubMed","doi","100","within_second_search","","Positional differences in peak- and accumulated-training load relative to match load in highly-trained female football players.","Positional differences in peak- and accumulated-training load relative to match load in highly-trained female football players.","10.3389/fspor.2026.1799448","10.3389/fspor.2026.1799448"
"PubMed","doi","100","within_second_search","","Alterations in knee biomechanics and motor performance following 3 months training with the Football+ and 11+ warm-up programs among amateur female players. A three-armed cluster allocated, non-randomized intervention study.","Alterations in knee biomechanics and motor performance following 3 months training with the Football+ and 11+ warm-up programs among amateur female players. A three-armed cluster allocated, non-randomized intervention study.","10.1016/j.jesf.2026.200463","10.1016/j.jesf.2026.200463"
"PubMed","doi","100","within_second_search","","Calf Strains in Athletes: A Narrative Review of Management, Injury Grading, and Return to Sport.","Calf Strains in Athletes: A Narrative Review of Management, Injury Grading, and Return to Sport.","10.1186/s40798-025-00960-4","10.1186/s40798-025-00960-4"
"PubMed","doi","100","within_second_search","","Impact of the 'FUNBALL' Programme on Severe Injuries Among Young Male Football Players: A Secondary Analysis from a Cluster-Randomised Controlled Trial.","Impact of the 'FUNBALL' Programme on Severe Injuries Among Young Male Football Players: A Secondary Analysis from a Cluster-Randomised Controlled Trial.","10.1186/s40798-025-00945-3","10.1186/s40798-025-00945-3"
"PubMed","doi","100","within_second_search","","Normative Data for a Multi-Domain Concussion Assessment in the Female Community Sport of Ladies Gaelic Football.","Normative Data for a Multi-Domain Concussion Assessment in the Female Community Sport of Ladies Gaelic Football.","10.3390/sports13110405","10.3390/sports13110405"
"PubMed","doi","100","within_second_search","","Impact of Pre-Elite Anterior Cruciate Ligament (ACL) Reconstruction on Draft Outcomes and Reinjury Risk in Elite Australian Football Players: A Retrospective Cohort Study.","Impact of Pre-Elite Anterior Cruciate Ligament (ACL) Reconstruction on Draft Outcomes and Reinjury Risk in Elite Australian Football Players: A Retrospective Cohort Study.","10.3390/sports13090308","10.3390/sports13090308"
"PubMed","doi","100","within_second_search","","The Impact of an 8-Week Running Technique Program on Linear and Change-of-Direction Speed in Youth Football-A Pilot Study.","The Impact of an 8-Week Running Technique Program on Linear and Change-of-Direction Speed in Youth Football—A Pilot Study.","10.3390/sports13090305","10.3390/sports13090305"
"PubMed","doi","100","within_second_search","","Resident Case Series: The Utility of the Athletic Shoulder Test Using Wireless Portable Force Plates for Measuring Peak Force in NCAA Division One Collegiate Quarterbacks.","Resident Case Series: The Utility of the Athletic Shoulder Test Using Wireless Portable Force Plates for Measuring Peak Force in NCAA Division One Collegiate Quarterbacks.","10.26603/001c.141279","10.26603/001c.141279"
"PubMed","doi","100","within_second_search","","A cross-sectional study on gender & sports specific biomechanical analysis of countermovement jump force, velocity, power and time parameters in Indian players.","A cross-sectional study on gender & sports specific biomechanical analysis of countermovement jump force, velocity, power and time parameters in Indian players.","10.1016/j.jbmt.2025.04.014","10.1016/j.jbmt.2025.04.014"
"PubMed","doi","100","within_second_search","","Neuropsychological Performance: How Mental Health Drives Attentional Function in University-Level Football Athletes.","Neuropsychological Performance: How Mental Health Drives Attentional Function in University-Level Football Athletes.","10.3390/sports13030061","10.3390/sports13030061"
"PubMed","doi","100","within_second_search","","Gambling and Gaming: A Comparative Study of Professional Footballers Versus the General Population.","Gambling and Gaming: A Comparative Study of Professional Footballers Versus the General Population.","10.3390/sports13020034","10.3390/sports13020034"
"PubMed","doi","100","within_second_search","","Assessing Nutritional Knowledge and Physical Health Among Football Players: A Pilot Study from Three Sports Clubs in Western Romania.","Assessing Nutritional Knowledge and Physical Health Among Football Players: A Pilot Study from Three Sports Clubs in Western Romania.","10.3390/sports13010016","10.3390/sports13010016"
"PubMed","doi","100","within_second_search","","Effects of hyperbaric oxygen therapy on recovery after a football match in young players: a double-blind randomized controlled trial.","Effects of hyperbaric oxygen therapy on recovery after a football match in young players: a double-blind randomized controlled trial.","10.3389/fphys.2024.1483142","10.3389/fphys.2024.1483142"
"PubMed","doi","100","within_second_search","","Reliability of a novel neck external loading dynamometer.","Reliability of a novel neck external loading dynamometer.","10.1016/j.jbiomech.2024.112400","10.1016/j.jbiomech.2024.112400"
"PubMed","doi","100","within_second_search","","Energy Availability and Body Composition in Professional Athletes: Two Sides of the Same Coin.","Energy Availability and Body Composition in Professional Athletes: Two Sides of the Same Coin.","10.3390/nu16203507","10.3390/nu16203507"
"PubMed","doi","100","within_second_search","","Nutritional knowledge, attitudes and behaviours in rugby league; influences of age, body composition and ancestry.","Nutritional knowledge, attitudes and behaviours in rugby league; influences of age, body composition and ancestry.","10.1080/15502783.2024.2411714","10.1080/15502783.2024.2411714"
"PubMed","doi","100","within_second_search","","A Comment on González et al: Predicting Injuries in Elite Female Football Players With Global-Positioning-System and Multiomics Data.","A Comment on Gonzalez et al: Predicting Injuries in Elite Female Football Players With Global-Positioning-System and Multiomics Data.","10.1123/ijspp.2024-0246","10.1123/ijspp.2024-0246"
"PubMed","doi","100","within_second_search","","Lower Extremity Injury Rates on Artificial Turf Versus Natural Grass Surfaces in the National Football League During the 2021 and 2022 Seasons.","Lower Extremity Injury Rates on Artificial Turf Versus Natural Grass Surfaces in the National Football League During the 2021 and 2022 Seasons.","10.1177/23259671241265378","10.1177/23259671241265378"
"PubMed","doi","100","within_second_search","","Return to Play After Arthroscopic Management of Rotator Cuff Tears in Professional Athletes of Contact Sports.","Return to Play After Arthroscopic Management of Rotator Cuff Tears in Professional Athletes of Contact Sports.","10.1177/23259671241264166","10.1177/23259671241264166"
"PubMed","doi","100","within_second_search","","Dismissing the idea that basketball is a ""contactless"" sport: quantifying contacts during professional gameplay.","Dismissing the idea that basketball is a ""contactless"" sport: quantifying contacts during professional gameplay.","10.3389/fspor.2024.1419088","10.3389/fspor.2024.1419088"
"PubMed","doi","100","within_second_search","","Suicide and suicidality among collegiate student-athletes: A scoping review.","Suicide and suicidality among collegiate student-athletes: A scoping review.","10.1080/07448481.2024.2382428","10.1080/07448481.2024.2382428"
"PubMed","doi","100","within_second_search","","Towards a more individualised assessment of post-training fatigue in young footballers.","Towards a more individualised assessment of post-training fatigue in young footballers.","10.1016/j.heliyon.2024.e33626","10.1016/j.heliyon.2024.e33626"
"PubMed","doi","100","within_second_search","","Validation of field-based running tests to determine maximal aerobic speed in professional rugby league.","Validation of field-based running tests to determine maximal aerobic speed in professional rugby league.","10.1371/journal.pone.0306062","10.1371/journal.pone.0306062"
"PubMed","doi","100","within_second_search","","Impact of fish oil supplementation on plasma levels of highly unsaturated fatty acid-containing lipid classes and molecular species in American football athletes.","Impact of fish oil supplementation on plasma levels of highly unsaturated fatty acid-containing lipid classes and molecular species in American football athletes.","10.1186/s12986-024-00815-x","10.1186/s12986-024-00815-x"
"PubMed","doi","100","within_second_search","","Energy expenditure of international female rugby union players during a major international tournament: a doubly labelled water study.","Energy expenditure of international female rugby union players during a major international tournament: a doubly labelled water study.","10.1139/apnm-2023-0596","10.1139/apnm-2023-0596"
"PubMed","doi","100","within_second_search","","Descriptive epidemiology study of hand injuries sustained in Gaelic football referred to a hand therapy service over 1 year.","Descriptive epidemiology study of hand injuries sustained in Gaelic football referred to a hand therapy service over 1 year.","10.1136/bmjsem-2024-001974","10.1136/bmjsem-2024-001974"
"PubMed","doi","100","within_second_search","","Health Benefits of Different Sports: a Systematic Review and Meta-Analysis of Longitudinal and Intervention Studies Including 2.6 Million Adult Participants.","Health Benefits of Different Sports: a Systematic Review and Meta-Analysis of Longitudinal and Intervention Studies Including 2.6 Million Adult Participants.","10.1186/s40798-024-00692-x","10.1186/s40798-024-00692-x"
"PubMed","doi","100","within_second_search","","Analysis of football research trends using text network analysis.","Analysis of football research trends using text network analysis.","10.1371/journal.pone.0299782","10.1371/journal.pone.0299782"
"PubMed","doi","100","within_second_search","","The Role of MRI Scan in Sports-Related Anterior Cruciate Ligament Injuries: A Case Report-Based Literature Review.","The Role of MRI Scan in Sports-Related Anterior Cruciate Ligament Injuries: A Case Report-Based Literature Review.","10.7759/cureus.55941","10.7759/cureus.55941"
"PubMed","doi","100","within_second_search","","Post-traumatic jejunal branch of superior mesenteric artery pseudoaneurysm in paediatrics: a compelling case report highlighting early diagnosis and successful endovascular embolization.","Post-traumatic jejunal branch of superior mesenteric artery pseudoaneurysm in paediatrics: a compelling case report highlighting early diagnosis and successful endovascular embolization.","10.1097/ms9.0000000000001856","10.1097/ms9.0000000000001856"
"PubMed","doi","100","within_second_search","","Injury prevention for women and girls playing Australian Football: programme cocreation, dissemination and early adopter coach feedback.","Injury prevention for women and girls playing Australian Football: programme cocreation, dissemination and early adopter coach feedback.","10.1136/bmjsem-2023-001711","10.1136/bmjsem-2023-001711"
"PubMed","doi","100","within_second_search","","Acute Compartment Syndrome of the Thigh After Contusion in a Football Player.","Acute Compartment Syndrome of the Thigh After Contusion in a Football Player.","10.7759/cureus.53617","10.7759/cureus.53617"
"PubMed","doi","100","within_second_search","","Concussion Rates in Youth Lacrosse Players and Comparison With Youth American Football.","Concussion Rates in Youth Lacrosse Players and Comparison With Youth American Football.","10.1177/23259671231223169","10.1177/23259671231223169"
"PubMed","doi","100","within_second_search","","Relationships influencing organisational culture in men's elite football clubs in Norway.","Relationships influencing organisational culture in men's elite football clubs in Norway.","10.1016/j.psychsport.2024.102604","10.1016/j.psychsport.2024.102604"
"PubMed","doi","100","within_second_search","","An Apparent Achilles Heel of the NFL: Have Achilles Tendon Injuries Significantly Increased to Unacceptably High Incidence Levels in the NFL and if so, why? A Clinical Insight.","An Apparent Achilles Heel of the NFL: Have Achilles Tendon Injuries Significantly Increased to Unacceptably High Incidence Levels in the NFL and if so, why? A Clinical Insight.","10.26603/001c.92082","10.26603/001c.92082"
"PubMed","doi","100","within_second_search","","Isolated Trapezoid Fracture in Adolescent Goalkeepers: A Scoping Review of the Literature and a Report of Two Cases.","Isolated Trapezoid Fracture in Adolescent Goalkeepers: A Scoping Review of the Literature and a Report of Two Cases.","10.1016/j.jhsg.2023.09.001","10.1016/j.jhsg.2023.09.001"
"PubMed","doi","100","within_second_search","","Snus use in football: the threat of a new addiction?","Snus use in football: the threat of a new addiction?.","10.5114/biolsport.2024.130050","10.5114/biolsport.2024.130050"
"PubMed","doi","100","within_second_search","","Environment-based approaches to improve participation of young people with physical disabilities during COVID-19.","Environment-based approaches to improve participation of young people with physical disabilities during COVID-19.","10.1111/dmcn.15822","10.1111/dmcn.15822"
"PubMed","doi","100","within_second_search","","Correction to: The Football Association Injury and Illness Surveillance Study: The Incidence, Burden and Severity of Injuries and Illness in Men's and Women's International Football.","Correction to: The Football Association Injury and Illness Surveillance Study: The Incidence, Burden and Severity of Injuries and Illness in Men's and Women's International Football.","10.1007/s40279-023-01971-5","10.1007/s40279-023-01971-5"
"PubMed","doi","100","within_second_search","","Satisfaction with Labial Reinforcement of Custom-Made Mouthguards Among a Cohort of Rugby Union Players: A Randomized Crossover Trial.","Satisfaction with Labial Reinforcement of Custom-Made Mouthguards Among a Cohort of Rugby Union Players: A Randomized Crossover Trial.","10.11607/ijp.8444","10.11607/ijp.8444"
"PubMed","doi","100","within_second_search","","Performance, asymmetry and biomechanical parameters in wheelchair rugby players.","Performance, asymmetry and biomechanical parameters in wheelchair rugby players.","10.1080/14763141.2021.1898670","10.1080/14763141.2021.1898670"
