sourceDataRow,paper_id,source_study_id,paper_title,paper_doi,cohort_family,population_label,setting,outcome_scope,time_loss_definition,time_loss_threshold,sex,age_category,playing_level,geography,discipline,source_incidence_definition,source_burden_definition,source_exposure_unit,exposure_construction,source_notes,source_evidence,rate_sd,observation_id,injury_count,exposure_player_hours,rate_per_1000_player_hours,reported_rate_per_1000,calculated_rate_per_1000,ci95_lower,ci95_upper,source_count_field,source_rate_field,injury_location,tissue_type,injury_diagnosis,onset,player_position,laterality,outcome_target,metric,incidence_per_1000_player_hours,burden_days_per_1000_player_hours,source_context_row,source_context_csv,analysis_route,primary_model_eligible,sensitivity_definition,sensitivity_estimated_exposure,sensitivity_rounded_reconstruction,scope_verification,overlap_verification,metric_alignment_verification,source_parent_id,duplicate_of,arithmetic_method,inferred_exposure_player_hours,inferred_injury_count_estimate,rounding_assumption,inference_usable_for_count_likelihood,meanAge,ageRange,sampleSizePlayers,numberOfTeams,observationDuration,dataCollectionPeriod,numberOfSeasons,studyDesign,trialArm,randomisedControlledTrial,geneticGroup,injuryDefinition,injuryDefinitionDescription,exposureDefinitionDescription,mechanismReportingDescription,recurrenceDefinitionDescription,severityDefinitionDescription,source_context_injuryMostCommonLocation,source_context_injuryMostCommonType,source_context_injuryMostCommonDiagnosis,population_role,population_partition_evidence,outcome_coverage_restriction,exposure_method_evidence,exposure_method_categories,exposure_method_details,standard_90_minute_pitch_formula,exposure_method_adjudication,exposure_method_sensitivity_only,historical_source_family_role,historical_source_family_evidence,descriptor_status,days_lost,candidate_injury_count,candidate_source_count_field,metric_correction_reason,metric_correction_evidence,release_context_csv,release_context_join_key,candidate_outcome_scope,candidate_injury_location,candidate_tissue_type,candidate_injury_diagnosis,candidate_review_flags,reported_rate_alignment,reported_time_loss_rate_per_1000,calculated_crude_count_rate_per_1000,published_rate_method,prefit_gate,alignment_decision,alignment_reason,alignment_evidence,threshold_analysis_route,overlap_selection,overlap_family,overlap_reason,overlap_evidence,selected_parent_id,sampling_information_route,reverse_exposure_supported,reverse_exposure_evidence,analysis_target_key,main_scientific_input_selected,model_readiness
141,S099,S099,The FIFA 11+ Shoulder Injury Prevention Program Was Effective in Reducing Upper Extremity Injuries Among Soccer Goalkeepers,,fifa11-shoulder-goalkeepers,Row 1,overall,restricted_upper_limb_injuries_among_goalkeepers,time-loss,source_defined_threshold_unconfirmed,Male,Senior,Amateur,Saudi Arabia,Football,the number of injuries per 1000 exposure-hours for both matches and training,,hours,source construction requires review,"[2026-07-27] Source-family overlap treatment, 27 July 2026: S099 is the canonical analysis record for the FIFA 11+ shoulder goalkeeper trial family. Duplicate imports are retained only in source scope. No screening, status, assignment, extraction, population, file or protected value was changed. || [2025-11-24] Lots of the metrics are included in the results however they are included as a comparison between the 2 groups, individual results for e.g. incidence CI, recurrence aren't provided.",source CSV: injuryLocation_position_goalkeeper_incidence,,141:incidence:overall:injuryLocation_position_goalkeeper_incidence,,80555,0.62,0.62,,,,,injuryLocation_position_goalkeeper_incidence,upper limb,,upper limb injury,,goalkeeper,,restricted_upper_limb_injuries_among_goalkeepers,incidence,0.62,,141,/Users/abdelbabiker/Desktop/GBI-DE-MVP-main/Bayesian Analysis/analysis/model-input-releases/2026-09-14-injury-candidates/standardised.csv,duplicate_representation,false,true,not_yet_classified,true,reviewed_see_alignment_decision,duplicate,supported,S099:multiple_rows,141:incidence:overall:main,approximate_count_from_reported_rate,,49.9441,Approximate point calculation only. Original published precision and population alignment must be verified before use; no rounding bounds or confidence interval inferred.,false,,,,,1 season (6 months),,1,randomised controlled trial,,Yes,,Time loss,time-loss,,Medical Staff,,"time lost in days: minor (1-7 days lost), moderate (8-21 days lost), or severe (>21 days lost)",elbow,,,unclassified_row,standardised.csv source row; candidate review flag multiple_rows_same_paper where present,,,,,not_documented_in_bounded_inventory,not_individually_adjudicated,not_yet_classified,anchor,"Bibliographic identity confirmed by normalised title, archived duplicate record, matching source data, or exact registered file identity.",supported_restricted_scope_from_sole_time_loss_definition,,,,,,analysis-source-context.csv,sourceDataRow,injuryLocation_position_goalkeeper,,,,cohort_overlap_review | outcome_scope_review | multiple_rows_same_paper | current_session_only_not_ruled_out | detailed_outcome_definition_and_setting_review,,,,,,supported,"The source labels the outcome time loss, but its threshold is unconfirmed. The approved protocol routes this to threshold sensitivity, not a global hold. A source-extracted rate is retained, but no count/hour pair or confidence interval is available for the numerical model route.",analysis master: source CSV: injuryLocation_position_goalkeeper_incidence,sensitivity,duplicate,fifa11-shoulder-goalkeepers,Duplicate of the source-supported count/hour or days/hour representation for the same source outcome. This descriptor-only representation does not replace its sampling information.,matching-overall-category-adjudication.csv; analysis master paper_title and time_loss_definition; equality deliberately not used as evidence; quantitative parent retained,141,descriptive_rate_without_usable_sampling_information,false,,incidence|overall|restricted_upper_limb_injuries_among_goalkeepers|upper limb||upper limb injury|goalkeeper|,false,likelihood_and_target_selection_pending
142,S099,S099,The FIFA 11+ Shoulder Injury Prevention Program Was Effective in Reducing Upper Extremity Injuries Among Soccer Goalkeepers,,fifa11-shoulder-goalkeepers,Row 2,overall,restricted_upper_limb_injuries_among_goalkeepers,time-loss,source_defined_threshold_unconfirmed,Male,Senior,Amateur,Saudi Arabia,Football,the number of injuries per 1000 exposure-hours for both matches and training,,hours,source construction requires review,"[2026-07-27] Source-family overlap treatment, 27 July 2026: S099 is the canonical analysis record for the FIFA 11+ shoulder goalkeeper trial family. Duplicate imports are retained only in source scope. No screening, status, assignment, extraction, population, file or protected value was changed. || [2025-11-24] Lots of the metrics are included in the results however they are included as a comparison between the 2 groups, individual results for e.g. incidence CI, recurrence aren't provided.",source CSV: injuryLocation_position_goalkeeper_incidence,,142:incidence:overall:injuryLocation_position_goalkeeper_incidence,,62887,1.94,1.94,,,,,injuryLocation_position_goalkeeper_incidence,upper limb,,upper limb injury,,goalkeeper,,restricted_upper_limb_injuries_among_goalkeepers,incidence,1.94,,142,/Users/abdelbabiker/Desktop/GBI-DE-MVP-main/Bayesian Analysis/analysis/model-input-releases/2026-09-14-injury-candidates/standardised.csv,duplicate_representation,false,true,not_yet_classified,true,reviewed_see_alignment_decision,duplicate,supported,S099:multiple_rows,142:incidence:overall:main,approximate_count_from_reported_rate,,122.00078,Approximate point calculation only. Original published precision and population alignment must be verified before use; no rounding bounds or confidence interval inferred.,false,,,,,1 season (6 months),,1,randomised controlled trial,,Yes,,Time loss,time-loss,,Medical Staff,,"time lost in days: minor (1-7 days lost), moderate (8-21 days lost), or severe (>21 days lost)",wrist,,,unclassified_row,standardised.csv source row; candidate review flag multiple_rows_same_paper where present,,,,,not_documented_in_bounded_inventory,not_individually_adjudicated,not_yet_classified,anchor,"Bibliographic identity confirmed by normalised title, archived duplicate record, matching source data, or exact registered file identity.",supported_restricted_scope_from_sole_time_loss_definition,,,,,,analysis-source-context.csv,sourceDataRow,injuryLocation_position_goalkeeper,,,,cohort_overlap_review | outcome_scope_review | multiple_rows_same_paper | current_session_only_not_ruled_out | detailed_outcome_definition_and_setting_review,,,,,,supported,"The source labels the outcome time loss, but its threshold is unconfirmed. The approved protocol routes this to threshold sensitivity, not a global hold. A source-extracted rate is retained, but no count/hour pair or confidence interval is available for the numerical model route.",analysis master: source CSV: injuryLocation_position_goalkeeper_incidence,sensitivity,duplicate,fifa11-shoulder-goalkeepers,Duplicate of the source-supported count/hour or days/hour representation for the same source outcome. This descriptor-only representation does not replace its sampling information.,matching-overall-category-adjudication.csv; analysis master paper_title and time_loss_definition; equality deliberately not used as evidence; quantitative parent retained,142,descriptive_rate_without_usable_sampling_information,false,,incidence|overall|restricted_upper_limb_injuries_among_goalkeepers|upper limb||upper limb injury|goalkeeper|,false,likelihood_and_target_selection_pending
157,S1109,S1109,"The effects of jump training on measures of physical performance, lower extremities injury incidence and burden in highly trained male soccer players.",10.1080/15438627.2022.2079989,S1109,Control group,overall,restricted_lower_limb,time-loss,source_defined_threshold_unconfirmed,Male,Adult,Semi-professional,Spain,Football,per 1000 exposure hours,absence days per 1000 exposure hours,hours,source construction requires review,,"source CSV: injuryTotalCount, injuryIncidenceOverall, totalExposure",,157:incidence:overall:main,,,8.94,8.94,,,,injuryTotalCount,injuryIncidenceOverall,lower limb,,,,,,restricted_lower_limb,incidence,8.94,,157,/Users/abdelbabiker/Desktop/GBI-DE-MVP-main/Bayesian Analysis/analysis/model-input-releases/2026-09-14-injury-candidates/standardised.csv,duplicate_representation,false,true,not_yet_classified,false,reviewed_see_alignment_decision,duplicate,hold,S1109:multiple_rows,157:incidence:overall:injuryLocation_lower_limb_overall_incidence,,,,,false,,,13,1,16-week in-season intervention period,,1,randomized controlled trial,Control,Yes,,Time loss,time-loss,,strength and conditioning specialist supervised by team fitness coach; medical staff diagnosis,,absence days,lower extremity,lower extremity injury,,unclassified_row,standardised.csv source row; candidate review flag multiple_rows_same_paper where present,,,,,not_documented_in_bounded_inventory,not_individually_adjudicated,not_yet_classified,,,supported_restricted_scope_from_sole_time_loss_definition,,,injuryTotalCount,,,analysis-source-context.csv,sourceDataRow,lower_limb_scope_review,lower limb,,,cohort_overlap_review | outcome_scope_review | multiple_rows_same_paper | current_session_only_not_ruled_out | time_loss_outcome_alignment_review,,,,,,hold,"The source labels the outcome time loss, but its threshold is unconfirmed. The approved protocol routes this to threshold sensitivity, not a global hold. The parent rate equals a category rate and the source title/definition identifies a restricted outcome. Do not label the parent as all injuries.","analysis master: source CSV: injuryTotalCount, injuryIncidenceOverall, totalExposure",sensitivity,duplicate,S1109,The alignment pair review confirms that this generic representation is the same restricted source outcome as the retained descriptor-rich detailed representation.,matching-overall-category-adjudication.csv; analysis master paper_title and time_loss_definition; equality deliberately not used as evidence,157,descriptive_rate_without_usable_sampling_information,false,,incidence|overall|restricted_lower_limb|lower limb||||,false,likelihood_and_target_selection_pending
158,S1109,S1109,"The effects of jump training on measures of physical performance, lower extremities injury incidence and burden in highly trained male soccer players.",10.1080/15438627.2022.2079989,S1109,Experimental group,overall,restricted_lower_limb,time-loss,source_defined_threshold_unconfirmed,Male,Adult,Semi-professional,Spain,Football,per 1000 exposure hours,absence days per 1000 exposure hours,hours,source construction requires review,,"source CSV: injuryTotalCount, injuryIncidenceOverall, totalExposure",,158:incidence:overall:main,,,2.81,2.81,,,,injuryTotalCount,injuryIncidenceOverall,lower limb,,,,,,restricted_lower_limb,incidence,2.81,,158,/Users/abdelbabiker/Desktop/GBI-DE-MVP-main/Bayesian Analysis/analysis/model-input-releases/2026-09-14-injury-candidates/standardised.csv,duplicate_representation,false,true,not_yet_classified,false,reviewed_see_alignment_decision,duplicate,hold,S1109:multiple_rows,158:incidence:overall:injuryLocation_lower_limb_overall_incidence,,,,,false,,,10,1,16-week in-season intervention period,,1,randomized controlled trial,Intervention | Experimental,Yes,,Time loss,time-loss,,strength and conditioning specialist supervised by team fitness coach; medical staff diagnosis,,absence days,,,,unclassified_row,standardised.csv source row; candidate review flag multiple_rows_same_paper where present,,,,,not_documented_in_bounded_inventory,not_individually_adjudicated,not_yet_classified,,,supported_restricted_scope_from_sole_time_loss_definition,,,injuryTotalCount,,,analysis-source-context.csv,sourceDataRow,lower_limb_scope_review,lower limb,,,cohort_overlap_review | outcome_scope_review | multiple_rows_same_paper | current_session_only_not_ruled_out | time_loss_outcome_alignment_review,,,,,,hold,"The source labels the outcome time loss, but its threshold is unconfirmed. The approved protocol routes this to threshold sensitivity, not a global hold. The parent rate equals a category rate and the source title/definition identifies a restricted outcome. Do not label the parent as all injuries.","analysis master: source CSV: injuryTotalCount, injuryIncidenceOverall, totalExposure",sensitivity,duplicate,S1109,The alignment pair review confirms that this generic representation is the same restricted source outcome as the retained descriptor-rich detailed representation.,matching-overall-category-adjudication.csv; analysis master paper_title and time_loss_definition; equality deliberately not used as evidence,158,descriptive_rate_without_usable_sampling_information,false,,incidence|overall|restricted_lower_limb|lower limb||||,false,likelihood_and_target_selection_pending
195,S1447,S1447,Hamstring muscle injury is preceded by a short period of higher running demands in professional football players.,10.5114/biolsport.2024.127387,S1447,Total,overall,restricted_non_contact_hamstring_injury_during_official_match,time loss [non-contact hamstring injury during official match; ≥7 days],source_defined_threshold_unconfirmed,Male,Senior,Professional/international,Spain,Football,per 1000 match exposure hours,,hours,source construction requires review,,"source CSV: injuryTimeLossCount, injuryIncidenceOverall, totalExposure",,195:incidence:overall:main,44,,3.34,3.34,,,,injuryTimeLossCount,injuryIncidenceOverall,thigh,muscle injury,hamstring muscle injury,,,,restricted_non_contact_hamstring_injury_during_official_match,incidence,3.34,,195,/Users/abdelbabiker/Desktop/GBI-DE-MVP-main/Bayesian Analysis/analysis/model-input-releases/2026-09-14-injury-candidates/standardised.csv,duplicate_representation,false,false,not_yet_classified,true,reviewed_see_alignment_decision,duplicate,hold,,195:incidence:overall:injuryLocation_thigh_incidence;195:incidence:overall:injuryTissueType_injury_diagnosis_incidence,approximate_hours_from_reported_rate,13173.6526946108,,Approximate point calculation only. Original published precision and population alignment must be verified before use; no rounding bounds or confidence interval inferred.,false,,,281,7,2016-2017 to 2018-2019 (3 seasons),,3,prospective cohort,,,,Time loss,time loss [non-contact hamstring injury during official match; ≥7 days],,medical staff,same type and site within the same season,days from injury to full participation,,,,single_or_unlinked_row,standardised.csv source row,,,,,not_documented_in_bounded_inventory,not_individually_adjudicated,not_yet_classified,,,supported_restricted_scope_from_sole_time_loss_definition,,44,injuryTimeLossCount,,,analysis-source-context.csv,sourceDataRow,hamstring_scope_review,,,hamstring,cohort_overlap_review | outcome_scope_review | current_session_only_not_ruled_out | time_loss_outcome_alignment_review,,,,,,hold,The saved source wording gives a time-loss restriction or threshold. The parent rate equals a category rate and the source title/definition identifies a restricted outcome. Do not label the parent as all injuries.,"analysis master: source CSV: injuryTimeLossCount, injuryIncidenceOverall, totalExposure",main,duplicate,S1447,The alignment pair review confirms that this generic representation is the same restricted source outcome as the retained descriptor-rich detailed representation.,matching-overall-category-adjudication.csv; analysis master paper_title and time_loss_definition; equality deliberately not used as evidence,195,descriptive_rate_without_usable_sampling_information,false,setting_matches_rate_definition,incidence|overall|restricted_non_contact_hamstring_injury_during_official_match|thigh|muscle injury|hamstring muscle injury||,false,likelihood_and_target_selection_pending
240,S1665,S1665,Incidence and intrinsic risk factors of hamstring strain injuries among Malaysian footballers: a cohort study of 81 professional footballers,10.23736/S0393-3660.24.05540-2,S1665,Total,overall,restricted_posterior_thigh_hamstring_strain_injury,time loss [hamstring strain injury; posterior thigh strained muscle],source_defined_threshold_unconfirmed,Male,,Professional/international,Malaysia,Football,per 1000 player-hours,,player-hours,source construction requires review,"[2026-07-27] Retrospective sub-study reconciliation, 27 July 2026: S1665 is the analysis anchor for the 2023 Malaysian single-club hamstring cohort. S5061 is a smaller 72-player strength subset from the same cohort. No status, extraction, population, screening, file, assignment, or flag value was changed. || [2026-07-07] Second-search temporary extraction batch 006. Source checked: scanned article image, especially abstract page; no machine-readable OCR was available. Sparse hamstring-strain extraction from abstract only: 81 Malaysian professional footballers, 2023 league season, HSI incidence 0.91/1000h, match 5.43/1000h, training 0.42/1000h. Tables need reviewer spot-check before completion. Formal full-text inclusion still requires a second human include; screening remains pending.","source CSV: injuryTimeLossCount, injuryIncidenceOverall, totalExposure",,240:incidence:overall:main,15,24147.5,0.62,0.62,0.621182317,,,injuryTimeLossCount,injuryIncidenceOverall,thigh,muscle injury,hamstring strain injury,,,,restricted_posterior_thigh_hamstring_strain_injury,incidence,0.62,,240,/Users/abdelbabiker/Desktop/GBI-DE-MVP-main/Bayesian Analysis/analysis/model-input-releases/2026-09-14-injury-candidates/standardised.csv,duplicate_representation,false,true,not_yet_classified,false,reviewed_see_alignment_decision,duplicate,supported,S1665:parent:240,241:incidence:overall:injuryLocation_thigh_incidence;241:incidence:overall:injuryTissueType_injury_diagnosis_incidence;241:incidence:overall:injuryTissueType_muscle_injury_incidence;241:incidence:overall:main;242:incidence:overall:injuryLocation_thigh_incidence;242:incidence:overall:injuryTissueType_injury_diagnosis_incidence;242:incidence:overall:injuryTissueType_muscle_injury_incidence;242:incidence:overall:main;243:incidence:overall:injuryLocation_thigh_incidence;243:incidence:overall:injuryTissueType_injury_diagnosis_incidence;243:incidence:overall:injuryTissueType_muscle_injury_incidence;243:incidence:overall:main,,,,,false,,,81,1,2023 Malaysian Football League season,,1,prospective cohort study,,,,Time loss,time loss [hamstring strain injury; posterior thigh strained muscle],,medical staff,recurrent HSI reported as recurrent rate; exact recurrence definition not reported,minimal 1-3 days; mild 4-7 days; moderate 8-28 days; severe >28 days,,,,parent,"standardised.csv sourceDataRow 240 and child rows 241,242,243; exact fields: sampleSizePlayers,totalExposure,injuryTotalCount,injuryTimeLossCount",,,,,not_documented_in_bounded_inventory,not_individually_adjudicated,not_yet_classified,,,supported_restricted_outcome_parent_with_source_confirmed_numeric_information,,15,injuryTimeLossCount,,,analysis-source-context.csv,sourceDataRow,hamstring_scope_review,,,hamstring,cohort_overlap_review | outcome_scope_review | multiple_rows_same_paper | current_session_only_not_ruled_out | time_loss_outcome_alignment_review,,,,,,supported,The frozen master retains a direct observed injury count and player-hour denominator for this source-confirmed restricted outcome. The matching-pair audit establishes that the generic parent and descriptor aliases are the same clinical target; the parent preserves the count/hour information. The time-loss threshold route is retained from the source definition.,"source CSV: injuryTimeLossCount, injuryIncidenceOverall, totalExposure; /Users/abdelbabiker/Desktop/GBI-DE-MVP-main/Bayesian Analysis/analysis/model-input-releases/2026-09-14-injury-candidates/standardised.csv sourceDataRow=240; matching-overall-category-adjudication.csv: title/definition verifies the parent and descriptor alias as the same restricted outcome",sensitivity,duplicate,S1665,"Every named child reports this final metric, setting, outcome scope and threshold route, and each replacement is alignment-supported. The prior map verified an exhaustive numerical partition from three or more source quantity fields, so the parent is a duplicate representation.","standardised.csv sourceDataRow 240 and child rows 241,242,243; exact fields: sampleSizePlayers,totalExposure,injuryTotalCount,injuryTimeLossCount; complete alignment-supported child target coverage; selected child source rows=241;242;243",240,count_and_exposure,false,,incidence|overall|restricted_posterior_thigh_hamstring_strain_injury|thigh|muscle injury|hamstring strain injury||,false,likelihood_and_target_selection_pending
240,S1665,S1665,Incidence and intrinsic risk factors of hamstring strain injuries among Malaysian footballers: a cohort study of 81 professional footballers,10.23736/S0393-3660.24.05540-2,S1665,Total,match,restricted_posterior_thigh_hamstring_strain_injury,time loss [hamstring strain injury; posterior thigh strained muscle],source_defined_threshold_unconfirmed,Male,,Professional/international,Malaysia,Football,per 1000 player-hours,,player-hours,source construction requires review,"[2026-07-27] Retrospective sub-study reconciliation, 27 July 2026: S1665 is the analysis anchor for the 2023 Malaysian single-club hamstring cohort. S5061 is a smaller 72-player strength subset from the same cohort. No status, extraction, population, screening, file, assignment, or flag value was changed. || [2026-07-07] Second-search temporary extraction batch 006. Source checked: scanned article image, especially abstract page; no machine-readable OCR was available. Sparse hamstring-strain extraction from abstract only: 81 Malaysian professional footballers, 2023 league season, HSI incidence 0.91/1000h, match 5.43/1000h, training 0.42/1000h. Tables need reviewer spot-check before completion. Formal full-text inclusion still requires a second human include; screening remains pending.","source CSV: injuryMatchTimeLossCount, injuryIncidenceMatch, matchExposure",,240:incidence:match:main,9,1072.5,8.39,8.39,8.3916083916,,,injuryMatchTimeLossCount,injuryIncidenceMatch,thigh,muscle injury,hamstring strain injury,,,,restricted_posterior_thigh_hamstring_strain_injury,incidence,8.39,,240,/Users/abdelbabiker/Desktop/GBI-DE-MVP-main/Bayesian Analysis/analysis/model-input-releases/2026-09-14-injury-candidates/standardised.csv,duplicate_representation,false,true,not_yet_classified,false,reviewed_see_alignment_decision,duplicate,supported,S1665:parent:240,241:incidence:match:main;242:incidence:match:main;243:incidence:match:main,,,,,false,,,81,1,2023 Malaysian Football League season,,1,prospective cohort study,,,,Time loss,time loss [hamstring strain injury; posterior thigh strained muscle],,medical staff,recurrent HSI reported as recurrent rate; exact recurrence definition not reported,minimal 1-3 days; mild 4-7 days; moderate 8-28 days; severe >28 days,,,,parent,"standardised.csv sourceDataRow 240 and child rows 241,242,243; exact fields: sampleSizePlayers,totalExposure,injuryTotalCount,injuryTimeLossCount",,,,,not_documented_in_bounded_inventory,not_individually_adjudicated,not_yet_classified,,,supported_restricted_scope_from_sole_time_loss_definition,,9,injuryMatchTimeLossCount,,,analysis-source-context.csv,sourceDataRow,hamstring_scope_review,,,hamstring,cohort_overlap_review | outcome_scope_review | multiple_rows_same_paper | current_session_only_not_ruled_out | time_loss_outcome_alignment_review,,,,,,supported,"The source labels the outcome time loss, but its threshold is unconfirmed. The approved protocol routes this to threshold sensitivity, not a global hold. The study uses a sole time-loss definition, which applies to this reported detailed rate; no conflicting source-context flag is retained.","analysis master: source CSV: injuryMatchTimeLossCount, injuryIncidenceMatch, matchExposure",sensitivity,duplicate,S1665,"Every named child reports this final metric, setting, outcome scope and threshold route, and each replacement is alignment-supported. The prior map verified an exhaustive numerical partition from three or more source quantity fields, so the parent is a duplicate representation.","standardised.csv sourceDataRow 240 and child rows 241,242,243; exact fields: sampleSizePlayers,totalExposure,injuryTotalCount,injuryTimeLossCount; complete alignment-supported child target coverage; selected child source rows=241;242;243",240,count_and_exposure,false,,incidence|match|restricted_posterior_thigh_hamstring_strain_injury|thigh|muscle injury|hamstring strain injury||,false,likelihood_and_target_selection_pending
240,S1665,S1665,Incidence and intrinsic risk factors of hamstring strain injuries among Malaysian footballers: a cohort study of 81 professional footballers,10.23736/S0393-3660.24.05540-2,S1665,Total,training,restricted_posterior_thigh_hamstring_strain_injury,time loss [hamstring strain injury; posterior thigh strained muscle],source_defined_threshold_unconfirmed,Male,,Professional/international,Malaysia,Football,per 1000 player-hours,,player-hours,source construction requires review,"[2026-07-27] Retrospective sub-study reconciliation, 27 July 2026: S1665 is the analysis anchor for the 2023 Malaysian single-club hamstring cohort. S5061 is a smaller 72-player strength subset from the same cohort. No status, extraction, population, screening, file, assignment, or flag value was changed. || [2026-07-07] Second-search temporary extraction batch 006. Source checked: scanned article image, especially abstract page; no machine-readable OCR was available. Sparse hamstring-strain extraction from abstract only: 81 Malaysian professional footballers, 2023 league season, HSI incidence 0.91/1000h, match 5.43/1000h, training 0.42/1000h. Tables need reviewer spot-check before completion. Formal full-text inclusion still requires a second human include; screening remains pending.","source CSV: injuryTrainingTimeLossCount, injuryIncidenceTraining, trainingExposure",,240:incidence:training:main,6,23075,0.26,0.26,0.2600216685,,,injuryTrainingTimeLossCount,injuryIncidenceTraining,thigh,muscle injury,hamstring strain injury,,,,restricted_posterior_thigh_hamstring_strain_injury,incidence,0.26,,240,/Users/abdelbabiker/Desktop/GBI-DE-MVP-main/Bayesian Analysis/analysis/model-input-releases/2026-09-14-injury-candidates/standardised.csv,duplicate_representation,false,true,not_yet_classified,false,reviewed_see_alignment_decision,duplicate,supported,S1665:parent:240,241:incidence:training:main;242:incidence:training:main;243:incidence:training:main,,,,,false,,,81,1,2023 Malaysian Football League season,,1,prospective cohort study,,,,Time loss,time loss [hamstring strain injury; posterior thigh strained muscle],,medical staff,recurrent HSI reported as recurrent rate; exact recurrence definition not reported,minimal 1-3 days; mild 4-7 days; moderate 8-28 days; severe >28 days,,,,parent,"standardised.csv sourceDataRow 240 and child rows 241,242,243; exact fields: sampleSizePlayers,totalExposure,injuryTotalCount,injuryTimeLossCount",,,,,not_documented_in_bounded_inventory,not_individually_adjudicated,not_yet_classified,,,supported_restricted_scope_from_sole_time_loss_definition,,6,injuryTrainingTimeLossCount,,,analysis-source-context.csv,sourceDataRow,hamstring_scope_review,,,hamstring,cohort_overlap_review | outcome_scope_review | multiple_rows_same_paper | current_session_only_not_ruled_out | time_loss_outcome_alignment_review,,,,,,supported,"The source labels the outcome time loss, but its threshold is unconfirmed. The approved protocol routes this to threshold sensitivity, not a global hold. The study uses a sole time-loss definition, which applies to this reported detailed rate; no conflicting source-context flag is retained.","analysis master: source CSV: injuryTrainingTimeLossCount, injuryIncidenceTraining, trainingExposure",sensitivity,duplicate,S1665,"Every named child reports this final metric, setting, outcome scope and threshold route, and each replacement is alignment-supported. The prior map verified an exhaustive numerical partition from three or more source quantity fields, so the parent is a duplicate representation.","standardised.csv sourceDataRow 240 and child rows 241,242,243; exact fields: sampleSizePlayers,totalExposure,injuryTotalCount,injuryTimeLossCount; complete alignment-supported child target coverage; selected child source rows=241;242;243",240,count_and_exposure,false,,incidence|training|restricted_posterior_thigh_hamstring_strain_injury|thigh|muscle injury|hamstring strain injury||,false,likelihood_and_target_selection_pending
240,S1665,S1665,Incidence and intrinsic risk factors of hamstring strain injuries among Malaysian footballers: a cohort study of 81 professional footballers,10.23736/S0393-3660.24.05540-2,S1665,Total,overall,restricted_posterior_thigh_hamstring_strain_injury,time loss [hamstring strain injury; posterior thigh strained muscle],source_defined_threshold_unconfirmed,Male,,Professional/international,Malaysia,Football,per 1000 player-hours,,player-hours,source construction requires review,"[2026-07-27] Retrospective sub-study reconciliation, 27 July 2026: S1665 is the analysis anchor for the 2023 Malaysian single-club hamstring cohort. S5061 is a smaller 72-player strength subset from the same cohort. No status, extraction, population, screening, file, assignment, or flag value was changed. || [2026-07-07] Second-search temporary extraction batch 006. Source checked: scanned article image, especially abstract page; no machine-readable OCR was available. Sparse hamstring-strain extraction from abstract only: 81 Malaysian professional footballers, 2023 league season, HSI incidence 0.91/1000h, match 5.43/1000h, training 0.42/1000h. Tables need reviewer spot-check before completion. Formal full-text inclusion still requires a second human include; screening remains pending.",source CSV: injuryLocation_thigh_incidence,,240:incidence:overall:injuryLocation_thigh_incidence,,24147.5,0.62,0.62,,,,,injuryLocation_thigh_incidence,thigh,muscle injury,hamstring strain injury,,,,restricted_posterior_thigh_hamstring_strain_injury,incidence,0.62,,240,/Users/abdelbabiker/Desktop/GBI-DE-MVP-main/Bayesian Analysis/analysis/model-input-releases/2026-09-14-injury-candidates/standardised.csv,duplicate_representation,false,true,not_yet_classified,true,reviewed_see_alignment_decision,duplicate,supported,S1665:parent:240,241:incidence:overall:injuryLocation_thigh_incidence;241:incidence:overall:injuryTissueType_injury_diagnosis_incidence;241:incidence:overall:injuryTissueType_muscle_injury_incidence;241:incidence:overall:main;242:incidence:overall:injuryLocation_thigh_incidence;242:incidence:overall:injuryTissueType_injury_diagnosis_incidence;242:incidence:overall:injuryTissueType_muscle_injury_incidence;242:incidence:overall:main;243:incidence:overall:injuryLocation_thigh_incidence;243:incidence:overall:injuryTissueType_injury_diagnosis_incidence;243:incidence:overall:injuryTissueType_muscle_injury_incidence;243:incidence:overall:main,approximate_count_from_reported_rate,,14.97145,Approximate point calculation only. Original published precision and population alignment must be verified before use; no rounding bounds or confidence interval inferred.,false,,,81,1,2023 Malaysian Football League season,,1,prospective cohort study,,,,Time loss,time loss [hamstring strain injury; posterior thigh strained muscle],,medical staff,recurrent HSI reported as recurrent rate; exact recurrence definition not reported,minimal 1-3 days; mild 4-7 days; moderate 8-28 days; severe >28 days,,,,parent,"standardised.csv sourceDataRow 240 and child rows 241,242,243; exact fields: sampleSizePlayers,totalExposure,injuryTotalCount,injuryTimeLossCount",,,,,not_documented_in_bounded_inventory,not_individually_adjudicated,not_yet_classified,,,supported_restricted_scope_from_sole_time_loss_definition,,,,,,analysis-source-context.csv,sourceDataRow,injuryLocation_thigh,thigh,,,cohort_overlap_review | outcome_scope_review | multiple_rows_same_paper | current_session_only_not_ruled_out | detailed_outcome_definition_and_setting_review,,,,,,supported,"The source labels the outcome time loss, but its threshold is unconfirmed. The approved protocol routes this to threshold sensitivity, not a global hold. A source-extracted rate is retained, but no count/hour pair or confidence interval is available for the numerical model route.",analysis master: source CSV: injuryLocation_thigh_incidence,sensitivity,duplicate,S1665,Duplicate source alias of a parent already replaced by the verified aligned granular partition.,matching-overall-category-adjudication.csv; analysis master paper_title and time_loss_definition; equality deliberately not used as evidence; parent replaced by selected granular observations=241:incidence:overall:injuryLocation_thigh_incidence;241:incidence:overall:injuryTissueType_injury_diagnosis_incidence;241:incidence:overall:injuryTissueType_muscle_injury_incidence;241:incidence:overall:main;242:incidence:overall:injuryLocation_thigh_incidence;242:incidence:overall:injuryTissueType_injury_diagnosis_incidence;242:incidence:overall:injuryTissueType_muscle_injury_incidence;242:incidence:overall:main;243:incidence:overall:injuryLocation_thigh_incidence;243:incidence:overall:injuryTissueType_injury_diagnosis_incidence;243:incidence:overall:injuryTissueType_muscle_injury_incidence;243:incidence:overall:main,240,descriptive_rate_without_usable_sampling_information,false,,incidence|overall|restricted_posterior_thigh_hamstring_strain_injury|thigh|muscle injury|hamstring strain injury||,false,likelihood_and_target_selection_pending
240,S1665,S1665,Incidence and intrinsic risk factors of hamstring strain injuries among Malaysian footballers: a cohort study of 81 professional footballers,10.23736/S0393-3660.24.05540-2,S1665,Total,overall,restricted_posterior_thigh_hamstring_strain_injury,time loss [hamstring strain injury; posterior thigh strained muscle],source_defined_threshold_unconfirmed,Male,,Professional/international,Malaysia,Football,per 1000 player-hours,,player-hours,source construction requires review,"[2026-07-27] Retrospective sub-study reconciliation, 27 July 2026: S1665 is the analysis anchor for the 2023 Malaysian single-club hamstring cohort. S5061 is a smaller 72-player strength subset from the same cohort. No status, extraction, population, screening, file, assignment, or flag value was changed. || [2026-07-07] Second-search temporary extraction batch 006. Source checked: scanned article image, especially abstract page; no machine-readable OCR was available. Sparse hamstring-strain extraction from abstract only: 81 Malaysian professional footballers, 2023 league season, HSI incidence 0.91/1000h, match 5.43/1000h, training 0.42/1000h. Tables need reviewer spot-check before completion. Formal full-text inclusion still requires a second human include; screening remains pending.",source CSV: injuryTissueType_injury_diagnosis_incidence,,240:incidence:overall:injuryTissueType_injury_diagnosis_incidence,,24147.5,0.62,0.62,,,,,injuryTissueType_injury_diagnosis_incidence,thigh,muscle injury,hamstring strain injury,,,,restricted_posterior_thigh_hamstring_strain_injury,incidence,0.62,,240,/Users/abdelbabiker/Desktop/GBI-DE-MVP-main/Bayesian Analysis/analysis/model-input-releases/2026-09-14-injury-candidates/standardised.csv,duplicate_representation,false,true,not_yet_classified,true,reviewed_see_alignment_decision,duplicate,supported,S1665:parent:240,241:incidence:overall:injuryLocation_thigh_incidence;241:incidence:overall:injuryTissueType_injury_diagnosis_incidence;241:incidence:overall:injuryTissueType_muscle_injury_incidence;241:incidence:overall:main;242:incidence:overall:injuryLocation_thigh_incidence;242:incidence:overall:injuryTissueType_injury_diagnosis_incidence;242:incidence:overall:injuryTissueType_muscle_injury_incidence;242:incidence:overall:main;243:incidence:overall:injuryLocation_thigh_incidence;243:incidence:overall:injuryTissueType_injury_diagnosis_incidence;243:incidence:overall:injuryTissueType_muscle_injury_incidence;243:incidence:overall:main,approximate_count_from_reported_rate,,14.97145,Approximate point calculation only. Original published precision and population alignment must be verified before use; no rounding bounds or confidence interval inferred.,false,,,81,1,2023 Malaysian Football League season,,1,prospective cohort study,,,,Time loss,time loss [hamstring strain injury; posterior thigh strained muscle],,medical staff,recurrent HSI reported as recurrent rate; exact recurrence definition not reported,minimal 1-3 days; mild 4-7 days; moderate 8-28 days; severe >28 days,,,,parent,"standardised.csv sourceDataRow 240 and child rows 241,242,243; exact fields: sampleSizePlayers,totalExposure,injuryTotalCount,injuryTimeLossCount",,,,,not_documented_in_bounded_inventory,not_individually_adjudicated,not_yet_classified,,,supported_restricted_scope_from_sole_time_loss_definition,,,,,,analysis-source-context.csv,sourceDataRow,injuryTissueType_injury_diagnosis,,,hamstring strain injury,cohort_overlap_review | outcome_scope_review | multiple_rows_same_paper | current_session_only_not_ruled_out | detailed_outcome_definition_and_setting_review,,,,,,supported,"The source labels the outcome time loss, but its threshold is unconfirmed. The approved protocol routes this to threshold sensitivity, not a global hold. A source-extracted rate is retained, but no count/hour pair or confidence interval is available for the numerical model route.",analysis master: source CSV: injuryTissueType_injury_diagnosis_incidence,sensitivity,duplicate,S1665,Duplicate source alias of a parent already replaced by the verified aligned granular partition.,matching-overall-category-adjudication.csv; analysis master paper_title and time_loss_definition; equality deliberately not used as evidence; parent replaced by selected granular observations=241:incidence:overall:injuryLocation_thigh_incidence;241:incidence:overall:injuryTissueType_injury_diagnosis_incidence;241:incidence:overall:injuryTissueType_muscle_injury_incidence;241:incidence:overall:main;242:incidence:overall:injuryLocation_thigh_incidence;242:incidence:overall:injuryTissueType_injury_diagnosis_incidence;242:incidence:overall:injuryTissueType_muscle_injury_incidence;242:incidence:overall:main;243:incidence:overall:injuryLocation_thigh_incidence;243:incidence:overall:injuryTissueType_injury_diagnosis_incidence;243:incidence:overall:injuryTissueType_muscle_injury_incidence;243:incidence:overall:main,240,descriptive_rate_without_usable_sampling_information,false,,incidence|overall|restricted_posterior_thigh_hamstring_strain_injury|thigh|muscle injury|hamstring strain injury||,false,likelihood_and_target_selection_pending
240,S1665,S1665,Incidence and intrinsic risk factors of hamstring strain injuries among Malaysian footballers: a cohort study of 81 professional footballers,10.23736/S0393-3660.24.05540-2,S1665,Total,overall,restricted_posterior_thigh_hamstring_strain_injury,time loss [hamstring strain injury; posterior thigh strained muscle],source_defined_threshold_unconfirmed,Male,,Professional/international,Malaysia,Football,per 1000 player-hours,,player-hours,source construction requires review,"[2026-07-27] Retrospective sub-study reconciliation, 27 July 2026: S1665 is the analysis anchor for the 2023 Malaysian single-club hamstring cohort. S5061 is a smaller 72-player strength subset from the same cohort. No status, extraction, population, screening, file, assignment, or flag value was changed. || [2026-07-07] Second-search temporary extraction batch 006. Source checked: scanned article image, especially abstract page; no machine-readable OCR was available. Sparse hamstring-strain extraction from abstract only: 81 Malaysian professional footballers, 2023 league season, HSI incidence 0.91/1000h, match 5.43/1000h, training 0.42/1000h. Tables need reviewer spot-check before completion. Formal full-text inclusion still requires a second human include; screening remains pending.",source CSV: injuryTissueType_muscle_injury_incidence,,240:incidence:overall:injuryTissueType_muscle_injury_incidence,,24147.5,0.62,0.62,,,,,injuryTissueType_muscle_injury_incidence,thigh,muscle injury,hamstring strain injury,,,,restricted_posterior_thigh_hamstring_strain_injury,incidence,0.62,,240,/Users/abdelbabiker/Desktop/GBI-DE-MVP-main/Bayesian Analysis/analysis/model-input-releases/2026-09-14-injury-candidates/standardised.csv,duplicate_representation,false,true,not_yet_classified,true,reviewed_see_alignment_decision,duplicate,supported,S1665:parent:240,241:incidence:overall:injuryLocation_thigh_incidence;241:incidence:overall:injuryTissueType_injury_diagnosis_incidence;241:incidence:overall:injuryTissueType_muscle_injury_incidence;241:incidence:overall:main;242:incidence:overall:injuryLocation_thigh_incidence;242:incidence:overall:injuryTissueType_injury_diagnosis_incidence;242:incidence:overall:injuryTissueType_muscle_injury_incidence;242:incidence:overall:main;243:incidence:overall:injuryLocation_thigh_incidence;243:incidence:overall:injuryTissueType_injury_diagnosis_incidence;243:incidence:overall:injuryTissueType_muscle_injury_incidence;243:incidence:overall:main,approximate_count_from_reported_rate,,14.97145,Approximate point calculation only. Original published precision and population alignment must be verified before use; no rounding bounds or confidence interval inferred.,false,,,81,1,2023 Malaysian Football League season,,1,prospective cohort study,,,,Time loss,time loss [hamstring strain injury; posterior thigh strained muscle],,medical staff,recurrent HSI reported as recurrent rate; exact recurrence definition not reported,minimal 1-3 days; mild 4-7 days; moderate 8-28 days; severe >28 days,,,,parent,"standardised.csv sourceDataRow 240 and child rows 241,242,243; exact fields: sampleSizePlayers,totalExposure,injuryTotalCount,injuryTimeLossCount",,,,,not_documented_in_bounded_inventory,not_individually_adjudicated,not_yet_classified,,,supported_restricted_scope_from_sole_time_loss_definition,,,,,,analysis-source-context.csv,sourceDataRow,injuryTissueType_muscle_injury,,muscle injury,,cohort_overlap_review | outcome_scope_review | multiple_rows_same_paper | current_session_only_not_ruled_out | detailed_outcome_definition_and_setting_review,,,,,,supported,"The source labels the outcome time loss, but its threshold is unconfirmed. The approved protocol routes this to threshold sensitivity, not a global hold. A source-extracted rate is retained, but no count/hour pair or confidence interval is available for the numerical model route.",analysis master: source CSV: injuryTissueType_muscle_injury_incidence,sensitivity,duplicate,S1665,Duplicate source alias of a parent already replaced by the verified aligned granular partition.,matching-overall-category-adjudication.csv; analysis master paper_title and time_loss_definition; equality deliberately not used as evidence; parent replaced by selected granular observations=241:incidence:overall:injuryLocation_thigh_incidence;241:incidence:overall:injuryTissueType_injury_diagnosis_incidence;241:incidence:overall:injuryTissueType_muscle_injury_incidence;241:incidence:overall:main;242:incidence:overall:injuryLocation_thigh_incidence;242:incidence:overall:injuryTissueType_injury_diagnosis_incidence;242:incidence:overall:injuryTissueType_muscle_injury_incidence;242:incidence:overall:main;243:incidence:overall:injuryLocation_thigh_incidence;243:incidence:overall:injuryTissueType_injury_diagnosis_incidence;243:incidence:overall:injuryTissueType_muscle_injury_incidence;243:incidence:overall:main,240,descriptive_rate_without_usable_sampling_information,false,,incidence|overall|restricted_posterior_thigh_hamstring_strain_injury|thigh|muscle injury|hamstring strain injury||,false,likelihood_and_target_selection_pending
241,S1665,S1665,Incidence and intrinsic risk factors of hamstring strain injuries among Malaysian footballers: a cohort study of 81 professional footballers,10.23736/S0393-3660.24.05540-2,S1665,Senior,overall,restricted_posterior_thigh_hamstring_strain_injury,time loss [hamstring strain injury; posterior thigh strained muscle],source_defined_threshold_unconfirmed,Male,Senior,Professional/international,Malaysia,Football,per 1000 player-hours,,player-hours,source construction requires review,"[2026-07-27] Retrospective sub-study reconciliation, 27 July 2026: S1665 is the analysis anchor for the 2023 Malaysian single-club hamstring cohort. S5061 is a smaller 72-player strength subset from the same cohort. No status, extraction, population, screening, file, assignment, or flag value was changed. || [2026-07-07] Second-search temporary extraction batch 006. Source checked: scanned article image, especially abstract page; no machine-readable OCR was available. Sparse hamstring-strain extraction from abstract only: 81 Malaysian professional footballers, 2023 league season, HSI incidence 0.91/1000h, match 5.43/1000h, training 0.42/1000h. Tables need reviewer spot-check before completion. Formal full-text inclusion still requires a second human include; screening remains pending.",source CSV: injuryLocation_thigh_incidence,,241:incidence:overall:injuryLocation_thigh_incidence,,8170.5,1.83,1.83,,,,,injuryLocation_thigh_incidence,thigh,muscle injury,hamstring strain injury,,,,restricted_posterior_thigh_hamstring_strain_injury,incidence,1.83,,241,/Users/abdelbabiker/Desktop/GBI-DE-MVP-main/Bayesian Analysis/analysis/model-input-releases/2026-09-14-injury-candidates/standardised.csv,duplicate_representation,false,true,not_yet_classified,true,reviewed_see_alignment_decision,duplicate,supported,S1665:parent:240,241:incidence:overall:main,approximate_count_from_reported_rate,,14.952015,Approximate point calculation only. Original published precision and population alignment must be verified before use; no rounding bounds or confidence interval inferred.,false,,,31,1,2023 Malaysian Football League season,,1,prospective cohort study,,,,Time loss,time loss [hamstring strain injury; posterior thigh strained muscle],,medical staff,recurrent HSI reported as recurrent rate; exact recurrence definition not reported,minimal 1-3 days; mild 4-7 days; moderate 8-28 days; severe >28 days,,,,granular,"standardised.csv sourceDataRow 240 and child rows 241,242,243; exact fields: sampleSizePlayers,totalExposure,injuryTotalCount,injuryTimeLossCount",,,,,not_documented_in_bounded_inventory,not_individually_adjudicated,not_yet_classified,,,supported_restricted_scope_from_sole_time_loss_definition,,,,,,analysis-source-context.csv,sourceDataRow,injuryLocation_thigh,thigh,,,cohort_overlap_review | outcome_scope_review | multiple_rows_same_paper | current_session_only_not_ruled_out | detailed_outcome_definition_and_setting_review,,,,,,supported,"The source labels the outcome time loss, but its threshold is unconfirmed. The approved protocol routes this to threshold sensitivity, not a global hold. A source-extracted rate is retained, but no count/hour pair or confidence interval is available for the numerical model route.",analysis master: source CSV: injuryLocation_thigh_incidence,sensitivity,duplicate,S1665,Duplicate of the source-supported count/hour or days/hour representation for the same source outcome. This descriptor-only representation does not replace its sampling information.,matching-overall-category-adjudication.csv; analysis master paper_title and time_loss_definition; equality deliberately not used as evidence; quantitative parent retained,241,descriptive_rate_without_usable_sampling_information,false,,incidence|overall|restricted_posterior_thigh_hamstring_strain_injury|thigh|muscle injury|hamstring strain injury||,false,likelihood_and_target_selection_pending
241,S1665,S1665,Incidence and intrinsic risk factors of hamstring strain injuries among Malaysian footballers: a cohort study of 81 professional footballers,10.23736/S0393-3660.24.05540-2,S1665,Senior,overall,restricted_posterior_thigh_hamstring_strain_injury,time loss [hamstring strain injury; posterior thigh strained muscle],source_defined_threshold_unconfirmed,Male,Senior,Professional/international,Malaysia,Football,per 1000 player-hours,,player-hours,source construction requires review,"[2026-07-27] Retrospective sub-study reconciliation, 27 July 2026: S1665 is the analysis anchor for the 2023 Malaysian single-club hamstring cohort. S5061 is a smaller 72-player strength subset from the same cohort. No status, extraction, population, screening, file, assignment, or flag value was changed. || [2026-07-07] Second-search temporary extraction batch 006. Source checked: scanned article image, especially abstract page; no machine-readable OCR was available. Sparse hamstring-strain extraction from abstract only: 81 Malaysian professional footballers, 2023 league season, HSI incidence 0.91/1000h, match 5.43/1000h, training 0.42/1000h. Tables need reviewer spot-check before completion. Formal full-text inclusion still requires a second human include; screening remains pending.",source CSV: injuryTissueType_injury_diagnosis_incidence,,241:incidence:overall:injuryTissueType_injury_diagnosis_incidence,,8170.5,1.83,1.83,,,,,injuryTissueType_injury_diagnosis_incidence,thigh,muscle injury,hamstring strain injury,,,,restricted_posterior_thigh_hamstring_strain_injury,incidence,1.83,,241,/Users/abdelbabiker/Desktop/GBI-DE-MVP-main/Bayesian Analysis/analysis/model-input-releases/2026-09-14-injury-candidates/standardised.csv,duplicate_representation,false,true,not_yet_classified,true,reviewed_see_alignment_decision,duplicate,supported,S1665:parent:240,241:incidence:overall:main,approximate_count_from_reported_rate,,14.952015,Approximate point calculation only. Original published precision and population alignment must be verified before use; no rounding bounds or confidence interval inferred.,false,,,31,1,2023 Malaysian Football League season,,1,prospective cohort study,,,,Time loss,time loss [hamstring strain injury; posterior thigh strained muscle],,medical staff,recurrent HSI reported as recurrent rate; exact recurrence definition not reported,minimal 1-3 days; mild 4-7 days; moderate 8-28 days; severe >28 days,,,,granular,"standardised.csv sourceDataRow 240 and child rows 241,242,243; exact fields: sampleSizePlayers,totalExposure,injuryTotalCount,injuryTimeLossCount",,,,,not_documented_in_bounded_inventory,not_individually_adjudicated,not_yet_classified,,,supported_restricted_scope_from_sole_time_loss_definition,,,,,,analysis-source-context.csv,sourceDataRow,injuryTissueType_injury_diagnosis,,,hamstring strain injury,cohort_overlap_review | outcome_scope_review | multiple_rows_same_paper | current_session_only_not_ruled_out | detailed_outcome_definition_and_setting_review,,,,,,supported,"The source labels the outcome time loss, but its threshold is unconfirmed. The approved protocol routes this to threshold sensitivity, not a global hold. A source-extracted rate is retained, but no count/hour pair or confidence interval is available for the numerical model route.",analysis master: source CSV: injuryTissueType_injury_diagnosis_incidence,sensitivity,duplicate,S1665,Duplicate of the source-supported count/hour or days/hour representation for the same source outcome. This descriptor-only representation does not replace its sampling information.,matching-overall-category-adjudication.csv; analysis master paper_title and time_loss_definition; equality deliberately not used as evidence; quantitative parent retained,241,descriptive_rate_without_usable_sampling_information,false,,incidence|overall|restricted_posterior_thigh_hamstring_strain_injury|thigh|muscle injury|hamstring strain injury||,false,likelihood_and_target_selection_pending
241,S1665,S1665,Incidence and intrinsic risk factors of hamstring strain injuries among Malaysian footballers: a cohort study of 81 professional footballers,10.23736/S0393-3660.24.05540-2,S1665,Senior,overall,restricted_posterior_thigh_hamstring_strain_injury,time loss [hamstring strain injury; posterior thigh strained muscle],source_defined_threshold_unconfirmed,Male,Senior,Professional/international,Malaysia,Football,per 1000 player-hours,,player-hours,source construction requires review,"[2026-07-27] Retrospective sub-study reconciliation, 27 July 2026: S1665 is the analysis anchor for the 2023 Malaysian single-club hamstring cohort. S5061 is a smaller 72-player strength subset from the same cohort. No status, extraction, population, screening, file, assignment, or flag value was changed. || [2026-07-07] Second-search temporary extraction batch 006. Source checked: scanned article image, especially abstract page; no machine-readable OCR was available. Sparse hamstring-strain extraction from abstract only: 81 Malaysian professional footballers, 2023 league season, HSI incidence 0.91/1000h, match 5.43/1000h, training 0.42/1000h. Tables need reviewer spot-check before completion. Formal full-text inclusion still requires a second human include; screening remains pending.",source CSV: injuryTissueType_muscle_injury_incidence,,241:incidence:overall:injuryTissueType_muscle_injury_incidence,,8170.5,1.83,1.83,,,,,injuryTissueType_muscle_injury_incidence,thigh,muscle injury,hamstring strain injury,,,,restricted_posterior_thigh_hamstring_strain_injury,incidence,1.83,,241,/Users/abdelbabiker/Desktop/GBI-DE-MVP-main/Bayesian Analysis/analysis/model-input-releases/2026-09-14-injury-candidates/standardised.csv,duplicate_representation,false,true,not_yet_classified,true,reviewed_see_alignment_decision,duplicate,supported,S1665:parent:240,241:incidence:overall:main,approximate_count_from_reported_rate,,14.952015,Approximate point calculation only. Original published precision and population alignment must be verified before use; no rounding bounds or confidence interval inferred.,false,,,31,1,2023 Malaysian Football League season,,1,prospective cohort study,,,,Time loss,time loss [hamstring strain injury; posterior thigh strained muscle],,medical staff,recurrent HSI reported as recurrent rate; exact recurrence definition not reported,minimal 1-3 days; mild 4-7 days; moderate 8-28 days; severe >28 days,,,,granular,"standardised.csv sourceDataRow 240 and child rows 241,242,243; exact fields: sampleSizePlayers,totalExposure,injuryTotalCount,injuryTimeLossCount",,,,,not_documented_in_bounded_inventory,not_individually_adjudicated,not_yet_classified,,,supported_restricted_scope_from_sole_time_loss_definition,,,,,,analysis-source-context.csv,sourceDataRow,injuryTissueType_muscle_injury,,muscle injury,,cohort_overlap_review | outcome_scope_review | multiple_rows_same_paper | current_session_only_not_ruled_out | detailed_outcome_definition_and_setting_review,,,,,,supported,"The source labels the outcome time loss, but its threshold is unconfirmed. The approved protocol routes this to threshold sensitivity, not a global hold. A source-extracted rate is retained, but no count/hour pair or confidence interval is available for the numerical model route.",analysis master: source CSV: injuryTissueType_muscle_injury_incidence,sensitivity,duplicate,S1665,Duplicate of the source-supported count/hour or days/hour representation for the same source outcome. This descriptor-only representation does not replace its sampling information.,matching-overall-category-adjudication.csv; analysis master paper_title and time_loss_definition; equality deliberately not used as evidence; quantitative parent retained,241,descriptive_rate_without_usable_sampling_information,false,,incidence|overall|restricted_posterior_thigh_hamstring_strain_injury|thigh|muscle injury|hamstring strain injury||,false,likelihood_and_target_selection_pending
242,S1665,S1665,Incidence and intrinsic risk factors of hamstring strain injuries among Malaysian footballers: a cohort study of 81 professional footballers,10.23736/S0393-3660.24.05540-2,S1665,Under 23,overall,restricted_posterior_thigh_hamstring_strain_injury,time loss [hamstring strain injury; posterior thigh strained muscle],source_defined_threshold_unconfirmed,Male,Senior,Professional/international,Malaysia,Football,per 1000 player-hours,,player-hours,source construction requires review,"[2026-07-27] Retrospective sub-study reconciliation, 27 July 2026: S1665 is the analysis anchor for the 2023 Malaysian single-club hamstring cohort. S5061 is a smaller 72-player strength subset from the same cohort. No status, extraction, population, screening, file, assignment, or flag value was changed. || [2026-07-07] Second-search temporary extraction batch 006. Source checked: scanned article image, especially abstract page; no machine-readable OCR was available. Sparse hamstring-strain extraction from abstract only: 81 Malaysian professional footballers, 2023 league season, HSI incidence 0.91/1000h, match 5.43/1000h, training 0.42/1000h. Tables need reviewer spot-check before completion. Formal full-text inclusion still requires a second human include; screening remains pending.",source CSV: injuryLocation_thigh_incidence,,242:incidence:overall:injuryLocation_thigh_incidence,,7227.5,0,0,,,,,injuryLocation_thigh_incidence,thigh,muscle injury,hamstring strain injury,,,,restricted_posterior_thigh_hamstring_strain_injury,incidence,0,,242,/Users/abdelbabiker/Desktop/GBI-DE-MVP-main/Bayesian Analysis/analysis/model-input-releases/2026-09-14-injury-candidates/standardised.csv,duplicate_representation,false,true,not_yet_classified,true,reviewed_see_alignment_decision,duplicate,supported,S1665:parent:240,242:incidence:overall:main,approximate_count_from_reported_rate,,0,Approximate point calculation only. Original published precision and population alignment must be verified before use; no rounding bounds or confidence interval inferred.,false,,,24,1,2023 Malaysian Football League season,,1,prospective cohort study,,,,Time loss,time loss [hamstring strain injury; posterior thigh strained muscle],,medical staff,recurrent HSI reported as recurrent rate; exact recurrence definition not reported,minimal 1-3 days; mild 4-7 days; moderate 8-28 days; severe >28 days,,,,granular,"standardised.csv sourceDataRow 240 and child rows 241,242,243; exact fields: sampleSizePlayers,totalExposure,injuryTotalCount,injuryTimeLossCount",,,,,not_documented_in_bounded_inventory,not_individually_adjudicated,not_yet_classified,,,supported_restricted_scope_from_sole_time_loss_definition,,,,,,analysis-source-context.csv,sourceDataRow,injuryLocation_thigh,thigh,,,cohort_overlap_review | outcome_scope_review | multiple_rows_same_paper | current_session_only_not_ruled_out | detailed_outcome_definition_and_setting_review,,,,,,supported,"The source labels the outcome time loss, but its threshold is unconfirmed. The approved protocol routes this to threshold sensitivity, not a global hold. A source-extracted rate is retained, but no count/hour pair or confidence interval is available for the numerical model route.",analysis master: source CSV: injuryLocation_thigh_incidence,sensitivity,duplicate,S1665,Duplicate of the source-supported count/hour or days/hour representation for the same source outcome. This descriptor-only representation does not replace its sampling information.,matching-overall-category-adjudication.csv; analysis master paper_title and time_loss_definition; equality deliberately not used as evidence; quantitative parent retained,242,descriptive_rate_without_usable_sampling_information,false,,incidence|overall|restricted_posterior_thigh_hamstring_strain_injury|thigh|muscle injury|hamstring strain injury||,false,likelihood_and_target_selection_pending
242,S1665,S1665,Incidence and intrinsic risk factors of hamstring strain injuries among Malaysian footballers: a cohort study of 81 professional footballers,10.23736/S0393-3660.24.05540-2,S1665,Under 23,overall,restricted_posterior_thigh_hamstring_strain_injury,time loss [hamstring strain injury; posterior thigh strained muscle],source_defined_threshold_unconfirmed,Male,Senior,Professional/international,Malaysia,Football,per 1000 player-hours,,player-hours,source construction requires review,"[2026-07-27] Retrospective sub-study reconciliation, 27 July 2026: S1665 is the analysis anchor for the 2023 Malaysian single-club hamstring cohort. S5061 is a smaller 72-player strength subset from the same cohort. No status, extraction, population, screening, file, assignment, or flag value was changed. || [2026-07-07] Second-search temporary extraction batch 006. Source checked: scanned article image, especially abstract page; no machine-readable OCR was available. Sparse hamstring-strain extraction from abstract only: 81 Malaysian professional footballers, 2023 league season, HSI incidence 0.91/1000h, match 5.43/1000h, training 0.42/1000h. Tables need reviewer spot-check before completion. Formal full-text inclusion still requires a second human include; screening remains pending.",source CSV: injuryTissueType_injury_diagnosis_incidence,,242:incidence:overall:injuryTissueType_injury_diagnosis_incidence,,7227.5,0,0,,,,,injuryTissueType_injury_diagnosis_incidence,thigh,muscle injury,hamstring strain injury,,,,restricted_posterior_thigh_hamstring_strain_injury,incidence,0,,242,/Users/abdelbabiker/Desktop/GBI-DE-MVP-main/Bayesian Analysis/analysis/model-input-releases/2026-09-14-injury-candidates/standardised.csv,duplicate_representation,false,true,not_yet_classified,true,reviewed_see_alignment_decision,duplicate,supported,S1665:parent:240,242:incidence:overall:main,approximate_count_from_reported_rate,,0,Approximate point calculation only. Original published precision and population alignment must be verified before use; no rounding bounds or confidence interval inferred.,false,,,24,1,2023 Malaysian Football League season,,1,prospective cohort study,,,,Time loss,time loss [hamstring strain injury; posterior thigh strained muscle],,medical staff,recurrent HSI reported as recurrent rate; exact recurrence definition not reported,minimal 1-3 days; mild 4-7 days; moderate 8-28 days; severe >28 days,,,,granular,"standardised.csv sourceDataRow 240 and child rows 241,242,243; exact fields: sampleSizePlayers,totalExposure,injuryTotalCount,injuryTimeLossCount",,,,,not_documented_in_bounded_inventory,not_individually_adjudicated,not_yet_classified,,,supported_restricted_scope_from_sole_time_loss_definition,,,,,,analysis-source-context.csv,sourceDataRow,injuryTissueType_injury_diagnosis,,,hamstring strain injury,cohort_overlap_review | outcome_scope_review | multiple_rows_same_paper | current_session_only_not_ruled_out | detailed_outcome_definition_and_setting_review,,,,,,supported,"The source labels the outcome time loss, but its threshold is unconfirmed. The approved protocol routes this to threshold sensitivity, not a global hold. A source-extracted rate is retained, but no count/hour pair or confidence interval is available for the numerical model route.",analysis master: source CSV: injuryTissueType_injury_diagnosis_incidence,sensitivity,duplicate,S1665,Duplicate of the source-supported count/hour or days/hour representation for the same source outcome. This descriptor-only representation does not replace its sampling information.,matching-overall-category-adjudication.csv; analysis master paper_title and time_loss_definition; equality deliberately not used as evidence; quantitative parent retained,242,descriptive_rate_without_usable_sampling_information,false,,incidence|overall|restricted_posterior_thigh_hamstring_strain_injury|thigh|muscle injury|hamstring strain injury||,false,likelihood_and_target_selection_pending
242,S1665,S1665,Incidence and intrinsic risk factors of hamstring strain injuries among Malaysian footballers: a cohort study of 81 professional footballers,10.23736/S0393-3660.24.05540-2,S1665,Under 23,overall,restricted_posterior_thigh_hamstring_strain_injury,time loss [hamstring strain injury; posterior thigh strained muscle],source_defined_threshold_unconfirmed,Male,Senior,Professional/international,Malaysia,Football,per 1000 player-hours,,player-hours,source construction requires review,"[2026-07-27] Retrospective sub-study reconciliation, 27 July 2026: S1665 is the analysis anchor for the 2023 Malaysian single-club hamstring cohort. S5061 is a smaller 72-player strength subset from the same cohort. No status, extraction, population, screening, file, assignment, or flag value was changed. || [2026-07-07] Second-search temporary extraction batch 006. Source checked: scanned article image, especially abstract page; no machine-readable OCR was available. Sparse hamstring-strain extraction from abstract only: 81 Malaysian professional footballers, 2023 league season, HSI incidence 0.91/1000h, match 5.43/1000h, training 0.42/1000h. Tables need reviewer spot-check before completion. Formal full-text inclusion still requires a second human include; screening remains pending.",source CSV: injuryTissueType_muscle_injury_incidence,,242:incidence:overall:injuryTissueType_muscle_injury_incidence,,7227.5,0,0,,,,,injuryTissueType_muscle_injury_incidence,thigh,muscle injury,hamstring strain injury,,,,restricted_posterior_thigh_hamstring_strain_injury,incidence,0,,242,/Users/abdelbabiker/Desktop/GBI-DE-MVP-main/Bayesian Analysis/analysis/model-input-releases/2026-09-14-injury-candidates/standardised.csv,duplicate_representation,false,true,not_yet_classified,true,reviewed_see_alignment_decision,duplicate,supported,S1665:parent:240,242:incidence:overall:main,approximate_count_from_reported_rate,,0,Approximate point calculation only. Original published precision and population alignment must be verified before use; no rounding bounds or confidence interval inferred.,false,,,24,1,2023 Malaysian Football League season,,1,prospective cohort study,,,,Time loss,time loss [hamstring strain injury; posterior thigh strained muscle],,medical staff,recurrent HSI reported as recurrent rate; exact recurrence definition not reported,minimal 1-3 days; mild 4-7 days; moderate 8-28 days; severe >28 days,,,,granular,"standardised.csv sourceDataRow 240 and child rows 241,242,243; exact fields: sampleSizePlayers,totalExposure,injuryTotalCount,injuryTimeLossCount",,,,,not_documented_in_bounded_inventory,not_individually_adjudicated,not_yet_classified,,,supported_restricted_scope_from_sole_time_loss_definition,,,,,,analysis-source-context.csv,sourceDataRow,injuryTissueType_muscle_injury,,muscle injury,,cohort_overlap_review | outcome_scope_review | multiple_rows_same_paper | current_session_only_not_ruled_out | detailed_outcome_definition_and_setting_review,,,,,,supported,"The source labels the outcome time loss, but its threshold is unconfirmed. The approved protocol routes this to threshold sensitivity, not a global hold. A source-extracted rate is retained, but no count/hour pair or confidence interval is available for the numerical model route.",analysis master: source CSV: injuryTissueType_muscle_injury_incidence,sensitivity,duplicate,S1665,Duplicate of the source-supported count/hour or days/hour representation for the same source outcome. This descriptor-only representation does not replace its sampling information.,matching-overall-category-adjudication.csv; analysis master paper_title and time_loss_definition; equality deliberately not used as evidence; quantitative parent retained,242,descriptive_rate_without_usable_sampling_information,false,,incidence|overall|restricted_posterior_thigh_hamstring_strain_injury|thigh|muscle injury|hamstring strain injury||,false,likelihood_and_target_selection_pending
243,S1665,S1665,Incidence and intrinsic risk factors of hamstring strain injuries among Malaysian footballers: a cohort study of 81 professional footballers,10.23736/S0393-3660.24.05540-2,S1665,Under 20,overall,restricted_posterior_thigh_hamstring_strain_injury,time loss [hamstring strain injury; posterior thigh strained muscle],source_defined_threshold_unconfirmed,Male,Youth,Professional/international,Malaysia,Football,per 1000 player-hours,,player-hours,source construction requires review,"[2026-07-27] Retrospective sub-study reconciliation, 27 July 2026: S1665 is the analysis anchor for the 2023 Malaysian single-club hamstring cohort. S5061 is a smaller 72-player strength subset from the same cohort. No status, extraction, population, screening, file, assignment, or flag value was changed. || [2026-07-07] Second-search temporary extraction batch 006. Source checked: scanned article image, especially abstract page; no machine-readable OCR was available. Sparse hamstring-strain extraction from abstract only: 81 Malaysian professional footballers, 2023 league season, HSI incidence 0.91/1000h, match 5.43/1000h, training 0.42/1000h. Tables need reviewer spot-check before completion. Formal full-text inclusion still requires a second human include; screening remains pending.",source CSV: injuryLocation_thigh_incidence,,243:incidence:overall:injuryLocation_thigh_incidence,,8749.5,0,0,,,,,injuryLocation_thigh_incidence,thigh,muscle injury,hamstring strain injury,,,,restricted_posterior_thigh_hamstring_strain_injury,incidence,0,,243,/Users/abdelbabiker/Desktop/GBI-DE-MVP-main/Bayesian Analysis/analysis/model-input-releases/2026-09-14-injury-candidates/standardised.csv,duplicate_representation,false,true,not_yet_classified,true,reviewed_see_alignment_decision,duplicate,supported,S1665:parent:240,243:incidence:overall:main,approximate_count_from_reported_rate,,0,Approximate point calculation only. Original published precision and population alignment must be verified before use; no rounding bounds or confidence interval inferred.,false,,,26,1,2023 Malaysian Football League season,,1,prospective cohort study,,,,Time loss,time loss [hamstring strain injury; posterior thigh strained muscle],,medical staff,recurrent HSI reported as recurrent rate; exact recurrence definition not reported,minimal 1-3 days; mild 4-7 days; moderate 8-28 days; severe >28 days,,,,granular,"standardised.csv sourceDataRow 240 and child rows 241,242,243; exact fields: sampleSizePlayers,totalExposure,injuryTotalCount,injuryTimeLossCount",,,,,not_documented_in_bounded_inventory,not_individually_adjudicated,not_yet_classified,,,supported_restricted_scope_from_sole_time_loss_definition,,,,,,analysis-source-context.csv,sourceDataRow,injuryLocation_thigh,thigh,,,cohort_overlap_review | outcome_scope_review | multiple_rows_same_paper | current_session_only_not_ruled_out | detailed_outcome_definition_and_setting_review,,,,,,supported,"The source labels the outcome time loss, but its threshold is unconfirmed. The approved protocol routes this to threshold sensitivity, not a global hold. A source-extracted rate is retained, but no count/hour pair or confidence interval is available for the numerical model route.",analysis master: source CSV: injuryLocation_thigh_incidence,sensitivity,duplicate,S1665,Duplicate of the source-supported count/hour or days/hour representation for the same source outcome. This descriptor-only representation does not replace its sampling information.,matching-overall-category-adjudication.csv; analysis master paper_title and time_loss_definition; equality deliberately not used as evidence; quantitative parent retained,243,descriptive_rate_without_usable_sampling_information,false,,incidence|overall|restricted_posterior_thigh_hamstring_strain_injury|thigh|muscle injury|hamstring strain injury||,false,likelihood_and_target_selection_pending
243,S1665,S1665,Incidence and intrinsic risk factors of hamstring strain injuries among Malaysian footballers: a cohort study of 81 professional footballers,10.23736/S0393-3660.24.05540-2,S1665,Under 20,overall,restricted_posterior_thigh_hamstring_strain_injury,time loss [hamstring strain injury; posterior thigh strained muscle],source_defined_threshold_unconfirmed,Male,Youth,Professional/international,Malaysia,Football,per 1000 player-hours,,player-hours,source construction requires review,"[2026-07-27] Retrospective sub-study reconciliation, 27 July 2026: S1665 is the analysis anchor for the 2023 Malaysian single-club hamstring cohort. S5061 is a smaller 72-player strength subset from the same cohort. No status, extraction, population, screening, file, assignment, or flag value was changed. || [2026-07-07] Second-search temporary extraction batch 006. Source checked: scanned article image, especially abstract page; no machine-readable OCR was available. Sparse hamstring-strain extraction from abstract only: 81 Malaysian professional footballers, 2023 league season, HSI incidence 0.91/1000h, match 5.43/1000h, training 0.42/1000h. Tables need reviewer spot-check before completion. Formal full-text inclusion still requires a second human include; screening remains pending.",source CSV: injuryTissueType_injury_diagnosis_incidence,,243:incidence:overall:injuryTissueType_injury_diagnosis_incidence,,8749.5,0,0,,,,,injuryTissueType_injury_diagnosis_incidence,thigh,muscle injury,hamstring strain injury,,,,restricted_posterior_thigh_hamstring_strain_injury,incidence,0,,243,/Users/abdelbabiker/Desktop/GBI-DE-MVP-main/Bayesian Analysis/analysis/model-input-releases/2026-09-14-injury-candidates/standardised.csv,duplicate_representation,false,true,not_yet_classified,true,reviewed_see_alignment_decision,duplicate,supported,S1665:parent:240,243:incidence:overall:main,approximate_count_from_reported_rate,,0,Approximate point calculation only. Original published precision and population alignment must be verified before use; no rounding bounds or confidence interval inferred.,false,,,26,1,2023 Malaysian Football League season,,1,prospective cohort study,,,,Time loss,time loss [hamstring strain injury; posterior thigh strained muscle],,medical staff,recurrent HSI reported as recurrent rate; exact recurrence definition not reported,minimal 1-3 days; mild 4-7 days; moderate 8-28 days; severe >28 days,,,,granular,"standardised.csv sourceDataRow 240 and child rows 241,242,243; exact fields: sampleSizePlayers,totalExposure,injuryTotalCount,injuryTimeLossCount",,,,,not_documented_in_bounded_inventory,not_individually_adjudicated,not_yet_classified,,,supported_restricted_scope_from_sole_time_loss_definition,,,,,,analysis-source-context.csv,sourceDataRow,injuryTissueType_injury_diagnosis,,,hamstring strain injury,cohort_overlap_review | outcome_scope_review | multiple_rows_same_paper | current_session_only_not_ruled_out | detailed_outcome_definition_and_setting_review,,,,,,supported,"The source labels the outcome time loss, but its threshold is unconfirmed. The approved protocol routes this to threshold sensitivity, not a global hold. A source-extracted rate is retained, but no count/hour pair or confidence interval is available for the numerical model route.",analysis master: source CSV: injuryTissueType_injury_diagnosis_incidence,sensitivity,duplicate,S1665,Duplicate of the source-supported count/hour or days/hour representation for the same source outcome. This descriptor-only representation does not replace its sampling information.,matching-overall-category-adjudication.csv; analysis master paper_title and time_loss_definition; equality deliberately not used as evidence; quantitative parent retained,243,descriptive_rate_without_usable_sampling_information,false,,incidence|overall|restricted_posterior_thigh_hamstring_strain_injury|thigh|muscle injury|hamstring strain injury||,false,likelihood_and_target_selection_pending
243,S1665,S1665,Incidence and intrinsic risk factors of hamstring strain injuries among Malaysian footballers: a cohort study of 81 professional footballers,10.23736/S0393-3660.24.05540-2,S1665,Under 20,overall,restricted_posterior_thigh_hamstring_strain_injury,time loss [hamstring strain injury; posterior thigh strained muscle],source_defined_threshold_unconfirmed,Male,Youth,Professional/international,Malaysia,Football,per 1000 player-hours,,player-hours,source construction requires review,"[2026-07-27] Retrospective sub-study reconciliation, 27 July 2026: S1665 is the analysis anchor for the 2023 Malaysian single-club hamstring cohort. S5061 is a smaller 72-player strength subset from the same cohort. No status, extraction, population, screening, file, assignment, or flag value was changed. || [2026-07-07] Second-search temporary extraction batch 006. Source checked: scanned article image, especially abstract page; no machine-readable OCR was available. Sparse hamstring-strain extraction from abstract only: 81 Malaysian professional footballers, 2023 league season, HSI incidence 0.91/1000h, match 5.43/1000h, training 0.42/1000h. Tables need reviewer spot-check before completion. Formal full-text inclusion still requires a second human include; screening remains pending.",source CSV: injuryTissueType_muscle_injury_incidence,,243:incidence:overall:injuryTissueType_muscle_injury_incidence,,8749.5,0,0,,,,,injuryTissueType_muscle_injury_incidence,thigh,muscle injury,hamstring strain injury,,,,restricted_posterior_thigh_hamstring_strain_injury,incidence,0,,243,/Users/abdelbabiker/Desktop/GBI-DE-MVP-main/Bayesian Analysis/analysis/model-input-releases/2026-09-14-injury-candidates/standardised.csv,duplicate_representation,false,true,not_yet_classified,true,reviewed_see_alignment_decision,duplicate,supported,S1665:parent:240,243:incidence:overall:main,approximate_count_from_reported_rate,,0,Approximate point calculation only. Original published precision and population alignment must be verified before use; no rounding bounds or confidence interval inferred.,false,,,26,1,2023 Malaysian Football League season,,1,prospective cohort study,,,,Time loss,time loss [hamstring strain injury; posterior thigh strained muscle],,medical staff,recurrent HSI reported as recurrent rate; exact recurrence definition not reported,minimal 1-3 days; mild 4-7 days; moderate 8-28 days; severe >28 days,,,,granular,"standardised.csv sourceDataRow 240 and child rows 241,242,243; exact fields: sampleSizePlayers,totalExposure,injuryTotalCount,injuryTimeLossCount",,,,,not_documented_in_bounded_inventory,not_individually_adjudicated,not_yet_classified,,,supported_restricted_scope_from_sole_time_loss_definition,,,,,,analysis-source-context.csv,sourceDataRow,injuryTissueType_muscle_injury,,muscle injury,,cohort_overlap_review | outcome_scope_review | multiple_rows_same_paper | current_session_only_not_ruled_out | detailed_outcome_definition_and_setting_review,,,,,,supported,"The source labels the outcome time loss, but its threshold is unconfirmed. The approved protocol routes this to threshold sensitivity, not a global hold. A source-extracted rate is retained, but no count/hour pair or confidence interval is available for the numerical model route.",analysis master: source CSV: injuryTissueType_muscle_injury_incidence,sensitivity,duplicate,S1665,Duplicate of the source-supported count/hour or days/hour representation for the same source outcome. This descriptor-only representation does not replace its sampling information.,matching-overall-category-adjudication.csv; analysis master paper_title and time_loss_definition; equality deliberately not used as evidence; quantitative parent retained,243,descriptive_rate_without_usable_sampling_information,false,,incidence|overall|restricted_posterior_thigh_hamstring_strain_injury|thigh|muscle injury|hamstring strain injury||,false,likelihood_and_target_selection_pending
288,S2040,S2040,Higher Incidence and Longer Recovery Time from Non-Contact Muscle Injuries in ACTN3 XX Genotype Players from a Soccer Academy: A Three-Season Longitudinal Study.,10.1186/s40798-026-00978-2,S2040,All players - RR,overall,restricted_non_contact_lower_limb_muscle_injury,time loss [non-contact lower-limb muscle injuries only],source_defined_threshold_unconfirmed,Male,,,France,Football,non-contact muscle injuries per 1000 player-hours,,player-hours,source construction requires review,"[2026-07-10] Batch 014 manual primary-PDF extraction. Tables 1-3, Figures 1-2, methods and results checked. The study reports only non-contact lower-limb muscle injury outcome rates by genotype; all category×genotype rows, their incidence CIs and direct median [IQR] return-to-play times are retained. The 144 target injuries and 312 all injuries are not redistributed across genotypes because those counts were not printed by genotype. Table 1 positional composition was checked; it describes participants rather than injury counts, so it was not placed in injury-position outcome fields. No figure provided compatible numerical body-location rows.","source CSV: injuryTotalCount, injuryIncidenceOverall, totalExposure",,288:incidence:overall:main,,,5.15,5.15,,,,injuryTotalCount,injuryIncidenceOverall,lower limb,muscle injury,non-contact lower-limb muscle injury,,,,restricted_non_contact_lower_limb_muscle_injury,incidence,5.15,,288,/Users/abdelbabiker/Desktop/GBI-DE-MVP-main/Bayesian Analysis/analysis/model-input-releases/2026-09-14-injury-candidates/standardised.csv,duplicate_representation,false,true,not_yet_classified,false,reviewed_see_alignment_decision,duplicate,hold,S2040:multiple_rows,288:incidence:overall:injuryTissueType_muscle_injury_incidence,,,,,false,,,,1,"2020/21-2022/23, 3 seasons",,3,prospective cohort,,,RR,Time loss,time loss [non-contact lower-limb muscle injuries only],,medical staff,,return-to-play days,,,,unclassified_row,standardised.csv source row; candidate review flag multiple_rows_same_paper where present,,,,,not_documented_in_bounded_inventory,not_individually_adjudicated,not_yet_classified,,,supported_restricted_scope_from_sole_time_loss_definition,,,injuryTotalCount,,,analysis-source-context.csv,sourceDataRow,muscle_scope_review,,Muscle,,cohort_overlap_review | outcome_scope_review | multiple_rows_same_paper | current_session_only_not_ruled_out | time_loss_outcome_alignment_review,,,,,,hold,"The source labels the outcome time loss, but its threshold is unconfirmed. The approved protocol routes this to threshold sensitivity, not a global hold. The parent rate equals a category rate and the source title/definition identifies a restricted outcome. Do not label the parent as all injuries.","analysis master: source CSV: injuryTotalCount, injuryIncidenceOverall, totalExposure",sensitivity,duplicate,S2040,The alignment pair review confirms that this generic representation is the same restricted source outcome as the retained descriptor-rich detailed representation.,matching-overall-category-adjudication.csv; analysis master paper_title and time_loss_definition; equality deliberately not used as evidence,288,descriptive_rate_without_usable_sampling_information,false,,incidence|overall|restricted_non_contact_lower_limb_muscle_injury|lower limb|muscle injury|non-contact lower-limb muscle injury||,false,likelihood_and_target_selection_pending
289,S2040,S2040,Higher Incidence and Longer Recovery Time from Non-Contact Muscle Injuries in ACTN3 XX Genotype Players from a Soccer Academy: A Three-Season Longitudinal Study.,10.1186/s40798-026-00978-2,S2040,All players - RX,overall,restricted_non_contact_lower_limb_muscle_injury,time loss [non-contact lower-limb muscle injuries only],source_defined_threshold_unconfirmed,Male,,,France,Football,non-contact muscle injuries per 1000 player-hours,,player-hours,source construction requires review,"[2026-07-10] Batch 014 manual primary-PDF extraction. Tables 1-3, Figures 1-2, methods and results checked. The study reports only non-contact lower-limb muscle injury outcome rates by genotype; all category×genotype rows, their incidence CIs and direct median [IQR] return-to-play times are retained. The 144 target injuries and 312 all injuries are not redistributed across genotypes because those counts were not printed by genotype. Table 1 positional composition was checked; it describes participants rather than injury counts, so it was not placed in injury-position outcome fields. No figure provided compatible numerical body-location rows.","source CSV: injuryTotalCount, injuryIncidenceOverall, totalExposure",,289:incidence:overall:main,,,6.65,6.65,,,,injuryTotalCount,injuryIncidenceOverall,lower limb,muscle injury,non-contact lower-limb muscle injury,,,,restricted_non_contact_lower_limb_muscle_injury,incidence,6.65,,289,/Users/abdelbabiker/Desktop/GBI-DE-MVP-main/Bayesian Analysis/analysis/model-input-releases/2026-09-14-injury-candidates/standardised.csv,duplicate_representation,false,true,not_yet_classified,false,reviewed_see_alignment_decision,duplicate,hold,S2040:multiple_rows,289:incidence:overall:injuryTissueType_muscle_injury_incidence,,,,,false,,,,1,"2020/21-2022/23, 3 seasons",,3,prospective cohort,,,RX,Time loss,time loss [non-contact lower-limb muscle injuries only],,medical staff,,return-to-play days,,,,unclassified_row,standardised.csv source row; candidate review flag multiple_rows_same_paper where present,,,,,not_documented_in_bounded_inventory,not_individually_adjudicated,not_yet_classified,,,supported_restricted_scope_from_sole_time_loss_definition,,,injuryTotalCount,,,analysis-source-context.csv,sourceDataRow,muscle_scope_review,,Muscle,,cohort_overlap_review | outcome_scope_review | multiple_rows_same_paper | current_session_only_not_ruled_out | time_loss_outcome_alignment_review,,,,,,hold,"The source labels the outcome time loss, but its threshold is unconfirmed. The approved protocol routes this to threshold sensitivity, not a global hold. The parent rate equals a category rate and the source title/definition identifies a restricted outcome. Do not label the parent as all injuries.","analysis master: source CSV: injuryTotalCount, injuryIncidenceOverall, totalExposure",sensitivity,duplicate,S2040,The alignment pair review confirms that this generic representation is the same restricted source outcome as the retained descriptor-rich detailed representation.,matching-overall-category-adjudication.csv; analysis master paper_title and time_loss_definition; equality deliberately not used as evidence,289,descriptive_rate_without_usable_sampling_information,false,,incidence|overall|restricted_non_contact_lower_limb_muscle_injury|lower limb|muscle injury|non-contact lower-limb muscle injury||,false,likelihood_and_target_selection_pending
290,S2040,S2040,Higher Incidence and Longer Recovery Time from Non-Contact Muscle Injuries in ACTN3 XX Genotype Players from a Soccer Academy: A Three-Season Longitudinal Study.,10.1186/s40798-026-00978-2,S2040,All players - XX,overall,restricted_non_contact_lower_limb_muscle_injury,time loss [non-contact lower-limb muscle injuries only],source_defined_threshold_unconfirmed,Male,,,France,Football,non-contact muscle injuries per 1000 player-hours,,player-hours,source construction requires review,"[2026-07-10] Batch 014 manual primary-PDF extraction. Tables 1-3, Figures 1-2, methods and results checked. The study reports only non-contact lower-limb muscle injury outcome rates by genotype; all category×genotype rows, their incidence CIs and direct median [IQR] return-to-play times are retained. The 144 target injuries and 312 all injuries are not redistributed across genotypes because those counts were not printed by genotype. Table 1 positional composition was checked; it describes participants rather than injury counts, so it was not placed in injury-position outcome fields. No figure provided compatible numerical body-location rows.","source CSV: injuryTotalCount, injuryIncidenceOverall, totalExposure",,290:incidence:overall:main,,,8.54,8.54,,,,injuryTotalCount,injuryIncidenceOverall,lower limb,muscle injury,non-contact lower-limb muscle injury,,,,restricted_non_contact_lower_limb_muscle_injury,incidence,8.54,,290,/Users/abdelbabiker/Desktop/GBI-DE-MVP-main/Bayesian Analysis/analysis/model-input-releases/2026-09-14-injury-candidates/standardised.csv,duplicate_representation,false,true,not_yet_classified,false,reviewed_see_alignment_decision,duplicate,hold,S2040:multiple_rows,290:incidence:overall:injuryTissueType_muscle_injury_incidence,,,,,false,,,,1,"2020/21-2022/23, 3 seasons",,3,prospective cohort,,,XX,Time loss,time loss [non-contact lower-limb muscle injuries only],,medical staff,,return-to-play days,,,,unclassified_row,standardised.csv source row; candidate review flag multiple_rows_same_paper where present,,,,,not_documented_in_bounded_inventory,not_individually_adjudicated,not_yet_classified,,,supported_restricted_scope_from_sole_time_loss_definition,,,injuryTotalCount,,,analysis-source-context.csv,sourceDataRow,muscle_scope_review,,Muscle,,cohort_overlap_review | outcome_scope_review | multiple_rows_same_paper | current_session_only_not_ruled_out | time_loss_outcome_alignment_review,,,,,,hold,"The source labels the outcome time loss, but its threshold is unconfirmed. The approved protocol routes this to threshold sensitivity, not a global hold. The parent rate equals a category rate and the source title/definition identifies a restricted outcome. Do not label the parent as all injuries.","analysis master: source CSV: injuryTotalCount, injuryIncidenceOverall, totalExposure",sensitivity,duplicate,S2040,The alignment pair review confirms that this generic representation is the same restricted source outcome as the retained descriptor-rich detailed representation.,matching-overall-category-adjudication.csv; analysis master paper_title and time_loss_definition; equality deliberately not used as evidence,290,descriptive_rate_without_usable_sampling_information,false,,incidence|overall|restricted_non_contact_lower_limb_muscle_injury|lower limb|muscle injury|non-contact lower-limb muscle injury||,false,likelihood_and_target_selection_pending
292,S2040,S2040,Higher Incidence and Longer Recovery Time from Non-Contact Muscle Injuries in ACTN3 XX Genotype Players from a Soccer Academy: A Three-Season Longitudinal Study.,10.1186/s40798-026-00978-2,S2040,Professionals - RR,overall,restricted_non_contact_lower_limb_muscle_injury,time loss [non-contact lower-limb muscle injuries only],source_defined_threshold_unconfirmed,Male,,,France,Football,non-contact muscle injuries per 1000 player-hours,,player-hours,source construction requires review,"[2026-07-10] Batch 014 manual primary-PDF extraction. Tables 1-3, Figures 1-2, methods and results checked. The study reports only non-contact lower-limb muscle injury outcome rates by genotype; all category×genotype rows, their incidence CIs and direct median [IQR] return-to-play times are retained. The 144 target injuries and 312 all injuries are not redistributed across genotypes because those counts were not printed by genotype. Table 1 positional composition was checked; it describes participants rather than injury counts, so it was not placed in injury-position outcome fields. No figure provided compatible numerical body-location rows.","source CSV: injuryTotalCount, injuryIncidenceOverall, totalExposure",,292:incidence:overall:main,,,5.3,5.3,,,,injuryTotalCount,injuryIncidenceOverall,lower limb,muscle injury,non-contact lower-limb muscle injury,,,,restricted_non_contact_lower_limb_muscle_injury,incidence,5.3,,292,/Users/abdelbabiker/Desktop/GBI-DE-MVP-main/Bayesian Analysis/analysis/model-input-releases/2026-09-14-injury-candidates/standardised.csv,duplicate_representation,false,true,not_yet_classified,false,reviewed_see_alignment_decision,duplicate,hold,S2040:multiple_rows,292:incidence:overall:injuryTissueType_muscle_injury_incidence,,,,,false,,,,1,"2020/21-2022/23, 3 seasons",,3,prospective cohort,,,RR,Time loss,time loss [non-contact lower-limb muscle injuries only],,medical staff,,return-to-play days,,,,unclassified_row,standardised.csv source row; candidate review flag multiple_rows_same_paper where present,,,,,not_documented_in_bounded_inventory,not_individually_adjudicated,not_yet_classified,,,supported_restricted_scope_from_sole_time_loss_definition,,,injuryTotalCount,,,analysis-source-context.csv,sourceDataRow,muscle_scope_review,,Muscle,,cohort_overlap_review | outcome_scope_review | multiple_rows_same_paper | current_session_only_not_ruled_out | time_loss_outcome_alignment_review,,,,,,hold,"The source labels the outcome time loss, but its threshold is unconfirmed. The approved protocol routes this to threshold sensitivity, not a global hold. The parent rate equals a category rate and the source title/definition identifies a restricted outcome. Do not label the parent as all injuries.","analysis master: source CSV: injuryTotalCount, injuryIncidenceOverall, totalExposure",sensitivity,duplicate,S2040,The alignment pair review confirms that this generic representation is the same restricted source outcome as the retained descriptor-rich detailed representation.,matching-overall-category-adjudication.csv; analysis master paper_title and time_loss_definition; equality deliberately not used as evidence,292,descriptive_rate_without_usable_sampling_information,false,,incidence|overall|restricted_non_contact_lower_limb_muscle_injury|lower limb|muscle injury|non-contact lower-limb muscle injury||,false,likelihood_and_target_selection_pending
293,S2040,S2040,Higher Incidence and Longer Recovery Time from Non-Contact Muscle Injuries in ACTN3 XX Genotype Players from a Soccer Academy: A Three-Season Longitudinal Study.,10.1186/s40798-026-00978-2,S2040,Professionals - RX,overall,restricted_non_contact_lower_limb_muscle_injury,time loss [non-contact lower-limb muscle injuries only],source_defined_threshold_unconfirmed,Male,,,France,Football,non-contact muscle injuries per 1000 player-hours,,player-hours,source construction requires review,"[2026-07-10] Batch 014 manual primary-PDF extraction. Tables 1-3, Figures 1-2, methods and results checked. The study reports only non-contact lower-limb muscle injury outcome rates by genotype; all category×genotype rows, their incidence CIs and direct median [IQR] return-to-play times are retained. The 144 target injuries and 312 all injuries are not redistributed across genotypes because those counts were not printed by genotype. Table 1 positional composition was checked; it describes participants rather than injury counts, so it was not placed in injury-position outcome fields. No figure provided compatible numerical body-location rows.","source CSV: injuryTotalCount, injuryIncidenceOverall, totalExposure",,293:incidence:overall:main,,,6.22,6.22,,,,injuryTotalCount,injuryIncidenceOverall,lower limb,muscle injury,non-contact lower-limb muscle injury,,,,restricted_non_contact_lower_limb_muscle_injury,incidence,6.22,,293,/Users/abdelbabiker/Desktop/GBI-DE-MVP-main/Bayesian Analysis/analysis/model-input-releases/2026-09-14-injury-candidates/standardised.csv,duplicate_representation,false,true,not_yet_classified,false,reviewed_see_alignment_decision,duplicate,hold,S2040:multiple_rows,293:incidence:overall:injuryTissueType_muscle_injury_incidence,,,,,false,,,,1,"2020/21-2022/23, 3 seasons",,3,prospective cohort,,,RX,Time loss,time loss [non-contact lower-limb muscle injuries only],,medical staff,,return-to-play days,,,,unclassified_row,standardised.csv source row; candidate review flag multiple_rows_same_paper where present,,,,,not_documented_in_bounded_inventory,not_individually_adjudicated,not_yet_classified,,,supported_restricted_scope_from_sole_time_loss_definition,,,injuryTotalCount,,,analysis-source-context.csv,sourceDataRow,muscle_scope_review,,Muscle,,cohort_overlap_review | outcome_scope_review | multiple_rows_same_paper | current_session_only_not_ruled_out | time_loss_outcome_alignment_review,,,,,,hold,"The source labels the outcome time loss, but its threshold is unconfirmed. The approved protocol routes this to threshold sensitivity, not a global hold. The parent rate equals a category rate and the source title/definition identifies a restricted outcome. Do not label the parent as all injuries.","analysis master: source CSV: injuryTotalCount, injuryIncidenceOverall, totalExposure",sensitivity,duplicate,S2040,The alignment pair review confirms that this generic representation is the same restricted source outcome as the retained descriptor-rich detailed representation.,matching-overall-category-adjudication.csv; analysis master paper_title and time_loss_definition; equality deliberately not used as evidence,293,descriptive_rate_without_usable_sampling_information,false,,incidence|overall|restricted_non_contact_lower_limb_muscle_injury|lower limb|muscle injury|non-contact lower-limb muscle injury||,false,likelihood_and_target_selection_pending
294,S2040,S2040,Higher Incidence and Longer Recovery Time from Non-Contact Muscle Injuries in ACTN3 XX Genotype Players from a Soccer Academy: A Three-Season Longitudinal Study.,10.1186/s40798-026-00978-2,S2040,Professionals - XX,overall,restricted_non_contact_lower_limb_muscle_injury,time loss [non-contact lower-limb muscle injuries only],source_defined_threshold_unconfirmed,Male,,,France,Football,non-contact muscle injuries per 1000 player-hours,,player-hours,source construction requires review,"[2026-07-10] Batch 014 manual primary-PDF extraction. Tables 1-3, Figures 1-2, methods and results checked. The study reports only non-contact lower-limb muscle injury outcome rates by genotype; all category×genotype rows, their incidence CIs and direct median [IQR] return-to-play times are retained. The 144 target injuries and 312 all injuries are not redistributed across genotypes because those counts were not printed by genotype. Table 1 positional composition was checked; it describes participants rather than injury counts, so it was not placed in injury-position outcome fields. No figure provided compatible numerical body-location rows.","source CSV: injuryTotalCount, injuryIncidenceOverall, totalExposure",,294:incidence:overall:main,,,7,7,,,,injuryTotalCount,injuryIncidenceOverall,lower limb,muscle injury,non-contact lower-limb muscle injury,,,,restricted_non_contact_lower_limb_muscle_injury,incidence,7,,294,/Users/abdelbabiker/Desktop/GBI-DE-MVP-main/Bayesian Analysis/analysis/model-input-releases/2026-09-14-injury-candidates/standardised.csv,duplicate_representation,false,true,not_yet_classified,false,reviewed_see_alignment_decision,duplicate,hold,S2040:multiple_rows,294:incidence:overall:injuryTissueType_muscle_injury_incidence,,,,,false,,,,1,"2020/21-2022/23, 3 seasons",,3,prospective cohort,,,XX,Time loss,time loss [non-contact lower-limb muscle injuries only],,medical staff,,return-to-play days,,,,unclassified_row,standardised.csv source row; candidate review flag multiple_rows_same_paper where present,,,,,not_documented_in_bounded_inventory,not_individually_adjudicated,not_yet_classified,,,supported_restricted_scope_from_sole_time_loss_definition,,,injuryTotalCount,,,analysis-source-context.csv,sourceDataRow,muscle_scope_review,,Muscle,,cohort_overlap_review | outcome_scope_review | multiple_rows_same_paper | current_session_only_not_ruled_out | time_loss_outcome_alignment_review,,,,,,hold,"The source labels the outcome time loss, but its threshold is unconfirmed. The approved protocol routes this to threshold sensitivity, not a global hold. The parent rate equals a category rate and the source title/definition identifies a restricted outcome. Do not label the parent as all injuries.","analysis master: source CSV: injuryTotalCount, injuryIncidenceOverall, totalExposure",sensitivity,duplicate,S2040,The alignment pair review confirms that this generic representation is the same restricted source outcome as the retained descriptor-rich detailed representation.,matching-overall-category-adjudication.csv; analysis master paper_title and time_loss_definition; equality deliberately not used as evidence,294,descriptive_rate_without_usable_sampling_information,false,,incidence|overall|restricted_non_contact_lower_limb_muscle_injury|lower limb|muscle injury|non-contact lower-limb muscle injury||,false,likelihood_and_target_selection_pending
296,S2040,S2040,Higher Incidence and Longer Recovery Time from Non-Contact Muscle Injuries in ACTN3 XX Genotype Players from a Soccer Academy: A Three-Season Longitudinal Study.,10.1186/s40798-026-00978-2,S2040,U17 - RR,overall,restricted_non_contact_lower_limb_muscle_injury,time loss [non-contact lower-limb muscle injuries only],source_defined_threshold_unconfirmed,Male,,,France,Football,non-contact muscle injuries per 1000 player-hours,,player-hours,source construction requires review,"[2026-07-10] Batch 014 manual primary-PDF extraction. Tables 1-3, Figures 1-2, methods and results checked. The study reports only non-contact lower-limb muscle injury outcome rates by genotype; all category×genotype rows, their incidence CIs and direct median [IQR] return-to-play times are retained. The 144 target injuries and 312 all injuries are not redistributed across genotypes because those counts were not printed by genotype. Table 1 positional composition was checked; it describes participants rather than injury counts, so it was not placed in injury-position outcome fields. No figure provided compatible numerical body-location rows.","source CSV: injuryTotalCount, injuryIncidenceOverall, totalExposure",,296:incidence:overall:main,,,5.29,5.29,,,,injuryTotalCount,injuryIncidenceOverall,lower limb,muscle injury,non-contact lower-limb muscle injury,,,,restricted_non_contact_lower_limb_muscle_injury,incidence,5.29,,296,/Users/abdelbabiker/Desktop/GBI-DE-MVP-main/Bayesian Analysis/analysis/model-input-releases/2026-09-14-injury-candidates/standardised.csv,duplicate_representation,false,true,not_yet_classified,false,reviewed_see_alignment_decision,duplicate,hold,S2040:multiple_rows,296:incidence:overall:injuryTissueType_muscle_injury_incidence,,,,,false,,,,1,"2020/21-2022/23, 3 seasons",,3,prospective cohort,,,RR,Time loss,time loss [non-contact lower-limb muscle injuries only],,medical staff,,return-to-play days,,,,unclassified_row,standardised.csv source row; candidate review flag multiple_rows_same_paper where present,,,,,not_documented_in_bounded_inventory,not_individually_adjudicated,not_yet_classified,,,supported_restricted_scope_from_sole_time_loss_definition,,,injuryTotalCount,,,analysis-source-context.csv,sourceDataRow,muscle_scope_review,,Muscle,,cohort_overlap_review | outcome_scope_review | multiple_rows_same_paper | current_session_only_not_ruled_out | time_loss_outcome_alignment_review,,,,,,hold,"The source labels the outcome time loss, but its threshold is unconfirmed. The approved protocol routes this to threshold sensitivity, not a global hold. The parent rate equals a category rate and the source title/definition identifies a restricted outcome. Do not label the parent as all injuries.","analysis master: source CSV: injuryTotalCount, injuryIncidenceOverall, totalExposure",sensitivity,duplicate,S2040,The alignment pair review confirms that this generic representation is the same restricted source outcome as the retained descriptor-rich detailed representation.,matching-overall-category-adjudication.csv; analysis master paper_title and time_loss_definition; equality deliberately not used as evidence,296,descriptive_rate_without_usable_sampling_information,false,,incidence|overall|restricted_non_contact_lower_limb_muscle_injury|lower limb|muscle injury|non-contact lower-limb muscle injury||,false,likelihood_and_target_selection_pending
297,S2040,S2040,Higher Incidence and Longer Recovery Time from Non-Contact Muscle Injuries in ACTN3 XX Genotype Players from a Soccer Academy: A Three-Season Longitudinal Study.,10.1186/s40798-026-00978-2,S2040,U17 - RX,overall,restricted_non_contact_lower_limb_muscle_injury,time loss [non-contact lower-limb muscle injuries only],source_defined_threshold_unconfirmed,Male,,,France,Football,non-contact muscle injuries per 1000 player-hours,,player-hours,source construction requires review,"[2026-07-10] Batch 014 manual primary-PDF extraction. Tables 1-3, Figures 1-2, methods and results checked. The study reports only non-contact lower-limb muscle injury outcome rates by genotype; all category×genotype rows, their incidence CIs and direct median [IQR] return-to-play times are retained. The 144 target injuries and 312 all injuries are not redistributed across genotypes because those counts were not printed by genotype. Table 1 positional composition was checked; it describes participants rather than injury counts, so it was not placed in injury-position outcome fields. No figure provided compatible numerical body-location rows.","source CSV: injuryTotalCount, injuryIncidenceOverall, totalExposure",,297:incidence:overall:main,,,5.67,5.67,,,,injuryTotalCount,injuryIncidenceOverall,lower limb,muscle injury,non-contact lower-limb muscle injury,,,,restricted_non_contact_lower_limb_muscle_injury,incidence,5.67,,297,/Users/abdelbabiker/Desktop/GBI-DE-MVP-main/Bayesian Analysis/analysis/model-input-releases/2026-09-14-injury-candidates/standardised.csv,duplicate_representation,false,true,not_yet_classified,false,reviewed_see_alignment_decision,duplicate,hold,S2040:multiple_rows,297:incidence:overall:injuryTissueType_muscle_injury_incidence,,,,,false,,,,1,"2020/21-2022/23, 3 seasons",,3,prospective cohort,,,RX,Time loss,time loss [non-contact lower-limb muscle injuries only],,medical staff,,return-to-play days,,,,unclassified_row,standardised.csv source row; candidate review flag multiple_rows_same_paper where present,,,,,not_documented_in_bounded_inventory,not_individually_adjudicated,not_yet_classified,,,supported_restricted_scope_from_sole_time_loss_definition,,,injuryTotalCount,,,analysis-source-context.csv,sourceDataRow,muscle_scope_review,,Muscle,,cohort_overlap_review | outcome_scope_review | multiple_rows_same_paper | current_session_only_not_ruled_out | time_loss_outcome_alignment_review,,,,,,hold,"The source labels the outcome time loss, but its threshold is unconfirmed. The approved protocol routes this to threshold sensitivity, not a global hold. The parent rate equals a category rate and the source title/definition identifies a restricted outcome. Do not label the parent as all injuries.","analysis master: source CSV: injuryTotalCount, injuryIncidenceOverall, totalExposure",sensitivity,duplicate,S2040,The alignment pair review confirms that this generic representation is the same restricted source outcome as the retained descriptor-rich detailed representation.,matching-overall-category-adjudication.csv; analysis master paper_title and time_loss_definition; equality deliberately not used as evidence,297,descriptive_rate_without_usable_sampling_information,false,,incidence|overall|restricted_non_contact_lower_limb_muscle_injury|lower limb|muscle injury|non-contact lower-limb muscle injury||,false,likelihood_and_target_selection_pending
298,S2040,S2040,Higher Incidence and Longer Recovery Time from Non-Contact Muscle Injuries in ACTN3 XX Genotype Players from a Soccer Academy: A Three-Season Longitudinal Study.,10.1186/s40798-026-00978-2,S2040,U17 - XX,overall,restricted_non_contact_lower_limb_muscle_injury,time loss [non-contact lower-limb muscle injuries only],source_defined_threshold_unconfirmed,Male,,,France,Football,non-contact muscle injuries per 1000 player-hours,,player-hours,source construction requires review,"[2026-07-10] Batch 014 manual primary-PDF extraction. Tables 1-3, Figures 1-2, methods and results checked. The study reports only non-contact lower-limb muscle injury outcome rates by genotype; all category×genotype rows, their incidence CIs and direct median [IQR] return-to-play times are retained. The 144 target injuries and 312 all injuries are not redistributed across genotypes because those counts were not printed by genotype. Table 1 positional composition was checked; it describes participants rather than injury counts, so it was not placed in injury-position outcome fields. No figure provided compatible numerical body-location rows.","source CSV: injuryTotalCount, injuryIncidenceOverall, totalExposure",,298:incidence:overall:main,,,10.43,10.43,,,,injuryTotalCount,injuryIncidenceOverall,lower limb,muscle injury,non-contact lower-limb muscle injury,,,,restricted_non_contact_lower_limb_muscle_injury,incidence,10.43,,298,/Users/abdelbabiker/Desktop/GBI-DE-MVP-main/Bayesian Analysis/analysis/model-input-releases/2026-09-14-injury-candidates/standardised.csv,duplicate_representation,false,true,not_yet_classified,false,reviewed_see_alignment_decision,duplicate,hold,S2040:multiple_rows,298:incidence:overall:injuryTissueType_muscle_injury_incidence,,,,,false,,,,1,"2020/21-2022/23, 3 seasons",,3,prospective cohort,,,XX,Time loss,time loss [non-contact lower-limb muscle injuries only],,medical staff,,return-to-play days,,,,unclassified_row,standardised.csv source row; candidate review flag multiple_rows_same_paper where present,,,,,not_documented_in_bounded_inventory,not_individually_adjudicated,not_yet_classified,,,supported_restricted_scope_from_sole_time_loss_definition,,,injuryTotalCount,,,analysis-source-context.csv,sourceDataRow,muscle_scope_review,,Muscle,,cohort_overlap_review | outcome_scope_review | multiple_rows_same_paper | current_session_only_not_ruled_out | time_loss_outcome_alignment_review,,,,,,hold,"The source labels the outcome time loss, but its threshold is unconfirmed. The approved protocol routes this to threshold sensitivity, not a global hold. The parent rate equals a category rate and the source title/definition identifies a restricted outcome. Do not label the parent as all injuries.","analysis master: source CSV: injuryTotalCount, injuryIncidenceOverall, totalExposure",sensitivity,duplicate,S2040,The alignment pair review confirms that this generic representation is the same restricted source outcome as the retained descriptor-rich detailed representation.,matching-overall-category-adjudication.csv; analysis master paper_title and time_loss_definition; equality deliberately not used as evidence,298,descriptive_rate_without_usable_sampling_information,false,,incidence|overall|restricted_non_contact_lower_limb_muscle_injury|lower limb|muscle injury|non-contact lower-limb muscle injury||,false,likelihood_and_target_selection_pending
300,S2040,S2040,Higher Incidence and Longer Recovery Time from Non-Contact Muscle Injuries in ACTN3 XX Genotype Players from a Soccer Academy: A Three-Season Longitudinal Study.,10.1186/s40798-026-00978-2,S2040,U19 - RR,overall,restricted_non_contact_lower_limb_muscle_injury,time loss [non-contact lower-limb muscle injuries only],source_defined_threshold_unconfirmed,Male,,,France,Football,non-contact muscle injuries per 1000 player-hours,,player-hours,source construction requires review,"[2026-07-10] Batch 014 manual primary-PDF extraction. Tables 1-3, Figures 1-2, methods and results checked. The study reports only non-contact lower-limb muscle injury outcome rates by genotype; all category×genotype rows, their incidence CIs and direct median [IQR] return-to-play times are retained. The 144 target injuries and 312 all injuries are not redistributed across genotypes because those counts were not printed by genotype. Table 1 positional composition was checked; it describes participants rather than injury counts, so it was not placed in injury-position outcome fields. No figure provided compatible numerical body-location rows.","source CSV: injuryTotalCount, injuryIncidenceOverall, totalExposure",,300:incidence:overall:main,,,4.94,4.94,,,,injuryTotalCount,injuryIncidenceOverall,lower limb,muscle injury,non-contact lower-limb muscle injury,,,,restricted_non_contact_lower_limb_muscle_injury,incidence,4.94,,300,/Users/abdelbabiker/Desktop/GBI-DE-MVP-main/Bayesian Analysis/analysis/model-input-releases/2026-09-14-injury-candidates/standardised.csv,duplicate_representation,false,true,not_yet_classified,false,reviewed_see_alignment_decision,duplicate,hold,S2040:multiple_rows,300:incidence:overall:injuryTissueType_muscle_injury_incidence,,,,,false,,,,1,"2020/21-2022/23, 3 seasons",,3,prospective cohort,,,RR,Time loss,time loss [non-contact lower-limb muscle injuries only],,medical staff,,return-to-play days,,,,unclassified_row,standardised.csv source row; candidate review flag multiple_rows_same_paper where present,,,,,not_documented_in_bounded_inventory,not_individually_adjudicated,not_yet_classified,,,supported_restricted_scope_from_sole_time_loss_definition,,,injuryTotalCount,,,analysis-source-context.csv,sourceDataRow,muscle_scope_review,,Muscle,,cohort_overlap_review | outcome_scope_review | multiple_rows_same_paper | current_session_only_not_ruled_out | time_loss_outcome_alignment_review,,,,,,hold,"The source labels the outcome time loss, but its threshold is unconfirmed. The approved protocol routes this to threshold sensitivity, not a global hold. The parent rate equals a category rate and the source title/definition identifies a restricted outcome. Do not label the parent as all injuries.","analysis master: source CSV: injuryTotalCount, injuryIncidenceOverall, totalExposure",sensitivity,duplicate,S2040,The alignment pair review confirms that this generic representation is the same restricted source outcome as the retained descriptor-rich detailed representation.,matching-overall-category-adjudication.csv; analysis master paper_title and time_loss_definition; equality deliberately not used as evidence,300,descriptive_rate_without_usable_sampling_information,false,,incidence|overall|restricted_non_contact_lower_limb_muscle_injury|lower limb|muscle injury|non-contact lower-limb muscle injury||,false,likelihood_and_target_selection_pending
301,S2040,S2040,Higher Incidence and Longer Recovery Time from Non-Contact Muscle Injuries in ACTN3 XX Genotype Players from a Soccer Academy: A Three-Season Longitudinal Study.,10.1186/s40798-026-00978-2,S2040,U19 - RX,overall,restricted_non_contact_lower_limb_muscle_injury,time loss [non-contact lower-limb muscle injuries only],source_defined_threshold_unconfirmed,Male,,,France,Football,non-contact muscle injuries per 1000 player-hours,,player-hours,source construction requires review,"[2026-07-10] Batch 014 manual primary-PDF extraction. Tables 1-3, Figures 1-2, methods and results checked. The study reports only non-contact lower-limb muscle injury outcome rates by genotype; all category×genotype rows, their incidence CIs and direct median [IQR] return-to-play times are retained. The 144 target injuries and 312 all injuries are not redistributed across genotypes because those counts were not printed by genotype. Table 1 positional composition was checked; it describes participants rather than injury counts, so it was not placed in injury-position outcome fields. No figure provided compatible numerical body-location rows.","source CSV: injuryTotalCount, injuryIncidenceOverall, totalExposure",,301:incidence:overall:main,,,7.88,7.88,,,,injuryTotalCount,injuryIncidenceOverall,lower limb,muscle injury,non-contact lower-limb muscle injury,,,,restricted_non_contact_lower_limb_muscle_injury,incidence,7.88,,301,/Users/abdelbabiker/Desktop/GBI-DE-MVP-main/Bayesian Analysis/analysis/model-input-releases/2026-09-14-injury-candidates/standardised.csv,duplicate_representation,false,true,not_yet_classified,false,reviewed_see_alignment_decision,duplicate,hold,S2040:multiple_rows,301:incidence:overall:injuryTissueType_muscle_injury_incidence,,,,,false,,,,1,"2020/21-2022/23, 3 seasons",,3,prospective cohort,,,RX,Time loss,time loss [non-contact lower-limb muscle injuries only],,medical staff,,return-to-play days,,,,unclassified_row,standardised.csv source row; candidate review flag multiple_rows_same_paper where present,,,,,not_documented_in_bounded_inventory,not_individually_adjudicated,not_yet_classified,,,supported_restricted_scope_from_sole_time_loss_definition,,,injuryTotalCount,,,analysis-source-context.csv,sourceDataRow,muscle_scope_review,,Muscle,,cohort_overlap_review | outcome_scope_review | multiple_rows_same_paper | current_session_only_not_ruled_out | time_loss_outcome_alignment_review,,,,,,hold,"The source labels the outcome time loss, but its threshold is unconfirmed. The approved protocol routes this to threshold sensitivity, not a global hold. The parent rate equals a category rate and the source title/definition identifies a restricted outcome. Do not label the parent as all injuries.","analysis master: source CSV: injuryTotalCount, injuryIncidenceOverall, totalExposure",sensitivity,duplicate,S2040,The alignment pair review confirms that this generic representation is the same restricted source outcome as the retained descriptor-rich detailed representation.,matching-overall-category-adjudication.csv; analysis master paper_title and time_loss_definition; equality deliberately not used as evidence,301,descriptive_rate_without_usable_sampling_information,false,,incidence|overall|restricted_non_contact_lower_limb_muscle_injury|lower limb|muscle injury|non-contact lower-limb muscle injury||,false,likelihood_and_target_selection_pending
302,S2040,S2040,Higher Incidence and Longer Recovery Time from Non-Contact Muscle Injuries in ACTN3 XX Genotype Players from a Soccer Academy: A Three-Season Longitudinal Study.,10.1186/s40798-026-00978-2,S2040,U19 - XX,overall,restricted_non_contact_lower_limb_muscle_injury,time loss [non-contact lower-limb muscle injuries only],source_defined_threshold_unconfirmed,Male,,,France,Football,non-contact muscle injuries per 1000 player-hours,,player-hours,source construction requires review,"[2026-07-10] Batch 014 manual primary-PDF extraction. Tables 1-3, Figures 1-2, methods and results checked. The study reports only non-contact lower-limb muscle injury outcome rates by genotype; all category×genotype rows, their incidence CIs and direct median [IQR] return-to-play times are retained. The 144 target injuries and 312 all injuries are not redistributed across genotypes because those counts were not printed by genotype. Table 1 positional composition was checked; it describes participants rather than injury counts, so it was not placed in injury-position outcome fields. No figure provided compatible numerical body-location rows.","source CSV: injuryTotalCount, injuryIncidenceOverall, totalExposure",,302:incidence:overall:main,,,5.67,5.67,,,,injuryTotalCount,injuryIncidenceOverall,lower limb,muscle injury,non-contact lower-limb muscle injury,,,,restricted_non_contact_lower_limb_muscle_injury,incidence,5.67,,302,/Users/abdelbabiker/Desktop/GBI-DE-MVP-main/Bayesian Analysis/analysis/model-input-releases/2026-09-14-injury-candidates/standardised.csv,duplicate_representation,false,true,not_yet_classified,false,reviewed_see_alignment_decision,duplicate,hold,S2040:multiple_rows,302:incidence:overall:injuryTissueType_muscle_injury_incidence,,,,,false,,,,1,"2020/21-2022/23, 3 seasons",,3,prospective cohort,,,XX,Time loss,time loss [non-contact lower-limb muscle injuries only],,medical staff,,return-to-play days,,,,unclassified_row,standardised.csv source row; candidate review flag multiple_rows_same_paper where present,,,,,not_documented_in_bounded_inventory,not_individually_adjudicated,not_yet_classified,,,supported_restricted_scope_from_sole_time_loss_definition,,,injuryTotalCount,,,analysis-source-context.csv,sourceDataRow,muscle_scope_review,,Muscle,,cohort_overlap_review | outcome_scope_review | multiple_rows_same_paper | current_session_only_not_ruled_out | time_loss_outcome_alignment_review,,,,,,hold,"The source labels the outcome time loss, but its threshold is unconfirmed. The approved protocol routes this to threshold sensitivity, not a global hold. The parent rate equals a category rate and the source title/definition identifies a restricted outcome. Do not label the parent as all injuries.","analysis master: source CSV: injuryTotalCount, injuryIncidenceOverall, totalExposure",sensitivity,duplicate,S2040,The alignment pair review confirms that this generic representation is the same restricted source outcome as the retained descriptor-rich detailed representation.,matching-overall-category-adjudication.csv; analysis master paper_title and time_loss_definition; equality deliberately not used as evidence,302,descriptive_rate_without_usable_sampling_information,false,,incidence|overall|restricted_non_contact_lower_limb_muscle_injury|lower limb|muscle injury|non-contact lower-limb muscle injury||,false,likelihood_and_target_selection_pending
449,S261,S1431,Injury incidence and burden in a youth elite football academy: a four-season prospective study of 551 players aged from under 9 to under 19 years,,aspetar-aspire-academy,2016/17-2018/19 U13-U15 growth cohort (S1431),overall,all_injuries,time loss [recurrent injuries excluded],source_defined_threshold_unconfirmed,Male,Youth,Youth academy,Qatar,Football,per 1000 player-hours,"injury days lost per squad-season, standardised to 25 players",player-hours,source construction requires review,"[2026-07-27] Source-family overlap treatment, 27 July 2026: S261 owns the pooled 2012/13-2015/16 Aspire Academy denominator. Age rows and the appended S1431 row remain available in source scope but are excluded from default denominator aggregation. S076 owns the later all-injury period; S1431 is nested within S076. || [2026-07-27] Aspetar source-family treatment, 2026-07-27: S261 is the academy anchor and source of truth for the 551-player U9-U19 Aspire Academy cohort over 2012/13-2015/16. Its final published data were extracted into Total and U9-U19 rows. S071 is a duplicate manuscript alias. Direct values from the later, non-overlapping S1431 2016/17-2018/19 U13-U15 cohort were added as the explicitly labelled final S261 row, with S1431 provenance retained. || [2026-07-27] Aspetar academy anchor reconciliation, 2026-07-27. S261 is the final published source for the 2012/13-2015/16 Aspire Academy cohort; S071 is a duplicate manuscript alias. Rows Total/U9-U19 retain the directly printed final-paper values. The final row is the later, non-overlapping 2016/17-2018/19 U13-U15 S1431 cohort. Table 2, Table 3, Supplementary Tables 1-3, and Supplementary Figure 1 were checked. Source discrepancy retained: pooled Supplementary Table 3 reports Knee 218 and Lower leg/calf 105, while the age rows sum to Knee 168 and Lower leg/calf 155; both views total 323 and no values were reassigned by inference.","source CSV: injuryTimeLossCount, injuryIncidenceOverall, totalExposure",,449:incidence:overall:main,161,21712,7.4,7.4,7.4152542373,,,injuryTimeLossCount,injuryIncidenceOverall,,,,,,,all_injuries,incidence,7.4,,449,/Users/abdelbabiker/Desktop/GBI-DE-MVP-main/Bayesian Analysis/analysis/model-input-releases/2026-09-14-injury-candidates/standardised.csv,duplicate_representation,false,true,not_yet_classified,false,reviewed_see_alignment_decision,duplicate,supported,S1431-within-S076,111:incidence:overall:main;112:incidence:overall:main;113:incidence:overall:main;114:incidence:overall:main;115:incidence:overall:main;116:incidence:overall:main,,,,,false,,,95,,2016/17-2018/19 (3 seasons); included growth intervals mean 113 days,,3,prospective cohort study,,,,Time loss,time loss [recurrent injuries excluded],,medical staff,same location and same type as a prior time-loss injury; recurrent injuries excluded,days lost; source reports mean and median by table,thigh,superficial contusion,,linked_subset,standardised.csv sourceDataRow 449 notes; source-family-overlap-methodology-2026-07-27.md Aspire Academy family,,protocol-v2/eligibility-audit-2026-09-12/mixed-b/papers/S261.json#/source_confirmed/metrics/1 | protocol-v2/eligibility-audit-2026-09-12/mixed-b/papers/S261.json#/source_confirmed/metrics/1 | protocol-v2/eligibility-audit-2026-09-12/mixed-b/papers/S261.json#/source_confirmed/metrics/0 | protocol-v2/eligibility-audit-2026-09-12/mixed-b/papers/S261.json#/source_confirmed/metrics/1,direct_reported_player_hour_total | standardised_squad_season,The linked S1431 cohort reports 3070 match player-hours. | The separately labelled linked S1431 cohort reports 21712 player-hours. | The original academy cohort uses squad-seasons standardised to 25 players. | The linked S1431 cohort reports 18642 training player-hours.,not_documented_in_bounded_inventory,not_individually_adjudicated,not_yet_classified,nested_subset,"Matching academy, nested ages and three seasons within the S076 four-season period.",supported_all_injury_scope,,161,injuryTimeLossCount,,,analysis-source-context.csv,sourceDataRow,all_injuries_scope_review,,,,cohort_overlap_review | outcome_scope_review | multiple_rows_same_paper | current_session_only_not_ruled_out | linked_source_cohort,,,,,,supported,"Saved source audit identifies a separate time-loss result; the threshold remains in the approved sensitivity route unless explicitly stated. A source-extracted rate is retained, but no count/hour pair or confidence interval is available for the numerical model route.",eligibility-audit-2026-09-12 adjudication-summary,sensitivity,duplicate,aspetar-aspire-academy,"S1431 is a named nested subset of S076, and S076 reports this same metric, setting and outcome target. The nested observation is a duplicate representation for that target.","source-family-decision-ledger-2026-07-27.json family=aspetar-aspire-academy; studyId=S1431; anchorStudyId=S076; target-matched anchor observations=111:incidence:overall:main;112:incidence:overall:main;113:incidence:overall:main;114:incidence:overall:main;115:incidence:overall:main;116:incidence:overall:main; Matching academy, nested ages and three seasons within the S076 four-season period.",S076,count_and_exposure,false,,incidence|overall|all_injuries|||||,false,likelihood_and_target_selection_pending
449,S261,S1431,Injury incidence and burden in a youth elite football academy: a four-season prospective study of 551 players aged from under 9 to under 19 years,,aspetar-aspire-academy,2016/17-2018/19 U13-U15 growth cohort (S1431),match,all_injuries,time loss [recurrent injuries excluded],source_defined_threshold_unconfirmed,Male,Youth,Youth academy,Qatar,Football,per 1000 player-hours,"injury days lost per squad-season, standardised to 25 players",player-hours,source construction requires review,"[2026-07-27] Source-family overlap treatment, 27 July 2026: S261 owns the pooled 2012/13-2015/16 Aspire Academy denominator. Age rows and the appended S1431 row remain available in source scope but are excluded from default denominator aggregation. S076 owns the later all-injury period; S1431 is nested within S076. || [2026-07-27] Aspetar source-family treatment, 2026-07-27: S261 is the academy anchor and source of truth for the 551-player U9-U19 Aspire Academy cohort over 2012/13-2015/16. Its final published data were extracted into Total and U9-U19 rows. S071 is a duplicate manuscript alias. Direct values from the later, non-overlapping S1431 2016/17-2018/19 U13-U15 cohort were added as the explicitly labelled final S261 row, with S1431 provenance retained. || [2026-07-27] Aspetar academy anchor reconciliation, 2026-07-27. S261 is the final published source for the 2012/13-2015/16 Aspire Academy cohort; S071 is a duplicate manuscript alias. Rows Total/U9-U19 retain the directly printed final-paper values. The final row is the later, non-overlapping 2016/17-2018/19 U13-U15 S1431 cohort. Table 2, Table 3, Supplementary Tables 1-3, and Supplementary Figure 1 were checked. Source discrepancy retained: pooled Supplementary Table 3 reports Knee 218 and Lower leg/calf 105, while the age rows sum to Knee 168 and Lower leg/calf 155; both views total 323 and no values were reassigned by inference.","source CSV: injuryMatchCount, injuryIncidenceMatch, matchExposure",,449:incidence:match:main,68,3070,22.1,22.1,22.1498371336,,,injuryMatchCount,injuryIncidenceMatch,,,,,,,all_injuries,incidence,22.1,,449,/Users/abdelbabiker/Desktop/GBI-DE-MVP-main/Bayesian Analysis/analysis/model-input-releases/2026-09-14-injury-candidates/standardised.csv,duplicate_representation,false,true,not_yet_classified,false,reviewed_see_alignment_decision,duplicate,supported,S1431-within-S076,111:incidence:match:main;112:incidence:match:main;113:incidence:match:main;114:incidence:match:main;115:incidence:match:main;116:incidence:match:main,,,,,false,,,95,,2016/17-2018/19 (3 seasons); included growth intervals mean 113 days,,3,prospective cohort study,,,,Time loss,time loss [recurrent injuries excluded],,medical staff,same location and same type as a prior time-loss injury; recurrent injuries excluded,days lost; source reports mean and median by table,thigh,superficial contusion,,linked_subset,standardised.csv sourceDataRow 449 notes; source-family-overlap-methodology-2026-07-27.md Aspire Academy family,,protocol-v2/eligibility-audit-2026-09-12/mixed-b/papers/S261.json#/source_confirmed/metrics/1,direct_reported_player_hour_total,The linked S1431 cohort reports 3070 match player-hours.,not_documented_in_bounded_inventory,not_individually_adjudicated,not_yet_classified,nested_subset,"Matching academy, nested ages and three seasons within the S076 four-season period.",supported_all_injury_scope,,68,injuryMatchCount,,,analysis-source-context.csv,sourceDataRow,all_injuries_scope_review,,,,cohort_overlap_review | outcome_scope_review | multiple_rows_same_paper | current_session_only_not_ruled_out | linked_source_cohort,,,,,,supported,"Saved source audit identifies a separate time-loss result; the threshold remains in the approved sensitivity route unless explicitly stated. A source-extracted rate is retained, but no count/hour pair or confidence interval is available for the numerical model route.",eligibility-audit-2026-09-12 adjudication-summary,sensitivity,duplicate,aspetar-aspire-academy,"S1431 is a named nested subset of S076, and S076 reports this same metric, setting and outcome target. The nested observation is a duplicate representation for that target.","source-family-decision-ledger-2026-07-27.json family=aspetar-aspire-academy; studyId=S1431; anchorStudyId=S076; target-matched anchor observations=111:incidence:match:main;112:incidence:match:main;113:incidence:match:main;114:incidence:match:main;115:incidence:match:main;116:incidence:match:main; Matching academy, nested ages and three seasons within the S076 four-season period.",S076,count_and_exposure,false,,incidence|match|all_injuries|||||,false,likelihood_and_target_selection_pending
449,S261,S1431,Injury incidence and burden in a youth elite football academy: a four-season prospective study of 551 players aged from under 9 to under 19 years,,aspetar-aspire-academy,2016/17-2018/19 U13-U15 growth cohort (S1431),training,all_injuries,time loss [recurrent injuries excluded],source_defined_threshold_unconfirmed,Male,Youth,Youth academy,Qatar,Football,per 1000 player-hours,"injury days lost per squad-season, standardised to 25 players",player-hours,source construction requires review,"[2026-07-27] Source-family overlap treatment, 27 July 2026: S261 owns the pooled 2012/13-2015/16 Aspire Academy denominator. Age rows and the appended S1431 row remain available in source scope but are excluded from default denominator aggregation. S076 owns the later all-injury period; S1431 is nested within S076. || [2026-07-27] Aspetar source-family treatment, 2026-07-27: S261 is the academy anchor and source of truth for the 551-player U9-U19 Aspire Academy cohort over 2012/13-2015/16. Its final published data were extracted into Total and U9-U19 rows. S071 is a duplicate manuscript alias. Direct values from the later, non-overlapping S1431 2016/17-2018/19 U13-U15 cohort were added as the explicitly labelled final S261 row, with S1431 provenance retained. || [2026-07-27] Aspetar academy anchor reconciliation, 2026-07-27. S261 is the final published source for the 2012/13-2015/16 Aspire Academy cohort; S071 is a duplicate manuscript alias. Rows Total/U9-U19 retain the directly printed final-paper values. The final row is the later, non-overlapping 2016/17-2018/19 U13-U15 S1431 cohort. Table 2, Table 3, Supplementary Tables 1-3, and Supplementary Figure 1 were checked. Source discrepancy retained: pooled Supplementary Table 3 reports Knee 218 and Lower leg/calf 105, while the age rows sum to Knee 168 and Lower leg/calf 155; both views total 323 and no values were reassigned by inference.","source CSV: injuryTrainingCount, injuryIncidenceTraining, trainingExposure",,449:incidence:training:main,93,18642,5,5,4.9887351143,,,injuryTrainingCount,injuryIncidenceTraining,,,,,,,all_injuries,incidence,5,,449,/Users/abdelbabiker/Desktop/GBI-DE-MVP-main/Bayesian Analysis/analysis/model-input-releases/2026-09-14-injury-candidates/standardised.csv,duplicate_representation,false,true,not_yet_classified,false,reviewed_see_alignment_decision,duplicate,supported,S1431-within-S076,111:incidence:training:main;112:incidence:training:main;113:incidence:training:main;114:incidence:training:main;115:incidence:training:main;116:incidence:training:main,,,,,false,,,95,,2016/17-2018/19 (3 seasons); included growth intervals mean 113 days,,3,prospective cohort study,,,,Time loss,time loss [recurrent injuries excluded],,medical staff,same location and same type as a prior time-loss injury; recurrent injuries excluded,days lost; source reports mean and median by table,thigh,superficial contusion,,linked_subset,standardised.csv sourceDataRow 449 notes; source-family-overlap-methodology-2026-07-27.md Aspire Academy family,,protocol-v2/eligibility-audit-2026-09-12/mixed-b/papers/S261.json#/source_confirmed/metrics/1,direct_reported_player_hour_total,The linked S1431 cohort reports 18642 training player-hours.,not_documented_in_bounded_inventory,not_individually_adjudicated,not_yet_classified,nested_subset,"Matching academy, nested ages and three seasons within the S076 four-season period.",supported_all_injury_scope,,93,injuryTrainingCount,,,analysis-source-context.csv,sourceDataRow,all_injuries_scope_review,,,,cohort_overlap_review | outcome_scope_review | multiple_rows_same_paper | current_session_only_not_ruled_out | linked_source_cohort,,,,,,supported,"Saved source audit identifies a separate time-loss result; the threshold remains in the approved sensitivity route unless explicitly stated. A source-extracted rate is retained, but no count/hour pair or confidence interval is available for the numerical model route.",eligibility-audit-2026-09-12 adjudication-summary,sensitivity,duplicate,aspetar-aspire-academy,"S1431 is a named nested subset of S076, and S076 reports this same metric, setting and outcome target. The nested observation is a duplicate representation for that target.","source-family-decision-ledger-2026-07-27.json family=aspetar-aspire-academy; studyId=S1431; anchorStudyId=S076; target-matched anchor observations=111:incidence:training:main;112:incidence:training:main;113:incidence:training:main;114:incidence:training:main;115:incidence:training:main;116:incidence:training:main; Matching academy, nested ages and three seasons within the S076 four-season period.",S076,count_and_exposure,false,,incidence|training|all_injuries|||||,false,likelihood_and_target_selection_pending
449,S261,S1431,Injury incidence and burden in a youth elite football academy: a four-season prospective study of 551 players aged from under 9 to under 19 years,,aspetar-aspire-academy,2016/17-2018/19 U13-U15 growth cohort (S1431),overall,injuryLocation_ankle,time loss [recurrent injuries excluded],source_defined_threshold_unconfirmed,Male,Youth,Youth academy,Qatar,Football,per 1000 player-hours,"injury days lost per squad-season, standardised to 25 players",player-hours,source construction requires review,"[2026-07-27] Source-family overlap treatment, 27 July 2026: S261 owns the pooled 2012/13-2015/16 Aspire Academy denominator. Age rows and the appended S1431 row remain available in source scope but are excluded from default denominator aggregation. S076 owns the later all-injury period; S1431 is nested within S076. || [2026-07-27] Aspetar source-family treatment, 2026-07-27: S261 is the academy anchor and source of truth for the 551-player U9-U19 Aspire Academy cohort over 2012/13-2015/16. Its final published data were extracted into Total and U9-U19 rows. S071 is a duplicate manuscript alias. Direct values from the later, non-overlapping S1431 2016/17-2018/19 U13-U15 cohort were added as the explicitly labelled final S261 row, with S1431 provenance retained. || [2026-07-27] Aspetar academy anchor reconciliation, 2026-07-27. S261 is the final published source for the 2012/13-2015/16 Aspire Academy cohort; S071 is a duplicate manuscript alias. Rows Total/U9-U19 retain the directly printed final-paper values. The final row is the later, non-overlapping 2016/17-2018/19 U13-U15 S1431 cohort. Table 2, Table 3, Supplementary Tables 1-3, and Supplementary Figure 1 were checked. Source discrepancy retained: pooled Supplementary Table 3 reports Knee 218 and Lower leg/calf 105, while the age rows sum to Knee 168 and Lower leg/calf 155; both views total 323 and no values were reassigned by inference.",source CSV: injuryLocation_ankle_incidence,,449:incidence:overall:injuryLocation_ankle_incidence,,21712,1.15,1.15,,,,,injuryLocation_ankle_incidence,ankle,,,,,,injuryLocation_ankle,incidence,1.15,,449,/Users/abdelbabiker/Desktop/GBI-DE-MVP-main/Bayesian Analysis/analysis/model-input-releases/2026-09-14-injury-candidates/standardised.csv,duplicate_representation,false,true,not_yet_classified,false,reviewed_see_alignment_decision,duplicate,supported,S1431-within-S076,111:incidence:overall:injuryLocation_ankle_incidence,,,,,false,,,95,,2016/17-2018/19 (3 seasons); included growth intervals mean 113 days,,3,prospective cohort study,,,,Time loss,time loss [recurrent injuries excluded],,medical staff,same location and same type as a prior time-loss injury; recurrent injuries excluded,days lost; source reports mean and median by table,thigh,superficial contusion,,linked_subset,standardised.csv sourceDataRow 449 notes; source-family-overlap-methodology-2026-07-27.md Aspire Academy family,,protocol-v2/eligibility-audit-2026-09-12/mixed-b/papers/S261.json#/source_confirmed/metrics/1 | protocol-v2/eligibility-audit-2026-09-12/mixed-b/papers/S261.json#/source_confirmed/metrics/1 | protocol-v2/eligibility-audit-2026-09-12/mixed-b/papers/S261.json#/source_confirmed/metrics/0 | protocol-v2/eligibility-audit-2026-09-12/mixed-b/papers/S261.json#/source_confirmed/metrics/1,direct_reported_player_hour_total | standardised_squad_season,The linked S1431 cohort reports 3070 match player-hours. | The separately labelled linked S1431 cohort reports 21712 player-hours. | The original academy cohort uses squad-seasons standardised to 25 players. | The linked S1431 cohort reports 18642 training player-hours.,not_documented_in_bounded_inventory,not_individually_adjudicated,not_yet_classified,nested_subset,"Matching academy, nested ages and three seasons within the S076 four-season period.",supported_restricted_scope_from_sole_time_loss_definition,,,,,,analysis-source-context.csv,sourceDataRow,injuryLocation_ankle,ankle,,,cohort_overlap_review | outcome_scope_review | multiple_rows_same_paper | current_session_only_not_ruled_out | linked_source_cohort | detailed_outcome_definition_and_setting_review,,,,,,supported,"Saved source audit identifies a separate time-loss result; the threshold remains in the approved sensitivity route unless explicitly stated. The study uses a sole time-loss definition, which applies to this reported detailed rate; no conflicting source-context flag is retained.",eligibility-audit-2026-09-12 adjudication-summary,sensitivity,duplicate,aspetar-aspire-academy,"S1431 is a named nested subset of S076, and S076 reports this same metric, setting and outcome target. The nested observation is a duplicate representation for that target.","source-family-decision-ledger-2026-07-27.json family=aspetar-aspire-academy; studyId=S1431; anchorStudyId=S076; target-matched anchor observations=111:incidence:overall:injuryLocation_ankle_incidence; Matching academy, nested ages and three seasons within the S076 four-season period.",S076,descriptive_rate_without_usable_sampling_information,false,,incidence|overall|injuryLocation_ankle|ankle||||,false,likelihood_and_target_selection_pending
449,S261,S1431,Injury incidence and burden in a youth elite football academy: a four-season prospective study of 551 players aged from under 9 to under 19 years,,aspetar-aspire-academy,2016/17-2018/19 U13-U15 growth cohort (S1431),overall,injuryLocation_foot,time loss [recurrent injuries excluded],source_defined_threshold_unconfirmed,Male,Youth,Youth academy,Qatar,Football,per 1000 player-hours,"injury days lost per squad-season, standardised to 25 players",player-hours,source construction requires review,"[2026-07-27] Source-family overlap treatment, 27 July 2026: S261 owns the pooled 2012/13-2015/16 Aspire Academy denominator. Age rows and the appended S1431 row remain available in source scope but are excluded from default denominator aggregation. S076 owns the later all-injury period; S1431 is nested within S076. || [2026-07-27] Aspetar source-family treatment, 2026-07-27: S261 is the academy anchor and source of truth for the 551-player U9-U19 Aspire Academy cohort over 2012/13-2015/16. Its final published data were extracted into Total and U9-U19 rows. S071 is a duplicate manuscript alias. Direct values from the later, non-overlapping S1431 2016/17-2018/19 U13-U15 cohort were added as the explicitly labelled final S261 row, with S1431 provenance retained. || [2026-07-27] Aspetar academy anchor reconciliation, 2026-07-27. S261 is the final published source for the 2012/13-2015/16 Aspire Academy cohort; S071 is a duplicate manuscript alias. Rows Total/U9-U19 retain the directly printed final-paper values. The final row is the later, non-overlapping 2016/17-2018/19 U13-U15 S1431 cohort. Table 2, Table 3, Supplementary Tables 1-3, and Supplementary Figure 1 were checked. Source discrepancy retained: pooled Supplementary Table 3 reports Knee 218 and Lower leg/calf 105, while the age rows sum to Knee 168 and Lower leg/calf 155; both views total 323 and no values were reassigned by inference.",source CSV: injuryLocation_foot_incidence,,449:incidence:overall:injuryLocation_foot_incidence,,21712,0.6,0.6,,,,,injuryLocation_foot_incidence,foot,,,,,,injuryLocation_foot,incidence,0.6,,449,/Users/abdelbabiker/Desktop/GBI-DE-MVP-main/Bayesian Analysis/analysis/model-input-releases/2026-09-14-injury-candidates/standardised.csv,duplicate_representation,false,true,not_yet_classified,false,reviewed_see_alignment_decision,duplicate,supported,S1431-within-S076,111:incidence:overall:injuryLocation_foot_incidence,,,,,false,,,95,,2016/17-2018/19 (3 seasons); included growth intervals mean 113 days,,3,prospective cohort study,,,,Time loss,time loss [recurrent injuries excluded],,medical staff,same location and same type as a prior time-loss injury; recurrent injuries excluded,days lost; source reports mean and median by table,thigh,superficial contusion,,linked_subset,standardised.csv sourceDataRow 449 notes; source-family-overlap-methodology-2026-07-27.md Aspire Academy family,,protocol-v2/eligibility-audit-2026-09-12/mixed-b/papers/S261.json#/source_confirmed/metrics/1 | protocol-v2/eligibility-audit-2026-09-12/mixed-b/papers/S261.json#/source_confirmed/metrics/1 | protocol-v2/eligibility-audit-2026-09-12/mixed-b/papers/S261.json#/source_confirmed/metrics/0 | protocol-v2/eligibility-audit-2026-09-12/mixed-b/papers/S261.json#/source_confirmed/metrics/1,direct_reported_player_hour_total | standardised_squad_season,The linked S1431 cohort reports 3070 match player-hours. | The separately labelled linked S1431 cohort reports 21712 player-hours. | The original academy cohort uses squad-seasons standardised to 25 players. | The linked S1431 cohort reports 18642 training player-hours.,not_documented_in_bounded_inventory,not_individually_adjudicated,not_yet_classified,nested_subset,"Matching academy, nested ages and three seasons within the S076 four-season period.",supported_restricted_scope_from_sole_time_loss_definition,,,,,,analysis-source-context.csv,sourceDataRow,injuryLocation_foot,foot,,,cohort_overlap_review | outcome_scope_review | multiple_rows_same_paper | current_session_only_not_ruled_out | linked_source_cohort | detailed_outcome_definition_and_setting_review,,,,,,supported,"Saved source audit identifies a separate time-loss result; the threshold remains in the approved sensitivity route unless explicitly stated. A source-extracted rate is retained, but no count/hour pair or confidence interval is available for the numerical model route.",eligibility-audit-2026-09-12 adjudication-summary,sensitivity,duplicate,aspetar-aspire-academy,"S1431 is a named nested subset of S076, and S076 reports this same metric, setting and outcome target. The nested observation is a duplicate representation for that target.","source-family-decision-ledger-2026-07-27.json family=aspetar-aspire-academy; studyId=S1431; anchorStudyId=S076; target-matched anchor observations=111:incidence:overall:injuryLocation_foot_incidence; Matching academy, nested ages and three seasons within the S076 four-season period.",S076,descriptive_rate_without_usable_sampling_information,false,,incidence|overall|injuryLocation_foot|foot||||,false,likelihood_and_target_selection_pending
449,S261,S1431,Injury incidence and burden in a youth elite football academy: a four-season prospective study of 551 players aged from under 9 to under 19 years,,aspetar-aspire-academy,2016/17-2018/19 U13-U15 growth cohort (S1431),overall,injuryLocation_knee,time loss [recurrent injuries excluded],source_defined_threshold_unconfirmed,Male,Youth,Youth academy,Qatar,Football,per 1000 player-hours,"injury days lost per squad-season, standardised to 25 players",player-hours,source construction requires review,"[2026-07-27] Source-family overlap treatment, 27 July 2026: S261 owns the pooled 2012/13-2015/16 Aspire Academy denominator. Age rows and the appended S1431 row remain available in source scope but are excluded from default denominator aggregation. S076 owns the later all-injury period; S1431 is nested within S076. || [2026-07-27] Aspetar source-family treatment, 2026-07-27: S261 is the academy anchor and source of truth for the 551-player U9-U19 Aspire Academy cohort over 2012/13-2015/16. Its final published data were extracted into Total and U9-U19 rows. S071 is a duplicate manuscript alias. Direct values from the later, non-overlapping S1431 2016/17-2018/19 U13-U15 cohort were added as the explicitly labelled final S261 row, with S1431 provenance retained. || [2026-07-27] Aspetar academy anchor reconciliation, 2026-07-27. S261 is the final published source for the 2012/13-2015/16 Aspire Academy cohort; S071 is a duplicate manuscript alias. Rows Total/U9-U19 retain the directly printed final-paper values. The final row is the later, non-overlapping 2016/17-2018/19 U13-U15 S1431 cohort. Table 2, Table 3, Supplementary Tables 1-3, and Supplementary Figure 1 were checked. Source discrepancy retained: pooled Supplementary Table 3 reports Knee 218 and Lower leg/calf 105, while the age rows sum to Knee 168 and Lower leg/calf 155; both views total 323 and no values were reassigned by inference.",source CSV: injuryLocation_knee_incidence,,449:incidence:overall:injuryLocation_knee_incidence,,21712,0.88,0.88,,,,,injuryLocation_knee_incidence,knee,,,,,,injuryLocation_knee,incidence,0.88,,449,/Users/abdelbabiker/Desktop/GBI-DE-MVP-main/Bayesian Analysis/analysis/model-input-releases/2026-09-14-injury-candidates/standardised.csv,duplicate_representation,false,true,not_yet_classified,false,reviewed_see_alignment_decision,duplicate,supported,S1431-within-S076,111:incidence:overall:injuryLocation_knee_incidence,,,,,false,,,95,,2016/17-2018/19 (3 seasons); included growth intervals mean 113 days,,3,prospective cohort study,,,,Time loss,time loss [recurrent injuries excluded],,medical staff,same location and same type as a prior time-loss injury; recurrent injuries excluded,days lost; source reports mean and median by table,thigh,superficial contusion,,linked_subset,standardised.csv sourceDataRow 449 notes; source-family-overlap-methodology-2026-07-27.md Aspire Academy family,,protocol-v2/eligibility-audit-2026-09-12/mixed-b/papers/S261.json#/source_confirmed/metrics/1 | protocol-v2/eligibility-audit-2026-09-12/mixed-b/papers/S261.json#/source_confirmed/metrics/1 | protocol-v2/eligibility-audit-2026-09-12/mixed-b/papers/S261.json#/source_confirmed/metrics/0 | protocol-v2/eligibility-audit-2026-09-12/mixed-b/papers/S261.json#/source_confirmed/metrics/1,direct_reported_player_hour_total | standardised_squad_season,The linked S1431 cohort reports 3070 match player-hours. | The separately labelled linked S1431 cohort reports 21712 player-hours. | The original academy cohort uses squad-seasons standardised to 25 players. | The linked S1431 cohort reports 18642 training player-hours.,not_documented_in_bounded_inventory,not_individually_adjudicated,not_yet_classified,nested_subset,"Matching academy, nested ages and three seasons within the S076 four-season period.",supported_restricted_scope_from_sole_time_loss_definition,,,,,,analysis-source-context.csv,sourceDataRow,injuryLocation_knee,knee,,,cohort_overlap_review | outcome_scope_review | multiple_rows_same_paper | current_session_only_not_ruled_out | linked_source_cohort | detailed_outcome_definition_and_setting_review,,,,,,supported,"Saved source audit identifies a separate time-loss result; the threshold remains in the approved sensitivity route unless explicitly stated. The study uses a sole time-loss definition, which applies to this reported detailed rate; no conflicting source-context flag is retained.",eligibility-audit-2026-09-12 adjudication-summary,sensitivity,duplicate,aspetar-aspire-academy,"S1431 is a named nested subset of S076, and S076 reports this same metric, setting and outcome target. The nested observation is a duplicate representation for that target.","source-family-decision-ledger-2026-07-27.json family=aspetar-aspire-academy; studyId=S1431; anchorStudyId=S076; target-matched anchor observations=111:incidence:overall:injuryLocation_knee_incidence; Matching academy, nested ages and three seasons within the S076 four-season period.",S076,descriptive_rate_without_usable_sampling_information,false,,incidence|overall|injuryLocation_knee|knee||||,false,likelihood_and_target_selection_pending
449,S261,S1431,Injury incidence and burden in a youth elite football academy: a four-season prospective study of 551 players aged from under 9 to under 19 years,,aspetar-aspire-academy,2016/17-2018/19 U13-U15 growth cohort (S1431),overall,injuryLocation_thigh,time loss [recurrent injuries excluded],source_defined_threshold_unconfirmed,Male,Youth,Youth academy,Qatar,Football,per 1000 player-hours,"injury days lost per squad-season, standardised to 25 players",player-hours,source construction requires review,"[2026-07-27] Source-family overlap treatment, 27 July 2026: S261 owns the pooled 2012/13-2015/16 Aspire Academy denominator. Age rows and the appended S1431 row remain available in source scope but are excluded from default denominator aggregation. S076 owns the later all-injury period; S1431 is nested within S076. || [2026-07-27] Aspetar source-family treatment, 2026-07-27: S261 is the academy anchor and source of truth for the 551-player U9-U19 Aspire Academy cohort over 2012/13-2015/16. Its final published data were extracted into Total and U9-U19 rows. S071 is a duplicate manuscript alias. Direct values from the later, non-overlapping S1431 2016/17-2018/19 U13-U15 cohort were added as the explicitly labelled final S261 row, with S1431 provenance retained. || [2026-07-27] Aspetar academy anchor reconciliation, 2026-07-27. S261 is the final published source for the 2012/13-2015/16 Aspire Academy cohort; S071 is a duplicate manuscript alias. Rows Total/U9-U19 retain the directly printed final-paper values. The final row is the later, non-overlapping 2016/17-2018/19 U13-U15 S1431 cohort. Table 2, Table 3, Supplementary Tables 1-3, and Supplementary Figure 1 were checked. Source discrepancy retained: pooled Supplementary Table 3 reports Knee 218 and Lower leg/calf 105, while the age rows sum to Knee 168 and Lower leg/calf 155; both views total 323 and no values were reassigned by inference.",source CSV: injuryLocation_thigh_incidence,,449:incidence:overall:injuryLocation_thigh_incidence,,21712,1.61,1.61,,,,,injuryLocation_thigh_incidence,thigh,,,,,,injuryLocation_thigh,incidence,1.61,,449,/Users/abdelbabiker/Desktop/GBI-DE-MVP-main/Bayesian Analysis/analysis/model-input-releases/2026-09-14-injury-candidates/standardised.csv,duplicate_representation,false,true,not_yet_classified,false,reviewed_see_alignment_decision,duplicate,supported,S1431-within-S076,111:incidence:overall:injuryLocation_thigh_incidence,,,,,false,,,95,,2016/17-2018/19 (3 seasons); included growth intervals mean 113 days,,3,prospective cohort study,,,,Time loss,time loss [recurrent injuries excluded],,medical staff,same location and same type as a prior time-loss injury; recurrent injuries excluded,days lost; source reports mean and median by table,thigh,superficial contusion,,linked_subset,standardised.csv sourceDataRow 449 notes; source-family-overlap-methodology-2026-07-27.md Aspire Academy family,,protocol-v2/eligibility-audit-2026-09-12/mixed-b/papers/S261.json#/source_confirmed/metrics/1 | protocol-v2/eligibility-audit-2026-09-12/mixed-b/papers/S261.json#/source_confirmed/metrics/1 | protocol-v2/eligibility-audit-2026-09-12/mixed-b/papers/S261.json#/source_confirmed/metrics/0 | protocol-v2/eligibility-audit-2026-09-12/mixed-b/papers/S261.json#/source_confirmed/metrics/1,direct_reported_player_hour_total | standardised_squad_season,The linked S1431 cohort reports 3070 match player-hours. | The separately labelled linked S1431 cohort reports 21712 player-hours. | The original academy cohort uses squad-seasons standardised to 25 players. | The linked S1431 cohort reports 18642 training player-hours.,not_documented_in_bounded_inventory,not_individually_adjudicated,not_yet_classified,nested_subset,"Matching academy, nested ages and three seasons within the S076 four-season period.",supported_restricted_scope_from_sole_time_loss_definition,,,,,,analysis-source-context.csv,sourceDataRow,injuryLocation_thigh,thigh,,,cohort_overlap_review | outcome_scope_review | multiple_rows_same_paper | current_session_only_not_ruled_out | linked_source_cohort | detailed_outcome_definition_and_setting_review,,,,,,supported,"Saved source audit identifies a separate time-loss result; the threshold remains in the approved sensitivity route unless explicitly stated. The study uses a sole time-loss definition, which applies to this reported detailed rate; no conflicting source-context flag is retained.",eligibility-audit-2026-09-12 adjudication-summary,sensitivity,duplicate,aspetar-aspire-academy,"S1431 is a named nested subset of S076, and S076 reports this same metric, setting and outcome target. The nested observation is a duplicate representation for that target.","source-family-decision-ledger-2026-07-27.json family=aspetar-aspire-academy; studyId=S1431; anchorStudyId=S076; target-matched anchor observations=111:incidence:overall:injuryLocation_thigh_incidence; Matching academy, nested ages and three seasons within the S076 four-season period.",S076,descriptive_rate_without_usable_sampling_information,false,,incidence|overall|injuryLocation_thigh|thigh||||,false,likelihood_and_target_selection_pending
449,S261,S1431,Injury incidence and burden in a youth elite football academy: a four-season prospective study of 551 players aged from under 9 to under 19 years,,aspetar-aspire-academy,2016/17-2018/19 U13-U15 growth cohort (S1431),overall,injuryLocation_trunk_overall,time loss [recurrent injuries excluded],source_defined_threshold_unconfirmed,Male,Youth,Youth academy,Qatar,Football,per 1000 player-hours,"injury days lost per squad-season, standardised to 25 players",player-hours,source construction requires review,"[2026-07-27] Source-family overlap treatment, 27 July 2026: S261 owns the pooled 2012/13-2015/16 Aspire Academy denominator. Age rows and the appended S1431 row remain available in source scope but are excluded from default denominator aggregation. S076 owns the later all-injury period; S1431 is nested within S076. || [2026-07-27] Aspetar source-family treatment, 2026-07-27: S261 is the academy anchor and source of truth for the 551-player U9-U19 Aspire Academy cohort over 2012/13-2015/16. Its final published data were extracted into Total and U9-U19 rows. S071 is a duplicate manuscript alias. Direct values from the later, non-overlapping S1431 2016/17-2018/19 U13-U15 cohort were added as the explicitly labelled final S261 row, with S1431 provenance retained. || [2026-07-27] Aspetar academy anchor reconciliation, 2026-07-27. S261 is the final published source for the 2012/13-2015/16 Aspire Academy cohort; S071 is a duplicate manuscript alias. Rows Total/U9-U19 retain the directly printed final-paper values. The final row is the later, non-overlapping 2016/17-2018/19 U13-U15 S1431 cohort. Table 2, Table 3, Supplementary Tables 1-3, and Supplementary Figure 1 were checked. Source discrepancy retained: pooled Supplementary Table 3 reports Knee 218 and Lower leg/calf 105, while the age rows sum to Knee 168 and Lower leg/calf 155; both views total 323 and no values were reassigned by inference.",source CSV: injuryLocation_trunk_overall_incidence,,449:incidence:overall:injuryLocation_trunk_overall_incidence,,21712,0.32,0.32,,,,,injuryLocation_trunk_overall_incidence,trunk overall,,,,,,injuryLocation_trunk_overall,incidence,0.32,,449,/Users/abdelbabiker/Desktop/GBI-DE-MVP-main/Bayesian Analysis/analysis/model-input-releases/2026-09-14-injury-candidates/standardised.csv,duplicate_representation,false,true,not_yet_classified,false,reviewed_see_alignment_decision,duplicate,supported,S1431-within-S076,111:incidence:overall:injuryLocation_trunk_overall_incidence,,,,,false,,,95,,2016/17-2018/19 (3 seasons); included growth intervals mean 113 days,,3,prospective cohort study,,,,Time loss,time loss [recurrent injuries excluded],,medical staff,same location and same type as a prior time-loss injury; recurrent injuries excluded,days lost; source reports mean and median by table,thigh,superficial contusion,,linked_subset,standardised.csv sourceDataRow 449 notes; source-family-overlap-methodology-2026-07-27.md Aspire Academy family,,protocol-v2/eligibility-audit-2026-09-12/mixed-b/papers/S261.json#/source_confirmed/metrics/1 | protocol-v2/eligibility-audit-2026-09-12/mixed-b/papers/S261.json#/source_confirmed/metrics/1 | protocol-v2/eligibility-audit-2026-09-12/mixed-b/papers/S261.json#/source_confirmed/metrics/0 | protocol-v2/eligibility-audit-2026-09-12/mixed-b/papers/S261.json#/source_confirmed/metrics/1,direct_reported_player_hour_total | standardised_squad_season,The linked S1431 cohort reports 3070 match player-hours. | The separately labelled linked S1431 cohort reports 21712 player-hours. | The original academy cohort uses squad-seasons standardised to 25 players. | The linked S1431 cohort reports 18642 training player-hours.,not_documented_in_bounded_inventory,not_individually_adjudicated,not_yet_classified,nested_subset,"Matching academy, nested ages and three seasons within the S076 four-season period.",supported_restricted_scope_from_sole_time_loss_definition,,,,,,analysis-source-context.csv,sourceDataRow,injuryLocation_trunk_overall,trunk overall,,,cohort_overlap_review | outcome_scope_review | multiple_rows_same_paper | current_session_only_not_ruled_out | linked_source_cohort | detailed_outcome_definition_and_setting_review,,,,,,supported,"Saved source audit identifies a separate time-loss result; the threshold remains in the approved sensitivity route unless explicitly stated. The study uses a sole time-loss definition, which applies to this reported detailed rate; no conflicting source-context flag is retained.",eligibility-audit-2026-09-12 adjudication-summary,sensitivity,duplicate,aspetar-aspire-academy,"S1431 is a named nested subset of S076, and S076 reports this same metric, setting and outcome target. The nested observation is a duplicate representation for that target.","source-family-decision-ledger-2026-07-27.json family=aspetar-aspire-academy; studyId=S1431; anchorStudyId=S076; target-matched anchor observations=111:incidence:overall:injuryLocation_trunk_overall_incidence; Matching academy, nested ages and three seasons within the S076 four-season period.",S076,descriptive_rate_without_usable_sampling_information,false,,incidence|overall|injuryLocation_trunk_overall|trunk overall||||,false,likelihood_and_target_selection_pending
476,S2814,S2814,Incidence and burden of 671 injuries in professional women footballers: time to focus on context-specific injury risk reduction strategies.,10.1080/15438627.2024.2367199,S2814,All seasons (club),overall,all_injuries,medical attention [or time-loss],source_defined_threshold_unconfirmed,Female,Senior,Professional/international,Scotland,Football,per 1000 player-hours,days lost per 1000 player-hours,player-hours,source construction requires review,"[2026-07-10] Manual Batch 009 extraction from Tables 1-3 and Figures 1-3. Population order is All seasons (club) / 2021-2022 / 2022-2023. Table 2 is explicitly restricted to club injuries (654); the headline 671 includes 17 injuries during international windows and is retained as a reviewer caveat rather than mixed into season rows. Table 3 location counts are transparent sums of directly reported training and match counts across both seasons; no rates, exposures, burdens, CIs, or days were back-calculated.","source CSV: injuryTimeLossCount, injuryIncidenceTimeLossOverall, totalExposure",,476:incidence:overall:main,93,8400,11.1,11.1,11.0714285714,,,injuryTimeLossCount,injuryIncidenceTimeLossOverall,,,,,,,all_injuries,incidence,11.1,,476,/Users/abdelbabiker/Desktop/GBI-DE-MVP-main/Bayesian Analysis/analysis/model-input-releases/2026-09-14-injury-candidates/standardised.csv,duplicate_representation,false,true,not_yet_classified,false,reviewed_see_alignment_decision,duplicate,supported,S2814:parent:476,477:incidence:overall:main;478:incidence:overall:main,,,,,false,,,41,1,2021-2023,,2,prospective cohort,,,,Other,medical attention [or time-loss],,medical staff,,"days lost; 1-3, 4-7, 8-28, 29-90, 91-180, >180 days",,,,parent,"standardised.csv sourceDataRow 476 and child rows 477,478; exact fields: sampleSizePlayers,totalExposure,injuryTotalCount,injuryTimeLossCount",,protocol-v2/eligibility-audit-2026-09-12/mixed-b/papers/S2814.json#/source_confirmed/population_time_window | protocol-v2/eligibility-audit-2026-09-12/mixed-b/papers/S2814.json#/source_confirmed/metrics/0 | protocol-v2/eligibility-audit-2026-09-12/mixed-b/papers/S2814.json#/source_confirmed/population_time_window,direct_reported_player_hour_total,"Club match exposure is directly reported in Table 2. | Club-only exposure is 8400 hours, with match and training components in Table 2. | Club training exposure is directly reported in Table 2.",not_documented_in_bounded_inventory,not_individually_adjudicated,not_yet_classified,,,supported_all_injury_scope,,93,injuryTimeLossCount,,,analysis-source-context.csv,sourceDataRow,all_injuries_scope_review,,,,cohort_overlap_review | outcome_scope_review | multiple_rows_same_paper | current_session_only_not_ruled_out,,,,,,supported,"Saved source audit identifies a separate time-loss result; the threshold remains in the approved sensitivity route unless explicitly stated. A source-extracted rate is retained, but no count/hour pair or confidence interval is available for the numerical model route.",eligibility-audit-2026-09-12 adjudication-summary,sensitivity,duplicate,S2814,"Every named child reports this final metric, setting, outcome scope and threshold route, and each replacement is alignment-supported. The prior map verified an exhaustive numerical partition from three or more source quantity fields, so the parent is a duplicate representation.","standardised.csv sourceDataRow 476 and child rows 477,478; exact fields: sampleSizePlayers,totalExposure,injuryTotalCount,injuryTimeLossCount; complete alignment-supported child target coverage; selected child source rows=477;478",476,count_and_exposure,false,,incidence|overall|all_injuries|||||,false,likelihood_and_target_selection_pending
476,S2814,S2814,Incidence and burden of 671 injuries in professional women footballers: time to focus on context-specific injury risk reduction strategies.,10.1080/15438627.2024.2367199,S2814,All seasons (club),match,all_injuries,medical attention [or time-loss],source_defined_threshold_unconfirmed,Female,Senior,Professional/international,Scotland,Football,per 1000 player-hours,days lost per 1000 player-hours,player-hours,source construction requires review,"[2026-07-10] Manual Batch 009 extraction from Tables 1-3 and Figures 1-3. Population order is All seasons (club) / 2021-2022 / 2022-2023. Table 2 is explicitly restricted to club injuries (654); the headline 671 includes 17 injuries during international windows and is retained as a reviewer caveat rather than mixed into season rows. Table 3 location counts are transparent sums of directly reported training and match counts across both seasons; no rates, exposures, burdens, CIs, or days were back-calculated.","source CSV: injuryIncidenceTimeLossMatch, matchExposure",,476:incidence:match:main,,1547.9,23.9,23.9,,,,,injuryIncidenceTimeLossMatch,,,,,,,all_injuries,incidence,23.9,,476,/Users/abdelbabiker/Desktop/GBI-DE-MVP-main/Bayesian Analysis/analysis/model-input-releases/2026-09-14-injury-candidates/standardised.csv,duplicate_representation,false,true,not_yet_classified,true,reviewed_see_alignment_decision,duplicate,supported,S2814:parent:476,477:incidence:match:main;478:incidence:match:main,approximate_count_from_reported_rate,,36.99481,Approximate point calculation only. Original published precision and population alignment must be verified before use; no rounding bounds or confidence interval inferred.,false,,,41,1,2021-2023,,2,prospective cohort,,,,Other,medical attention [or time-loss],,medical staff,,"days lost; 1-3, 4-7, 8-28, 29-90, 91-180, >180 days",,,,parent,"standardised.csv sourceDataRow 476 and child rows 477,478; exact fields: sampleSizePlayers,totalExposure,injuryTotalCount,injuryTimeLossCount",,protocol-v2/eligibility-audit-2026-09-12/mixed-b/papers/S2814.json#/source_confirmed/population_time_window,direct_reported_player_hour_total,Club match exposure is directly reported in Table 2.,not_documented_in_bounded_inventory,not_individually_adjudicated,not_yet_classified,,,supported_all_injury_scope,,,,,,analysis-source-context.csv,sourceDataRow,all_injuries_scope_review,,,,cohort_overlap_review | outcome_scope_review | multiple_rows_same_paper | current_session_only_not_ruled_out,,,,,,supported,"Saved source audit identifies a separate time-loss result; the threshold remains in the approved sensitivity route unless explicitly stated. A source-extracted rate is retained, but no count/hour pair or confidence interval is available for the numerical model route.",eligibility-audit-2026-09-12 adjudication-summary,sensitivity,duplicate,S2814,"Every named child reports this final metric, setting, outcome scope and threshold route, and each replacement is alignment-supported. The prior map verified an exhaustive numerical partition from three or more source quantity fields, so the parent is a duplicate representation.","standardised.csv sourceDataRow 476 and child rows 477,478; exact fields: sampleSizePlayers,totalExposure,injuryTotalCount,injuryTimeLossCount; complete alignment-supported child target coverage; selected child source rows=477;478",476,descriptive_rate_without_usable_sampling_information,false,,incidence|match|all_injuries|||||,false,likelihood_and_target_selection_pending
476,S2814,S2814,Incidence and burden of 671 injuries in professional women footballers: time to focus on context-specific injury risk reduction strategies.,10.1080/15438627.2024.2367199,S2814,All seasons (club),training,all_injuries,medical attention [or time-loss],source_defined_threshold_unconfirmed,Female,Senior,Professional/international,Scotland,Football,per 1000 player-hours,days lost per 1000 player-hours,player-hours,source construction requires review,"[2026-07-10] Manual Batch 009 extraction from Tables 1-3 and Figures 1-3. Population order is All seasons (club) / 2021-2022 / 2022-2023. Table 2 is explicitly restricted to club injuries (654); the headline 671 includes 17 injuries during international windows and is retained as a reviewer caveat rather than mixed into season rows. Table 3 location counts are transparent sums of directly reported training and match counts across both seasons; no rates, exposures, burdens, CIs, or days were back-calculated.","source CSV: injuryIncidenceTimeLossTraining, trainingExposure",,476:incidence:training:main,,6852.1,8.2,8.2,,,,,injuryIncidenceTimeLossTraining,,,,,,,all_injuries,incidence,8.2,,476,/Users/abdelbabiker/Desktop/GBI-DE-MVP-main/Bayesian Analysis/analysis/model-input-releases/2026-09-14-injury-candidates/standardised.csv,duplicate_representation,false,true,not_yet_classified,true,reviewed_see_alignment_decision,duplicate,supported,S2814:parent:476,477:incidence:training:main;478:incidence:training:main,approximate_count_from_reported_rate,,56.18722,Approximate point calculation only. Original published precision and population alignment must be verified before use; no rounding bounds or confidence interval inferred.,false,,,41,1,2021-2023,,2,prospective cohort,,,,Other,medical attention [or time-loss],,medical staff,,"days lost; 1-3, 4-7, 8-28, 29-90, 91-180, >180 days",,,,parent,"standardised.csv sourceDataRow 476 and child rows 477,478; exact fields: sampleSizePlayers,totalExposure,injuryTotalCount,injuryTimeLossCount",,protocol-v2/eligibility-audit-2026-09-12/mixed-b/papers/S2814.json#/source_confirmed/population_time_window,direct_reported_player_hour_total,Club training exposure is directly reported in Table 2.,not_documented_in_bounded_inventory,not_individually_adjudicated,not_yet_classified,,,supported_all_injury_scope,,,,,,analysis-source-context.csv,sourceDataRow,all_injuries_scope_review,,,,cohort_overlap_review | outcome_scope_review | multiple_rows_same_paper | current_session_only_not_ruled_out,,,,,,supported,"Saved source audit identifies a separate time-loss result; the threshold remains in the approved sensitivity route unless explicitly stated. A source-extracted rate is retained, but no count/hour pair or confidence interval is available for the numerical model route.",eligibility-audit-2026-09-12 adjudication-summary,sensitivity,duplicate,S2814,"Every named child reports this final metric, setting, outcome scope and threshold route, and each replacement is alignment-supported. The prior map verified an exhaustive numerical partition from three or more source quantity fields, so the parent is a duplicate representation.","standardised.csv sourceDataRow 476 and child rows 477,478; exact fields: sampleSizePlayers,totalExposure,injuryTotalCount,injuryTimeLossCount; complete alignment-supported child target coverage; selected child source rows=477;478",476,descriptive_rate_without_usable_sampling_information,false,,incidence|training|all_injuries|||||,false,likelihood_and_target_selection_pending
490,S2824,S2824,Evolution of injury burden in Qatari professional football — 8 season data from the Aspetar Injury and Illness Surveillance Programme.,10.5114/biolsport.2025.139089,aspetar-qsl-professional,2013/14-2014/15 groin supplement (S344),overall,restricted_groin_injury,time loss [groin injury only],source_defined_threshold_unconfirmed,Male,Senior,Professional/international,Qatar,Football,groin injuries per 1000 player-hours,groin injury days lost per 1000 player-hours,player-hours,source construction requires review,"[2026-07-27] Source-family overlap treatment, 27 July 2026: S2824 owns the pooled 2014/15-2021/22 QSL denominator and the disjoint S195 2008/09 historical row. Component seasons, groin, ACL, and head/neck-concussion rows remain source-only to prevent pooled-plus-component or topic-denominator duplication. || [2026-07-27] Aspetar source-family treatment, 2026-07-27: S2824 is the Qatar Stars League professional anchor. Its existing All seasons and 2014/15-2021/22 rows remain the modern all-injury denominator. Four labelled source rows were added: disjoint S195 2008/09 all-injury, overlapping S344 groin, S555 ACL, and S712 head/neck-concussion. The topic rows preserve direct supplementary detail but must not be summed as independent all-injury denominators. S544 and S3577 are covered by the S344 source row. || [2026-07-27] Aspetar professional QSL anchor reconciliation, 2026-07-27. Existing S2824 All seasons and 2014/15-2021/22 rows remain the modern all-injury denominator. Added source-scoped rows: disjoint 2008/09 S195 all-injury cohort; overlapping S344 groin, S555 ACL, and S712 head/neck-concussion topic supplements. Topic rows must not be summed as independent all-injury denominators. S544 and S3577 are covered by the S344 row and remain audit-only secondary analyses. || [2026-07-13] Batch 020 manual primary-PDF extraction. Methods, Table 1, Table 2, Figures 1-3, results, and discussion were checked (article pp. 201-209). The direct layout is all seasons followed by the eight reported seasons. Table 1 supports season-level team, age, and exposure rows; headline injury/illness outcomes and Table 2 metrics are pooled-only and remain on All seasons. Table 2 reports medians (IQR) rather than means in its structured severity columns; values are labelled accordingly. The source reports illness incidence/system percentages but no total illness count, so no illness count or structured system count was inferred. Table 2 is intentionally not aggregated across incomplete location/type subsets.",source CSV: injuryLocation_groin_incidence,,490:incidence:overall:injuryLocation_groin_incidence,,205466,1,1,,,,,injuryLocation_groin_incidence,groin,,time-loss groin injury,,,,restricted_groin_injury,incidence,1,,490,/Users/abdelbabiker/Desktop/GBI-DE-MVP-main/Bayesian Analysis/analysis/model-input-releases/2026-09-14-injury-candidates/standardised.csv,duplicate_representation,false,true,not_yet_classified,false,reviewed_see_alignment_decision,duplicate,supported,S2824:parent:480,490:incidence:overall:main,,,,,false,,,606,17,July 2013-June 2015,,2,prospective observational cohort,,,,Time loss,time loss [groin injury only],,club doctors,same classification and side after full return,mild 0-3 days; minor 4-7; moderate 7-28; severe >28 days,groin,,adductor-related groin pain,granular,"standardised.csv sourceDataRow 480 and child rows 489,490,491,492",,,,,not_documented_in_bounded_inventory,not_individually_adjudicated,not_yet_classified,anchor,"Existing Aspetar source ledger, primary PDFs and exact live row denominators.",supported_restricted_scope_from_sole_time_loss_definition,,,,,,analysis-source-context.csv,sourceDataRow,injuryLocation_groin,groin,,,cohort_overlap_review | outcome_scope_review | multiple_rows_same_paper | current_session_only_not_ruled_out | detailed_outcome_definition_and_setting_review,,,,,,supported,"The source labels the outcome time loss, but its threshold is unconfirmed. The approved protocol routes this to threshold sensitivity, not a global hold. A source-extracted rate is retained, but no count/hour pair or confidence interval is available for the numerical model route.",analysis master: source CSV: injuryLocation_groin_incidence,sensitivity,duplicate,aspetar-qsl-professional,Duplicate of the source-supported count/hour or days/hour representation for the same source outcome. This descriptor-only representation does not replace its sampling information.,matching-overall-category-adjudication.csv; analysis master paper_title and time_loss_definition; equality deliberately not used as evidence; quantitative parent retained,490,descriptive_rate_without_usable_sampling_information,false,,incidence|overall|restricted_groin_injury|groin||time-loss groin injury||,false,likelihood_and_target_selection_pending
490,S2824,S2824,Evolution of injury burden in Qatari professional football — 8 season data from the Aspetar Injury and Illness Surveillance Programme.,10.5114/biolsport.2025.139089,aspetar-qsl-professional,2013/14-2014/15 groin supplement (S344),overall,restricted_groin_injury,time loss [groin injury only],source_defined_threshold_unconfirmed,Male,Senior,Professional/international,Qatar,Football,groin injuries per 1000 player-hours,groin injury days lost per 1000 player-hours,player-hours,source construction requires review,"[2026-07-27] Source-family overlap treatment, 27 July 2026: S2824 owns the pooled 2014/15-2021/22 QSL denominator and the disjoint S195 2008/09 historical row. Component seasons, groin, ACL, and head/neck-concussion rows remain source-only to prevent pooled-plus-component or topic-denominator duplication. || [2026-07-27] Aspetar source-family treatment, 2026-07-27: S2824 is the Qatar Stars League professional anchor. Its existing All seasons and 2014/15-2021/22 rows remain the modern all-injury denominator. Four labelled source rows were added: disjoint S195 2008/09 all-injury, overlapping S344 groin, S555 ACL, and S712 head/neck-concussion. The topic rows preserve direct supplementary detail but must not be summed as independent all-injury denominators. S544 and S3577 are covered by the S344 source row. || [2026-07-27] Aspetar professional QSL anchor reconciliation, 2026-07-27. Existing S2824 All seasons and 2014/15-2021/22 rows remain the modern all-injury denominator. Added source-scoped rows: disjoint 2008/09 S195 all-injury cohort; overlapping S344 groin, S555 ACL, and S712 head/neck-concussion topic supplements. Topic rows must not be summed as independent all-injury denominators. S544 and S3577 are covered by the S344 row and remain audit-only secondary analyses. || [2026-07-13] Batch 020 manual primary-PDF extraction. Methods, Table 1, Table 2, Figures 1-3, results, and discussion were checked (article pp. 201-209). The direct layout is all seasons followed by the eight reported seasons. Table 1 supports season-level team, age, and exposure rows; headline injury/illness outcomes and Table 2 metrics are pooled-only and remain on All seasons. Table 2 reports medians (IQR) rather than means in its structured severity columns; values are labelled accordingly. The source reports illness incidence/system percentages but no total illness count, so no illness count or structured system count was inferred. Table 2 is intentionally not aggregated across incomplete location/type subsets.",source CSV: injuryTissueType_injury_diagnosis_incidence,,490:incidence:overall:injuryTissueType_injury_diagnosis_incidence,,205466,1,1,,,,,injuryTissueType_injury_diagnosis_incidence,groin,,time-loss groin injury,,,,restricted_groin_injury,incidence,1,,490,/Users/abdelbabiker/Desktop/GBI-DE-MVP-main/Bayesian Analysis/analysis/model-input-releases/2026-09-14-injury-candidates/standardised.csv,duplicate_representation,false,true,not_yet_classified,false,reviewed_see_alignment_decision,duplicate,supported,S2824:parent:480,490:incidence:overall:main,,,,,false,,,606,17,July 2013-June 2015,,2,prospective observational cohort,,,,Time loss,time loss [groin injury only],,club doctors,same classification and side after full return,mild 0-3 days; minor 4-7; moderate 7-28; severe >28 days,groin,,adductor-related groin pain,granular,"standardised.csv sourceDataRow 480 and child rows 489,490,491,492",,,,,not_documented_in_bounded_inventory,not_individually_adjudicated,not_yet_classified,anchor,"Existing Aspetar source ledger, primary PDFs and exact live row denominators.",supported_restricted_scope_from_sole_time_loss_definition,,,,,,analysis-source-context.csv,sourceDataRow,injuryTissueType_injury_diagnosis,,,time-loss groin injury,cohort_overlap_review | outcome_scope_review | multiple_rows_same_paper | current_session_only_not_ruled_out | detailed_outcome_definition_and_setting_review,,,,,,supported,"The source labels the outcome time loss, but its threshold is unconfirmed. The approved protocol routes this to threshold sensitivity, not a global hold. A source-extracted rate is retained, but no count/hour pair or confidence interval is available for the numerical model route.",analysis master: source CSV: injuryTissueType_injury_diagnosis_incidence,sensitivity,duplicate,aspetar-qsl-professional,Duplicate of the source-supported count/hour or days/hour representation for the same source outcome. This descriptor-only representation does not replace its sampling information.,matching-overall-category-adjudication.csv; analysis master paper_title and time_loss_definition; equality deliberately not used as evidence; quantitative parent retained,490,descriptive_rate_without_usable_sampling_information,false,,incidence|overall|restricted_groin_injury|groin||time-loss groin injury||,false,likelihood_and_target_selection_pending
491,S2824,S2824,Evolution of injury burden in Qatari professional football — 8 season data from the Aspetar Injury and Illness Surveillance Programme.,10.5114/biolsport.2025.139089,aspetar-qsl-professional,2013/14-2017/18 ACL supplement (S555),overall,restricted_complete_ACL_rupture_confirmed_by_MRI,time loss [complete ACL rupture confirmed by MRI],source_defined_threshold_unconfirmed,Male,Senior,Professional/international,Qatar,Football,ACL injuries per 1000 player-hours,ACL injury days lost per 1000 player-hours,player-hours,source construction requires review,"[2026-07-27] Source-family overlap treatment, 27 July 2026: S2824 owns the pooled 2014/15-2021/22 QSL denominator and the disjoint S195 2008/09 historical row. Component seasons, groin, ACL, and head/neck-concussion rows remain source-only to prevent pooled-plus-component or topic-denominator duplication. || [2026-07-27] Aspetar source-family treatment, 2026-07-27: S2824 is the Qatar Stars League professional anchor. Its existing All seasons and 2014/15-2021/22 rows remain the modern all-injury denominator. Four labelled source rows were added: disjoint S195 2008/09 all-injury, overlapping S344 groin, S555 ACL, and S712 head/neck-concussion. The topic rows preserve direct supplementary detail but must not be summed as independent all-injury denominators. S544 and S3577 are covered by the S344 source row. || [2026-07-27] Aspetar professional QSL anchor reconciliation, 2026-07-27. Existing S2824 All seasons and 2014/15-2021/22 rows remain the modern all-injury denominator. Added source-scoped rows: disjoint 2008/09 S195 all-injury cohort; overlapping S344 groin, S555 ACL, and S712 head/neck-concussion topic supplements. Topic rows must not be summed as independent all-injury denominators. S544 and S3577 are covered by the S344 row and remain audit-only secondary analyses. || [2026-07-13] Batch 020 manual primary-PDF extraction. Methods, Table 1, Table 2, Figures 1-3, results, and discussion were checked (article pp. 201-209). The direct layout is all seasons followed by the eight reported seasons. Table 1 supports season-level team, age, and exposure rows; headline injury/illness outcomes and Table 2 metrics are pooled-only and remain on All seasons. Table 2 reports medians (IQR) rather than means in its structured severity columns; values are labelled accordingly. The source reports illness incidence/system percentages but no total illness count, so no illness count or structured system count was inferred. Table 2 is intentionally not aggregated across incomplete location/type subsets.",source CSV: injuryLocation_knee_incidence,,491:incidence:overall:injuryLocation_knee_incidence,,486951,0.076,0.076,,,,,injuryLocation_knee_incidence,knee,,complete ACL rupture,,,,restricted_complete_ACL_rupture_confirmed_by_MRI,incidence,0.076,,491,/Users/abdelbabiker/Desktop/GBI-DE-MVP-main/Bayesian Analysis/analysis/model-input-releases/2026-09-14-injury-candidates/standardised.csv,duplicate_representation,false,true,not_yet_classified,false,reviewed_see_alignment_decision,duplicate,supported,S2824:parent:480,491:incidence:overall:main,,,,,false,,,,,2013/14-2017/18,,5,prospective observational cohort,,,,Time loss,time loss [complete ACL rupture confirmed by MRI],,club medical staff,complete graft rupture in a reconstructed knee,mild 0-3 days; minor 4-7; moderate 7-28; severe >28 days,,,,granular,"standardised.csv sourceDataRow 480 and child rows 489,490,491,492",,,,,not_documented_in_bounded_inventory,not_individually_adjudicated,not_yet_classified,anchor,"Existing Aspetar source ledger, primary PDFs and exact live row denominators.",supported_restricted_scope_from_sole_time_loss_definition,,,,,,analysis-source-context.csv,sourceDataRow,injuryLocation_knee,knee,,,cohort_overlap_review | outcome_scope_review | multiple_rows_same_paper | current_session_only_not_ruled_out | detailed_outcome_definition_and_setting_review,,,,,,supported,"The source labels the outcome time loss, but its threshold is unconfirmed. The approved protocol routes this to threshold sensitivity, not a global hold. A source-extracted rate is retained, but no count/hour pair or confidence interval is available for the numerical model route.",analysis master: source CSV: injuryLocation_knee_incidence,sensitivity,duplicate,aspetar-qsl-professional,Duplicate of the source-supported count/hour or days/hour representation for the same source outcome. This descriptor-only representation does not replace its sampling information.,matching-overall-category-adjudication.csv; analysis master paper_title and time_loss_definition; equality deliberately not used as evidence; quantitative parent retained,491,descriptive_rate_without_usable_sampling_information,false,,incidence|overall|restricted_complete_ACL_rupture_confirmed_by_MRI|knee||complete ACL rupture||,false,likelihood_and_target_selection_pending
491,S2824,S2824,Evolution of injury burden in Qatari professional football — 8 season data from the Aspetar Injury and Illness Surveillance Programme.,10.5114/biolsport.2025.139089,aspetar-qsl-professional,2013/14-2017/18 ACL supplement (S555),overall,restricted_complete_ACL_rupture_confirmed_by_MRI,time loss [complete ACL rupture confirmed by MRI],source_defined_threshold_unconfirmed,Male,Senior,Professional/international,Qatar,Football,ACL injuries per 1000 player-hours,ACL injury days lost per 1000 player-hours,player-hours,source construction requires review,"[2026-07-27] Source-family overlap treatment, 27 July 2026: S2824 owns the pooled 2014/15-2021/22 QSL denominator and the disjoint S195 2008/09 historical row. Component seasons, groin, ACL, and head/neck-concussion rows remain source-only to prevent pooled-plus-component or topic-denominator duplication. || [2026-07-27] Aspetar source-family treatment, 2026-07-27: S2824 is the Qatar Stars League professional anchor. Its existing All seasons and 2014/15-2021/22 rows remain the modern all-injury denominator. Four labelled source rows were added: disjoint S195 2008/09 all-injury, overlapping S344 groin, S555 ACL, and S712 head/neck-concussion. The topic rows preserve direct supplementary detail but must not be summed as independent all-injury denominators. S544 and S3577 are covered by the S344 source row. || [2026-07-27] Aspetar professional QSL anchor reconciliation, 2026-07-27. Existing S2824 All seasons and 2014/15-2021/22 rows remain the modern all-injury denominator. Added source-scoped rows: disjoint 2008/09 S195 all-injury cohort; overlapping S344 groin, S555 ACL, and S712 head/neck-concussion topic supplements. Topic rows must not be summed as independent all-injury denominators. S544 and S3577 are covered by the S344 row and remain audit-only secondary analyses. || [2026-07-13] Batch 020 manual primary-PDF extraction. Methods, Table 1, Table 2, Figures 1-3, results, and discussion were checked (article pp. 201-209). The direct layout is all seasons followed by the eight reported seasons. Table 1 supports season-level team, age, and exposure rows; headline injury/illness outcomes and Table 2 metrics are pooled-only and remain on All seasons. Table 2 reports medians (IQR) rather than means in its structured severity columns; values are labelled accordingly. The source reports illness incidence/system percentages but no total illness count, so no illness count or structured system count was inferred. Table 2 is intentionally not aggregated across incomplete location/type subsets.",source CSV: injuryTissueType_injury_diagnosis_incidence,,491:incidence:overall:injuryTissueType_injury_diagnosis_incidence,,486951,0.076,0.076,,,,,injuryTissueType_injury_diagnosis_incidence,knee,,complete ACL rupture,,,,restricted_complete_ACL_rupture_confirmed_by_MRI,incidence,0.076,,491,/Users/abdelbabiker/Desktop/GBI-DE-MVP-main/Bayesian Analysis/analysis/model-input-releases/2026-09-14-injury-candidates/standardised.csv,duplicate_representation,false,true,not_yet_classified,false,reviewed_see_alignment_decision,duplicate,supported,S2824:parent:480,491:incidence:overall:main,,,,,false,,,,,2013/14-2017/18,,5,prospective observational cohort,,,,Time loss,time loss [complete ACL rupture confirmed by MRI],,club medical staff,complete graft rupture in a reconstructed knee,mild 0-3 days; minor 4-7; moderate 7-28; severe >28 days,,,,granular,"standardised.csv sourceDataRow 480 and child rows 489,490,491,492",,,,,not_documented_in_bounded_inventory,not_individually_adjudicated,not_yet_classified,anchor,"Existing Aspetar source ledger, primary PDFs and exact live row denominators.",supported_restricted_scope_from_sole_time_loss_definition,,,,,,analysis-source-context.csv,sourceDataRow,injuryTissueType_injury_diagnosis,,,complete acl rupture,cohort_overlap_review | outcome_scope_review | multiple_rows_same_paper | current_session_only_not_ruled_out | detailed_outcome_definition_and_setting_review,,,,,,supported,"The source labels the outcome time loss, but its threshold is unconfirmed. The approved protocol routes this to threshold sensitivity, not a global hold. A source-extracted rate is retained, but no count/hour pair or confidence interval is available for the numerical model route.",analysis master: source CSV: injuryTissueType_injury_diagnosis_incidence,sensitivity,duplicate,aspetar-qsl-professional,Duplicate of the source-supported count/hour or days/hour representation for the same source outcome. This descriptor-only representation does not replace its sampling information.,matching-overall-category-adjudication.csv; analysis master paper_title and time_loss_definition; equality deliberately not used as evidence; quantitative parent retained,491,descriptive_rate_without_usable_sampling_information,false,,incidence|overall|restricted_complete_ACL_rupture_confirmed_by_MRI|knee||complete ACL rupture||,false,likelihood_and_target_selection_pending
492,S2824,S2824,Evolution of injury burden in Qatari professional football — 8 season data from the Aspetar Injury and Illness Surveillance Programme.,10.5114/biolsport.2025.139089,aspetar-qsl-professional,2013/14-2020/21 head-neck-concussion supplement (S712),overall,restricted_head_and_neck_injury,time loss [head and neck injuries only],source_defined_threshold_unconfirmed,Male,Senior,Professional/international,Qatar,Football,head/neck injuries per 1000 player-hours and squad-season,days missed per 1000 player-hours,player-hours,source construction requires review,"[2026-07-27] Source-family overlap treatment, 27 July 2026: S2824 owns the pooled 2014/15-2021/22 QSL denominator and the disjoint S195 2008/09 historical row. Component seasons, groin, ACL, and head/neck-concussion rows remain source-only to prevent pooled-plus-component or topic-denominator duplication. || [2026-07-27] Aspetar source-family treatment, 2026-07-27: S2824 is the Qatar Stars League professional anchor. Its existing All seasons and 2014/15-2021/22 rows remain the modern all-injury denominator. Four labelled source rows were added: disjoint S195 2008/09 all-injury, overlapping S344 groin, S555 ACL, and S712 head/neck-concussion. The topic rows preserve direct supplementary detail but must not be summed as independent all-injury denominators. S544 and S3577 are covered by the S344 source row. || [2026-07-27] Aspetar professional QSL anchor reconciliation, 2026-07-27. Existing S2824 All seasons and 2014/15-2021/22 rows remain the modern all-injury denominator. Added source-scoped rows: disjoint 2008/09 S195 all-injury cohort; overlapping S344 groin, S555 ACL, and S712 head/neck-concussion topic supplements. Topic rows must not be summed as independent all-injury denominators. S544 and S3577 are covered by the S344 row and remain audit-only secondary analyses. || [2026-07-13] Batch 020 manual primary-PDF extraction. Methods, Table 1, Table 2, Figures 1-3, results, and discussion were checked (article pp. 201-209). The direct layout is all seasons followed by the eight reported seasons. Table 1 supports season-level team, age, and exposure rows; headline injury/illness outcomes and Table 2 metrics are pooled-only and remain on All seasons. Table 2 reports medians (IQR) rather than means in its structured severity columns; values are labelled accordingly. The source reports illness incidence/system percentages but no total illness count, so no illness count or structured system count was inferred. Table 2 is intentionally not aggregated across incomplete location/type subsets.","source CSV: injuryTimeLossCount, injuryIncidenceOverall, totalExposure",,492:incidence:overall:main,87,,0.12,0.12,,,,injuryTimeLossCount,injuryIncidenceOverall,head and neck,,head and neck injury,,,,restricted_head_and_neck_injury,incidence,0.12,,492,/Users/abdelbabiker/Desktop/GBI-DE-MVP-main/Bayesian Analysis/analysis/model-input-releases/2026-09-14-injury-candidates/standardised.csv,duplicate_representation,false,true,not_yet_classified,false,reviewed_see_alignment_decision,duplicate,hold,S2824:parent:480,492:incidence:overall:injuryLocation_head_neck_overall_incidence,,,,,false,,,,17,2013/14-2020/21,,8,prospective observational cohort,,,,Time loss,time loss [head and neck injuries only],,club medical staff,same structure within the same season,mild 0-3 days; minor 4-7; moderate 7-28; severe >28 days,head and neck,,concussion,granular,"standardised.csv sourceDataRow 480 and child rows 489,490,491,492",,,,,not_documented_in_bounded_inventory,not_individually_adjudicated,not_yet_classified,anchor,"Existing Aspetar source ledger, primary PDFs and exact live row denominators.",supported_restricted_scope_from_sole_time_loss_definition,,87,injuryTimeLossCount,,,analysis-source-context.csv,sourceDataRow,concussion_scope_review,,,concussion,cohort_overlap_review | outcome_scope_review | multiple_rows_same_paper | current_session_only_not_ruled_out | time_loss_outcome_alignment_review,,,,,,hold,"The source labels the outcome time loss, but its threshold is unconfirmed. The approved protocol routes this to threshold sensitivity, not a global hold. The parent rate equals a category rate and the source title/definition identifies a restricted outcome. Do not label the parent as all injuries.","analysis master: source CSV: injuryTimeLossCount, injuryIncidenceOverall, totalExposure",sensitivity,duplicate,aspetar-qsl-professional,The alignment pair review confirms that this generic representation is the same restricted source outcome as the retained descriptor-rich detailed representation.,matching-overall-category-adjudication.csv; analysis master paper_title and time_loss_definition; equality deliberately not used as evidence,492,descriptive_rate_without_usable_sampling_information,false,,incidence|overall|restricted_head_and_neck_injury|head and neck||head and neck injury||,false,likelihood_and_target_selection_pending
546,S3337,S3337,Injury Patterns in Academy-Level Male Youth Soccer Players: A 3-Season Prospective Cohort Study.,10.1097/JSM.0000000000001288,S3337,Total,overall,all_injuries,time loss,source_defined_threshold_unconfirmed,Male,Youth,Youth academy,United States,Football,injuries per 1000 training/match hours,,hours,source construction requires review,,"source CSV: injuryTimeLossCount, injuryIncidenceOverall, totalExposure",,546:incidence:overall:main,331,90890.11,3.64,3.64,3.6417603631,,,injuryTimeLossCount,injuryIncidenceOverall,,,,,,,all_injuries,incidence,3.64,,546,/Users/abdelbabiker/Desktop/GBI-DE-MVP-main/Bayesian Analysis/analysis/model-input-releases/2026-09-14-injury-candidates/standardised.csv,duplicate_representation,false,true,not_yet_classified,false,reviewed_see_alignment_decision,duplicate,supported,S3337:parent:546,547:incidence:overall:main;548:incidence:overall:main;549:incidence:overall:main;550:incidence:overall:main;551:incidence:overall:main;552:incidence:overall:main,,,,,false,,,397,6,2019-2020 to 2021-2022 soccer seasons (3 seasons),,3,prospective cohort study,,,,Time loss,time loss,,athletic trainers; injury categorization by physical therapist reviewed by team physicians,,minimal 1-3 days; mild 4-7 days; moderate 8-28 days; severe >28 days of missed full participation,thigh,muscle rupture/tear/strain/cramps,,parent,"standardised.csv sourceDataRow 546 and child rows 547,548,549,550,551,552; exact fields: sampleSizePlayers,totalExposure,injuryTotalCount,injuryTimeLossCount",,,,,not_documented_in_bounded_inventory,not_individually_adjudicated,not_yet_classified,,,supported_all_injury_scope,,331,injuryTimeLossCount,,,analysis-source-context.csv,sourceDataRow,all_injuries_scope_review,,,,cohort_overlap_review | outcome_scope_review | multiple_rows_same_paper | current_session_only_not_ruled_out | time_loss_outcome_alignment_review,,,,,,supported,"The source labels the outcome time loss, but its threshold is unconfirmed. The approved protocol routes this to threshold sensitivity, not a global hold. A source-extracted rate is retained, but no count/hour pair or confidence interval is available for the numerical model route.","analysis master: source CSV: injuryTimeLossCount, injuryIncidenceOverall, totalExposure",sensitivity,duplicate,S3337,"Every named child reports this final metric, setting, outcome scope and threshold route, and each replacement is alignment-supported. The prior map verified an exhaustive numerical partition from three or more source quantity fields, so the parent is a duplicate representation.","standardised.csv sourceDataRow 546 and child rows 547,548,549,550,551,552; exact fields: sampleSizePlayers,totalExposure,injuryTotalCount,injuryTimeLossCount; complete alignment-supported child target coverage; selected child source rows=547;548;549;550;551;552",546,count_and_exposure,false,,incidence|overall|all_injuries|||||,false,likelihood_and_target_selection_pending
596,S374,S374,Lower limb injuries in an english professional football club: injury analysis and recommendations for prevention,10.1080/00913847.2022.2045176,S374,Row 1,overall,restricted_lower_limb,time-loss,source_defined_threshold_unconfirmed,Male,,Professional/international,England,Football,lower limb injuries per 1000 football hours,,hours,source construction requires review,,source CSV: injuryLocation_lower_limb_overall_incidence,,596:incidence:overall:injuryLocation_lower_limb_overall_incidence,,26577,11.14,11.14,,,,,injuryLocation_lower_limb_overall_incidence,lower limb overall,,,,,,restricted_lower_limb,incidence,11.14,,596,/Users/abdelbabiker/Desktop/GBI-DE-MVP-main/Bayesian Analysis/analysis/model-input-releases/2026-09-14-injury-candidates/standardised.csv,duplicate_representation,false,true,not_yet_classified,true,reviewed_see_alignment_decision,duplicate,supported,S374:multiple_rows,596:incidence:overall:main,approximate_count_from_reported_rate,,296.06778,Approximate point calculation only. Original published precision and population alignment must be verified before use; no rounding bounds or confidence interval inferred.,false,,,,1,4 seasons 2015/2016 to 2018/2019,,4,retrospective cohort,,,,Time loss,time-loss,,Medical Staff,,mild ≤1 week; moderate 1-4 weeks; severe >4 weeks,thigh,muscle,,unclassified_row,standardised.csv source row; candidate review flag multiple_rows_same_paper where present,,,,,not_documented_in_bounded_inventory,not_individually_adjudicated,not_yet_classified,,,supported_restricted_scope_from_sole_time_loss_definition,,,,,,analysis-source-context.csv,sourceDataRow,injuryLocation_lower_limb_overall,lower limb overall,,,cohort_overlap_review | outcome_scope_review | multiple_rows_same_paper | current_session_only_not_ruled_out | detailed_outcome_definition_and_setting_review,,,,,,supported,"The source labels the outcome time loss, but its threshold is unconfirmed. The approved protocol routes this to threshold sensitivity, not a global hold. A source-extracted rate is retained, but no count/hour pair or confidence interval is available for the numerical model route.",analysis master: source CSV: injuryLocation_lower_limb_overall_incidence,sensitivity,duplicate,S374,Duplicate of the source-supported count/hour or days/hour representation for the same source outcome. This descriptor-only representation does not replace its sampling information.,matching-overall-category-adjudication.csv; analysis master paper_title and time_loss_definition; equality deliberately not used as evidence; quantitative parent retained,596,descriptive_rate_without_usable_sampling_information,false,,incidence|overall|restricted_lower_limb|lower limb overall||||,false,likelihood_and_target_selection_pending
606,S380,S380,Muscle injuries in the academy of a Spanish professional football club: A one-year prospective study,10.1016/j.apunts.2017.12.001,S380,Row 1,overall,restricted_muscle,time-loss,source_defined_threshold_unconfirmed,Male,Senior,Professional/international,Spain,Football,muscle injuries per 1000 hours of football exposure,absence days per 1000 hours of exposure,hours,source construction requires review,,source CSV: injuryTissueType_muscle_injury_incidence,,606:incidence:overall:injuryTissueType_muscle_injury_incidence,,8033,2.36,2.36,,,,,injuryTissueType_muscle_injury_incidence,,muscle injury,,,,,restricted_muscle,incidence,2.36,,606,/Users/abdelbabiker/Desktop/GBI-DE-MVP-main/Bayesian Analysis/analysis/model-input-releases/2026-09-14-injury-candidates/standardised.csv,duplicate_representation,false,true,not_yet_classified,true,reviewed_see_alignment_decision,duplicate,supported,S380:multiple_rows,606:incidence:overall:main,approximate_count_from_reported_rate,,18.95788,Approximate point calculation only. Original published precision and population alignment must be verified before use; no rounding bounds or confidence interval inferred.,false,,,22,1,2015-2016 season,,1,prospective cohort,,,,Time loss,time-loss,,Coach,relapse of same type and location,light 1-3 days; slight 4-7 days; moderate 8-28 days; severe >28 days,thigh and groin,muscle injury,hamstring and adductor injury,unclassified_row,standardised.csv source row; candidate review flag multiple_rows_same_paper where present,,,,,not_documented_in_bounded_inventory,not_individually_adjudicated,not_yet_classified,,,supported_restricted_scope_from_sole_time_loss_definition,,,,,,analysis-source-context.csv,sourceDataRow,injuryTissueType_muscle_injury,,muscle injury,,cohort_overlap_review | outcome_scope_review | multiple_rows_same_paper | current_session_only_not_ruled_out | detailed_outcome_definition_and_setting_review,,,,,,supported,"The source labels the outcome time loss, but its threshold is unconfirmed. The approved protocol routes this to threshold sensitivity, not a global hold. A source-extracted rate is retained, but no count/hour pair or confidence interval is available for the numerical model route.",analysis master: source CSV: injuryTissueType_muscle_injury_incidence,sensitivity,duplicate,S380,Duplicate of the source-supported count/hour or days/hour representation for the same source outcome. This descriptor-only representation does not replace its sampling information.,matching-overall-category-adjudication.csv; analysis master paper_title and time_loss_definition; equality deliberately not used as evidence; quantitative parent retained,606,descriptive_rate_without_usable_sampling_information,false,,incidence|overall|restricted_muscle||muscle injury|||,false,likelihood_and_target_selection_pending
607,S380,S380,Muscle injuries in the academy of a Spanish professional football club: A one-year prospective study,10.1016/j.apunts.2017.12.001,S380,Row 2,overall,restricted_muscle,time-loss,source_defined_threshold_unconfirmed,Male,Youth,Professional/international,Spain,Football,muscle injuries per 1000 hours of football exposure,absence days per 1000 hours of exposure,hours,source construction requires review,,source CSV: injuryTissueType_muscle_injury_incidence,,607:incidence:overall:injuryTissueType_muscle_injury_incidence,,12738,1.41,1.41,,,,,injuryTissueType_muscle_injury_incidence,,muscle injury,,,,,restricted_muscle,incidence,1.41,,607,/Users/abdelbabiker/Desktop/GBI-DE-MVP-main/Bayesian Analysis/analysis/model-input-releases/2026-09-14-injury-candidates/standardised.csv,duplicate_representation,false,true,not_yet_classified,true,reviewed_see_alignment_decision,duplicate,supported,S380:multiple_rows,607:incidence:overall:main,approximate_count_from_reported_rate,,17.96058,Approximate point calculation only. Original published precision and population alignment must be verified before use; no rounding bounds or confidence interval inferred.,false,,,40,1,2015-2016 season,,1,prospective cohort,,,,Time loss,time-loss,,Coach,relapse of same type and location,light 1-3 days; slight 4-7 days; moderate 8-28 days; severe >28 days,thigh,muscle injury,hamstring injury,unclassified_row,standardised.csv source row; candidate review flag multiple_rows_same_paper where present,,,,,not_documented_in_bounded_inventory,not_individually_adjudicated,not_yet_classified,,,supported_restricted_scope_from_sole_time_loss_definition,,,,,,analysis-source-context.csv,sourceDataRow,injuryTissueType_muscle_injury,,muscle injury,,cohort_overlap_review | outcome_scope_review | multiple_rows_same_paper | current_session_only_not_ruled_out | detailed_outcome_definition_and_setting_review,,,,,,supported,"The source labels the outcome time loss, but its threshold is unconfirmed. The approved protocol routes this to threshold sensitivity, not a global hold. A source-extracted rate is retained, but no count/hour pair or confidence interval is available for the numerical model route.",analysis master: source CSV: injuryTissueType_muscle_injury_incidence,sensitivity,duplicate,S380,Duplicate of the source-supported count/hour or days/hour representation for the same source outcome. This descriptor-only representation does not replace its sampling information.,matching-overall-category-adjudication.csv; analysis master paper_title and time_loss_definition; equality deliberately not used as evidence; quantitative parent retained,607,descriptive_rate_without_usable_sampling_information,false,,incidence|overall|restricted_muscle||muscle injury|||,false,likelihood_and_target_selection_pending
608,S380,S380,Muscle injuries in the academy of a Spanish professional football club: A one-year prospective study,10.1016/j.apunts.2017.12.001,S380,Row 3,overall,restricted_muscle,time-loss,source_defined_threshold_unconfirmed,Male,Youth,Professional/international,Spain,Football,muscle injuries per 1000 hours of football exposure,absence days per 1000 hours of exposure,hours,source construction requires review,,source CSV: injuryTissueType_muscle_injury_incidence,,608:incidence:overall:injuryTissueType_muscle_injury_incidence,,9372,1.28,1.28,,,,,injuryTissueType_muscle_injury_incidence,,muscle injury,,,,,restricted_muscle,incidence,1.28,,608,/Users/abdelbabiker/Desktop/GBI-DE-MVP-main/Bayesian Analysis/analysis/model-input-releases/2026-09-14-injury-candidates/standardised.csv,duplicate_representation,false,true,not_yet_classified,true,reviewed_see_alignment_decision,duplicate,supported,S380:multiple_rows,608:incidence:overall:main,approximate_count_from_reported_rate,,11.99616,Approximate point calculation only. Original published precision and population alignment must be verified before use; no rounding bounds or confidence interval inferred.,false,,,39,1,2015-2016 season,,1,prospective cohort,,,,Time loss,time-loss,,Coach,relapse of same type and location,light 1-3 days; slight 4-7 days; moderate 8-28 days; severe >28 days,thigh,muscle injury,hamstring injury,unclassified_row,standardised.csv source row; candidate review flag multiple_rows_same_paper where present,,,,,not_documented_in_bounded_inventory,not_individually_adjudicated,not_yet_classified,,,supported_restricted_scope_from_sole_time_loss_definition,,,,,,analysis-source-context.csv,sourceDataRow,injuryTissueType_muscle_injury,,muscle injury,,cohort_overlap_review | outcome_scope_review | multiple_rows_same_paper | current_session_only_not_ruled_out | detailed_outcome_definition_and_setting_review,,,,,,supported,"The source labels the outcome time loss, but its threshold is unconfirmed. The approved protocol routes this to threshold sensitivity, not a global hold. A source-extracted rate is retained, but no count/hour pair or confidence interval is available for the numerical model route.",analysis master: source CSV: injuryTissueType_muscle_injury_incidence,sensitivity,duplicate,S380,Duplicate of the source-supported count/hour or days/hour representation for the same source outcome. This descriptor-only representation does not replace its sampling information.,matching-overall-category-adjudication.csv; analysis master paper_title and time_loss_definition; equality deliberately not used as evidence; quantitative parent retained,608,descriptive_rate_without_usable_sampling_information,false,,incidence|overall|restricted_muscle||muscle injury|||,false,likelihood_and_target_selection_pending
609,S380,S380,Muscle injuries in the academy of a Spanish professional football club: A one-year prospective study,10.1016/j.apunts.2017.12.001,S380,Row 4,overall,restricted_muscle,time-loss,source_defined_threshold_unconfirmed,Male,Youth,Professional/international,Spain,Football,muscle injuries per 1000 hours of football exposure,absence days per 1000 hours of exposure,hours,source construction requires review,,source CSV: injuryTissueType_muscle_injury_incidence,,609:incidence:overall:injuryTissueType_muscle_injury_incidence,,8766,0.91,0.91,,,,,injuryTissueType_muscle_injury_incidence,,muscle injury,,,,,restricted_muscle,incidence,0.91,,609,/Users/abdelbabiker/Desktop/GBI-DE-MVP-main/Bayesian Analysis/analysis/model-input-releases/2026-09-14-injury-candidates/standardised.csv,duplicate_representation,false,true,not_yet_classified,true,reviewed_see_alignment_decision,duplicate,supported,S380:multiple_rows,609:incidence:overall:main,approximate_count_from_reported_rate,,7.97706,Approximate point calculation only. Original published precision and population alignment must be verified before use; no rounding bounds or confidence interval inferred.,false,,,39,1,2015-2016 season,,1,prospective cohort,,,,Time loss,time-loss,,Coach,relapse of same type and location,light 1-3 days; slight 4-7 days; moderate 8-28 days; severe >28 days,groin,muscle injury,adductor injury,unclassified_row,standardised.csv source row; candidate review flag multiple_rows_same_paper where present,,,,,not_documented_in_bounded_inventory,not_individually_adjudicated,not_yet_classified,,,supported_restricted_scope_from_sole_time_loss_definition,,,,,,analysis-source-context.csv,sourceDataRow,injuryTissueType_muscle_injury,,muscle injury,,cohort_overlap_review | outcome_scope_review | multiple_rows_same_paper | current_session_only_not_ruled_out | detailed_outcome_definition_and_setting_review,,,,,,supported,"The source labels the outcome time loss, but its threshold is unconfirmed. The approved protocol routes this to threshold sensitivity, not a global hold. A source-extracted rate is retained, but no count/hour pair or confidence interval is available for the numerical model route.",analysis master: source CSV: injuryTissueType_muscle_injury_incidence,sensitivity,duplicate,S380,Duplicate of the source-supported count/hour or days/hour representation for the same source outcome. This descriptor-only representation does not replace its sampling information.,matching-overall-category-adjudication.csv; analysis master paper_title and time_loss_definition; equality deliberately not used as evidence; quantitative parent retained,609,descriptive_rate_without_usable_sampling_information,false,,incidence|overall|restricted_muscle||muscle injury|||,false,likelihood_and_target_selection_pending
628,S3923,S3923,"Injury incidence, prevalence, and burden in an Argentinian male youth soccer academy: one-season descriptive study.",10.1080/00913847.2024.2425265,S3923,Total,match,all_injuries,time loss,source_defined_threshold_unconfirmed,Male,,Youth academy,Argentina,Football,"injuries per 1000 squad player-hours of total, match or training exposure",days lost per 1000 player-hours of exposure,player-hours,source construction requires review,,"source CSV: injuryMatchCount, injuryIncidenceTimeLossMatch, matchExposure",,628:incidence:match:main,70,7249,9.7,9.7,9.6565043454,,,injuryMatchCount,injuryIncidenceTimeLossMatch,,,,,,,all_injuries,incidence,9.7,,628,/Users/abdelbabiker/Desktop/GBI-DE-MVP-main/Bayesian Analysis/analysis/model-input-releases/2026-09-14-injury-candidates/standardised.csv,duplicate_representation,false,true,not_yet_classified,false,reviewed_see_alignment_decision,duplicate,supported,S3923:parent:628,629:incidence:match:main;630:incidence:match:main;631:incidence:match:main;632:incidence:match:main;633:incidence:match:main;634:incidence:match:main;635:incidence:match:main,,,,,false,,,212,,"2023 season: 7-week preseason, 35-week competitive period, 5-week postseason",,1,prospective one-season descriptive cohort study,,,,Time loss,time loss,,club physiotherapists,"subsequent local injury, exacerbation during recovery, or reinjury of the same type/diagnosis after return",mild 1-7 days; moderate 8-28 days; severe >=28 days,thigh (80; 34.0%),muscle/tendon (117; 49.8%),biceps femoris structural injury and lateral ankle sprain (10.21% each),parent,"standardised.csv sourceDataRow 628 and child rows 629,630,631,632,633,634,635; exact fields: sampleSizePlayers,injuryTotalCount,injuryTimeLossCount",,,,,not_documented_in_bounded_inventory,not_individually_adjudicated,not_yet_classified,,,supported_all_injury_scope,,70,injuryMatchCount,,,analysis-source-context.csv,sourceDataRow,all_injuries_scope_review,,,,cohort_overlap_review | outcome_scope_review | multiple_rows_same_paper | current_session_only_not_ruled_out | time_loss_outcome_alignment_review,,,,,,supported,"The source labels the outcome time loss, but its threshold is unconfirmed. The approved protocol routes this to threshold sensitivity, not a global hold. A source-extracted rate is retained, but no count/hour pair or confidence interval is available for the numerical model route.","analysis master: source CSV: injuryMatchCount, injuryIncidenceTimeLossMatch, matchExposure",sensitivity,duplicate,S3923,"Every named child reports this final metric, setting, outcome scope and threshold route, and each replacement is alignment-supported. The prior map verified an exhaustive numerical partition from three or more source quantity fields, so the parent is a duplicate representation.","standardised.csv sourceDataRow 628 and child rows 629,630,631,632,633,634,635; exact fields: sampleSizePlayers,injuryTotalCount,injuryTimeLossCount; complete alignment-supported child target coverage; selected child source rows=629;630;631;632;633;634;635",628,count_and_exposure,false,,incidence|match|all_injuries|||||,false,likelihood_and_target_selection_pending
629,S3923,S3923,"Injury incidence, prevalence, and burden in an Argentinian male youth soccer academy: one-season descriptive study.",10.1080/00913847.2024.2425265,S3923,U14,overall,all_injuries,time loss,source_defined_threshold_unconfirmed,Male,Youth,Youth academy,Argentina,Football,"injuries per 1000 squad player-hours of total, match or training exposure",days lost per 1000 player-hours of exposure,player-hours,source construction requires review,,"source CSV: injuryTimeLossCount, injuryIncidenceTimeLossOverall, totalExposure",,629:incidence:overall:main,27,7366.3,3.67,3.67,3.6653408088,,,injuryTimeLossCount,injuryIncidenceTimeLossOverall,,,,,,,all_injuries,incidence,3.67,,629,/Users/abdelbabiker/Desktop/GBI-DE-MVP-main/Bayesian Analysis/analysis/model-input-releases/2026-09-14-injury-candidates/standardised.csv,duplicate_representation,false,true,not_yet_classified,false,reviewed_see_alignment_decision,duplicate,supported,S3923:parent:628,628:incidence:overall:main,,,,,false,,,38,,"2023 season: 7-week preseason, 35-week competitive period, 5-week postseason",,1,prospective one-season descriptive cohort study,,,,Time loss,time loss,,club physiotherapists,"subsequent local injury, exacerbation during recovery, or reinjury of the same type/diagnosis after return",mild 1-7 days; moderate 8-28 days; severe >=28 days,,,,granular,"standardised.csv sourceDataRow 628 and child rows 629,630,631,632,633,634,635; exact fields: sampleSizePlayers,injuryTotalCount,injuryTimeLossCount",,,,,not_documented_in_bounded_inventory,not_individually_adjudicated,not_yet_classified,,,supported_all_injury_scope,,27,injuryTimeLossCount,,,analysis-source-context.csv,sourceDataRow,all_injuries_scope_review,,,,cohort_overlap_review | outcome_scope_review | multiple_rows_same_paper | current_session_only_not_ruled_out | time_loss_outcome_alignment_review,,,,,,supported,"The source labels the outcome time loss, but its threshold is unconfirmed. The approved protocol routes this to threshold sensitivity, not a global hold. A source-extracted rate is retained, but no count/hour pair or confidence interval is available for the numerical model route.","analysis master: source CSV: injuryTimeLossCount, injuryIncidenceTimeLossOverall, totalExposure",sensitivity,duplicate,S3923,This alignment-supported child reports a target represented by its retained parent. The parent is kept because the named child coverage is incomplete or another replacement is held or incompatible.,"standardised.csv sourceDataRow 628 and child rows 629,630,631,632,633,634,635; exact fields: sampleSizePlayers,injuryTotalCount,injuryTimeLossCount; retained parent sourceDataRow=628; incomplete or alignment-ineligible child coverage",628,count_and_exposure,false,,incidence|overall|all_injuries|||||,false,likelihood_and_target_selection_pending
630,S3923,S3923,"Injury incidence, prevalence, and burden in an Argentinian male youth soccer academy: one-season descriptive study.",10.1080/00913847.2024.2425265,S3923,U15,overall,all_injuries,time loss,source_defined_threshold_unconfirmed,Male,Youth,Youth academy,Argentina,Football,"injuries per 1000 squad player-hours of total, match or training exposure",days lost per 1000 player-hours of exposure,player-hours,source construction requires review,,"source CSV: injuryTimeLossCount, injuryIncidenceTimeLossOverall, totalExposure",,630:incidence:overall:main,36,7568,4.75,4.75,4.7568710359,,,injuryTimeLossCount,injuryIncidenceTimeLossOverall,,,,,,,all_injuries,incidence,4.75,,630,/Users/abdelbabiker/Desktop/GBI-DE-MVP-main/Bayesian Analysis/analysis/model-input-releases/2026-09-14-injury-candidates/standardised.csv,duplicate_representation,false,true,not_yet_classified,false,reviewed_see_alignment_decision,duplicate,supported,S3923:parent:628,628:incidence:overall:main,,,,,false,,,37,,"2023 season: 7-week preseason, 35-week competitive period, 5-week postseason",,1,prospective one-season descriptive cohort study,,,,Time loss,time loss,,club physiotherapists,"subsequent local injury, exacerbation during recovery, or reinjury of the same type/diagnosis after return",mild 1-7 days; moderate 8-28 days; severe >=28 days,,,,granular,"standardised.csv sourceDataRow 628 and child rows 629,630,631,632,633,634,635; exact fields: sampleSizePlayers,injuryTotalCount,injuryTimeLossCount",,,,,not_documented_in_bounded_inventory,not_individually_adjudicated,not_yet_classified,,,supported_all_injury_scope,,36,injuryTimeLossCount,,,analysis-source-context.csv,sourceDataRow,all_injuries_scope_review,,,,cohort_overlap_review | outcome_scope_review | multiple_rows_same_paper | current_session_only_not_ruled_out | time_loss_outcome_alignment_review,,,,,,supported,"The source labels the outcome time loss, but its threshold is unconfirmed. The approved protocol routes this to threshold sensitivity, not a global hold. A source-extracted rate is retained, but no count/hour pair or confidence interval is available for the numerical model route.","analysis master: source CSV: injuryTimeLossCount, injuryIncidenceTimeLossOverall, totalExposure",sensitivity,duplicate,S3923,This alignment-supported child reports a target represented by its retained parent. The parent is kept because the named child coverage is incomplete or another replacement is held or incompatible.,"standardised.csv sourceDataRow 628 and child rows 629,630,631,632,633,634,635; exact fields: sampleSizePlayers,injuryTotalCount,injuryTimeLossCount; retained parent sourceDataRow=628; incomplete or alignment-ineligible child coverage",628,count_and_exposure,false,,incidence|overall|all_injuries|||||,false,likelihood_and_target_selection_pending
631,S3923,S3923,"Injury incidence, prevalence, and burden in an Argentinian male youth soccer academy: one-season descriptive study.",10.1080/00913847.2024.2425265,S3923,U16,overall,all_injuries,time loss,source_defined_threshold_unconfirmed,Male,Youth,Youth academy,Argentina,Football,"injuries per 1000 squad player-hours of total, match or training exposure",days lost per 1000 player-hours of exposure,player-hours,source construction requires review,,"source CSV: injuryTimeLossCount, injuryIncidenceTimeLossOverall, totalExposure",,631:incidence:overall:main,34,7769.7,4.38,4.38,4.3759733323,,,injuryTimeLossCount,injuryIncidenceTimeLossOverall,,,,,,,all_injuries,incidence,4.38,,631,/Users/abdelbabiker/Desktop/GBI-DE-MVP-main/Bayesian Analysis/analysis/model-input-releases/2026-09-14-injury-candidates/standardised.csv,duplicate_representation,false,true,not_yet_classified,false,reviewed_see_alignment_decision,duplicate,supported,S3923:parent:628,628:incidence:overall:main,,,,,false,,,32,,"2023 season: 7-week preseason, 35-week competitive period, 5-week postseason",,1,prospective one-season descriptive cohort study,,,,Time loss,time loss,,club physiotherapists,"subsequent local injury, exacerbation during recovery, or reinjury of the same type/diagnosis after return",mild 1-7 days; moderate 8-28 days; severe >=28 days,,,,granular,"standardised.csv sourceDataRow 628 and child rows 629,630,631,632,633,634,635; exact fields: sampleSizePlayers,injuryTotalCount,injuryTimeLossCount",,,,,not_documented_in_bounded_inventory,not_individually_adjudicated,not_yet_classified,,,supported_all_injury_scope,,34,injuryTimeLossCount,,,analysis-source-context.csv,sourceDataRow,all_injuries_scope_review,,,,cohort_overlap_review | outcome_scope_review | multiple_rows_same_paper | current_session_only_not_ruled_out | time_loss_outcome_alignment_review,,,,,,supported,"The source labels the outcome time loss, but its threshold is unconfirmed. The approved protocol routes this to threshold sensitivity, not a global hold. A source-extracted rate is retained, but no count/hour pair or confidence interval is available for the numerical model route.","analysis master: source CSV: injuryTimeLossCount, injuryIncidenceTimeLossOverall, totalExposure",sensitivity,duplicate,S3923,This alignment-supported child reports a target represented by its retained parent. The parent is kept because the named child coverage is incomplete or another replacement is held or incompatible.,"standardised.csv sourceDataRow 628 and child rows 629,630,631,632,633,634,635; exact fields: sampleSizePlayers,injuryTotalCount,injuryTimeLossCount; retained parent sourceDataRow=628; incomplete or alignment-ineligible child coverage",628,count_and_exposure,false,,incidence|overall|all_injuries|||||,false,likelihood_and_target_selection_pending
632,S3923,S3923,"Injury incidence, prevalence, and burden in an Argentinian male youth soccer academy: one-season descriptive study.",10.1080/00913847.2024.2425265,S3923,U17,overall,all_injuries,time loss,source_defined_threshold_unconfirmed,Male,Youth,Youth academy,Argentina,Football,"injuries per 1000 squad player-hours of total, match or training exposure",days lost per 1000 player-hours of exposure,player-hours,source construction requires review,,"source CSV: injuryTimeLossCount, injuryIncidenceTimeLossOverall, totalExposure",,632:incidence:overall:main,30,4405.5,6.8,6.8,6.809669731,,,injuryTimeLossCount,injuryIncidenceTimeLossOverall,,,,,,,all_injuries,incidence,6.8,,632,/Users/abdelbabiker/Desktop/GBI-DE-MVP-main/Bayesian Analysis/analysis/model-input-releases/2026-09-14-injury-candidates/standardised.csv,duplicate_representation,false,true,not_yet_classified,false,reviewed_see_alignment_decision,duplicate,supported,S3923:parent:628,628:incidence:overall:main,,,,,false,,,32,,"2023 season: 7-week preseason, 35-week competitive period, 5-week postseason",,1,prospective one-season descriptive cohort study,,,,Time loss,time loss,,club physiotherapists,"subsequent local injury, exacerbation during recovery, or reinjury of the same type/diagnosis after return",mild 1-7 days; moderate 8-28 days; severe >=28 days,,,,granular,"standardised.csv sourceDataRow 628 and child rows 629,630,631,632,633,634,635; exact fields: sampleSizePlayers,injuryTotalCount,injuryTimeLossCount",,,,,not_documented_in_bounded_inventory,not_individually_adjudicated,not_yet_classified,,,supported_all_injury_scope,,30,injuryTimeLossCount,,,analysis-source-context.csv,sourceDataRow,all_injuries_scope_review,,,,cohort_overlap_review | outcome_scope_review | multiple_rows_same_paper | current_session_only_not_ruled_out | time_loss_outcome_alignment_review,,,,,,supported,"The source labels the outcome time loss, but its threshold is unconfirmed. The approved protocol routes this to threshold sensitivity, not a global hold. A source-extracted rate is retained, but no count/hour pair or confidence interval is available for the numerical model route.","analysis master: source CSV: injuryTimeLossCount, injuryIncidenceTimeLossOverall, totalExposure",sensitivity,duplicate,S3923,This alignment-supported child reports a target represented by its retained parent. The parent is kept because the named child coverage is incomplete or another replacement is held or incompatible.,"standardised.csv sourceDataRow 628 and child rows 629,630,631,632,633,634,635; exact fields: sampleSizePlayers,injuryTotalCount,injuryTimeLossCount; retained parent sourceDataRow=628; incomplete or alignment-ineligible child coverage",628,count_and_exposure,false,,incidence|overall|all_injuries|||||,false,likelihood_and_target_selection_pending
633,S3923,S3923,"Injury incidence, prevalence, and burden in an Argentinian male youth soccer academy: one-season descriptive study.",10.1080/00913847.2024.2425265,S3923,U18,overall,all_injuries,time loss,source_defined_threshold_unconfirmed,Male,Youth,Youth academy,Argentina,Football,"injuries per 1000 squad player-hours of total, match or training exposure",days lost per 1000 player-hours of exposure,player-hours,source construction requires review,,"source CSV: injuryTimeLossCount, injuryIncidenceTimeLossOverall, totalExposure",,633:incidence:overall:main,33,4405.5,7.49,7.49,7.4906367041,,,injuryTimeLossCount,injuryIncidenceTimeLossOverall,,,,,,,all_injuries,incidence,7.49,,633,/Users/abdelbabiker/Desktop/GBI-DE-MVP-main/Bayesian Analysis/analysis/model-input-releases/2026-09-14-injury-candidates/standardised.csv,duplicate_representation,false,true,not_yet_classified,false,reviewed_see_alignment_decision,duplicate,supported,S3923:parent:628,628:incidence:overall:main,,,,,false,,,27,,"2023 season: 7-week preseason, 35-week competitive period, 5-week postseason",,1,prospective one-season descriptive cohort study,,,,Time loss,time loss,,club physiotherapists,"subsequent local injury, exacerbation during recovery, or reinjury of the same type/diagnosis after return",mild 1-7 days; moderate 8-28 days; severe >=28 days,,,,granular,"standardised.csv sourceDataRow 628 and child rows 629,630,631,632,633,634,635; exact fields: sampleSizePlayers,injuryTotalCount,injuryTimeLossCount",,,,,not_documented_in_bounded_inventory,not_individually_adjudicated,not_yet_classified,,,supported_all_injury_scope,,33,injuryTimeLossCount,,,analysis-source-context.csv,sourceDataRow,all_injuries_scope_review,,,,cohort_overlap_review | outcome_scope_review | multiple_rows_same_paper | current_session_only_not_ruled_out | time_loss_outcome_alignment_review,,,,,,supported,"The source labels the outcome time loss, but its threshold is unconfirmed. The approved protocol routes this to threshold sensitivity, not a global hold. A source-extracted rate is retained, but no count/hour pair or confidence interval is available for the numerical model route.","analysis master: source CSV: injuryTimeLossCount, injuryIncidenceTimeLossOverall, totalExposure",sensitivity,duplicate,S3923,This alignment-supported child reports a target represented by its retained parent. The parent is kept because the named child coverage is incomplete or another replacement is held or incompatible.,"standardised.csv sourceDataRow 628 and child rows 629,630,631,632,633,634,635; exact fields: sampleSizePlayers,injuryTotalCount,injuryTimeLossCount; retained parent sourceDataRow=628; incomplete or alignment-ineligible child coverage",628,count_and_exposure,false,,incidence|overall|all_injuries|||||,false,likelihood_and_target_selection_pending
634,S3923,S3923,"Injury incidence, prevalence, and burden in an Argentinian male youth soccer academy: one-season descriptive study.",10.1080/00913847.2024.2425265,S3923,U20,overall,all_injuries,time loss,source_defined_threshold_unconfirmed,Male,Youth,Youth academy,Argentina,Football,"injuries per 1000 squad player-hours of total, match or training exposure",days lost per 1000 player-hours of exposure,player-hours,source construction requires review,,"source CSV: injuryTimeLossCount, injuryIncidenceTimeLossOverall, totalExposure",,634:incidence:overall:main,18,4405.5,4.09,4.09,4.0858018386,,,injuryTimeLossCount,injuryIncidenceTimeLossOverall,,,,,,,all_injuries,incidence,4.09,,634,/Users/abdelbabiker/Desktop/GBI-DE-MVP-main/Bayesian Analysis/analysis/model-input-releases/2026-09-14-injury-candidates/standardised.csv,duplicate_representation,false,true,not_yet_classified,false,reviewed_see_alignment_decision,duplicate,supported,S3923:parent:628,628:incidence:overall:main,,,,,false,,,25,,"2023 season: 7-week preseason, 35-week competitive period, 5-week postseason",,1,prospective one-season descriptive cohort study,,,,Time loss,time loss,,club physiotherapists,"subsequent local injury, exacerbation during recovery, or reinjury of the same type/diagnosis after return",mild 1-7 days; moderate 8-28 days; severe >=28 days,,,,granular,"standardised.csv sourceDataRow 628 and child rows 629,630,631,632,633,634,635; exact fields: sampleSizePlayers,injuryTotalCount,injuryTimeLossCount",,,,,not_documented_in_bounded_inventory,not_individually_adjudicated,not_yet_classified,,,supported_all_injury_scope,,18,injuryTimeLossCount,,,analysis-source-context.csv,sourceDataRow,all_injuries_scope_review,,,,cohort_overlap_review | outcome_scope_review | multiple_rows_same_paper | current_session_only_not_ruled_out | time_loss_outcome_alignment_review,,,,,,supported,"The source labels the outcome time loss, but its threshold is unconfirmed. The approved protocol routes this to threshold sensitivity, not a global hold. A source-extracted rate is retained, but no count/hour pair or confidence interval is available for the numerical model route.","analysis master: source CSV: injuryTimeLossCount, injuryIncidenceTimeLossOverall, totalExposure",sensitivity,duplicate,S3923,This alignment-supported child reports a target represented by its retained parent. The parent is kept because the named child coverage is incomplete or another replacement is held or incompatible.,"standardised.csv sourceDataRow 628 and child rows 629,630,631,632,633,634,635; exact fields: sampleSizePlayers,injuryTotalCount,injuryTimeLossCount; retained parent sourceDataRow=628; incomplete or alignment-ineligible child coverage",628,count_and_exposure,false,,incidence|overall|all_injuries|||||,false,likelihood_and_target_selection_pending
636,S3931,S3931,Comparison of Two Posterior Chain Strength Training Protocols on Performance and Injury Incidence in Elite Youth Football Players.,10.3390/medicina62010140,S3931,D + LCS group,overall,restricted_hamstring_injury,time loss [hamstring),source_defined_threshold_unconfirmed,Male,Youth,Youth academy,Spain,Football,"per 1,000 player-hours",,hours,source construction requires review,"[2026-07-30] Local-only Stage A proposal, S3931. Source sweep: full PDF, Methods §§2.1-2.8, Tables 1-4, Results, Discussion and limitations. Population order is D + LCS / NHE, following direct Table 4 columns. Table 4, not the internally reversed narrative sentence, supplies 922.8/831.6 total hours, 724.8/652.3 training hours, 198/179.3 match hours, 0/1 injuries and 0.0/1.20 per-1,000-h rates. The single NHE training injury was a right semimembranosus 2B strain at the myotendinous junction with 18 days' time loss. No illness, recurrence, contact/onset, CI, burden or broader injury-mix values were reported.",source CSV: injuryLocation_thigh_incidence,,636:incidence:overall:injuryLocation_thigh_incidence,,922.8,0,0,,,,,injuryLocation_thigh_incidence,thigh,muscle injury,hamstring injury,,,,restricted_hamstring_injury,incidence,0,,636,/Users/abdelbabiker/Desktop/GBI-DE-MVP-main/Bayesian Analysis/analysis/model-input-releases/2026-09-14-injury-candidates/standardised.csv,duplicate_representation,false,true,not_yet_classified,true,reviewed_see_alignment_decision,duplicate,supported,S3931:multiple_rows,636:incidence:overall:main,approximate_count_from_reported_rate,,0,Approximate point calculation only. Original published precision and population alignment must be verified before use; no rounding bounds or confidence interval inferred.,false,,,12,1,12-week monitoring period,,,randomised controlled trial [prospective injury data],,Yes,,Time loss,time loss [hamstring),,team medical staff,,,,,,unclassified_row,standardised.csv source row; candidate review flag multiple_rows_same_paper where present,,,,,not_documented_in_bounded_inventory,not_individually_adjudicated,not_yet_classified,,,supported_restricted_scope_from_sole_time_loss_definition,,,,,,analysis-source-context.csv,sourceDataRow,injuryLocation_thigh,thigh,,,cohort_overlap_review | outcome_scope_review | multiple_rows_same_paper | current_session_only_not_ruled_out | detailed_outcome_definition_and_setting_review,,,,,,supported,"The source labels the outcome time loss, but its threshold is unconfirmed. The approved protocol routes this to threshold sensitivity, not a global hold. A source-extracted rate is retained, but no count/hour pair or confidence interval is available for the numerical model route.",analysis master: source CSV: injuryLocation_thigh_incidence,sensitivity,duplicate,S3931,Duplicate of the source-supported count/hour or days/hour representation for the same source outcome. This descriptor-only representation does not replace its sampling information.,matching-overall-category-adjudication.csv; analysis master paper_title and time_loss_definition; equality deliberately not used as evidence; quantitative parent retained,636,descriptive_rate_without_usable_sampling_information,false,,incidence|overall|restricted_hamstring_injury|thigh|muscle injury|hamstring injury||,false,likelihood_and_target_selection_pending
637,S3931,S3931,Comparison of Two Posterior Chain Strength Training Protocols on Performance and Injury Incidence in Elite Youth Football Players.,10.3390/medicina62010140,S3931,NHE group,overall,restricted_hamstring_injury,time loss [hamstring),source_defined_threshold_unconfirmed,Male,Youth,Youth academy,Spain,Football,"per 1,000 player-hours",,hours,source construction requires review,"[2026-07-30] Local-only Stage A proposal, S3931. Source sweep: full PDF, Methods §§2.1-2.8, Tables 1-4, Results, Discussion and limitations. Population order is D + LCS / NHE, following direct Table 4 columns. Table 4, not the internally reversed narrative sentence, supplies 922.8/831.6 total hours, 724.8/652.3 training hours, 198/179.3 match hours, 0/1 injuries and 0.0/1.20 per-1,000-h rates. The single NHE training injury was a right semimembranosus 2B strain at the myotendinous junction with 18 days' time loss. No illness, recurrence, contact/onset, CI, burden or broader injury-mix values were reported.",source CSV: injuryLocation_thigh_incidence,,637:incidence:overall:injuryLocation_thigh_incidence,,831.6,1.2,1.2,,,,,injuryLocation_thigh_incidence,thigh,muscle injury,hamstring injury,,,,restricted_hamstring_injury,incidence,1.2,,637,/Users/abdelbabiker/Desktop/GBI-DE-MVP-main/Bayesian Analysis/analysis/model-input-releases/2026-09-14-injury-candidates/standardised.csv,duplicate_representation,false,true,not_yet_classified,true,reviewed_see_alignment_decision,duplicate,supported,S3931:multiple_rows,637:incidence:overall:main,approximate_count_from_reported_rate,,0.99792,Approximate point calculation only. Original published precision and population alignment must be verified before use; no rounding bounds or confidence interval inferred.,false,,,11,1,12-week monitoring period,,,randomised controlled trial [prospective injury data],,Yes,,Time loss,time loss [hamstring),,team medical staff,,,,,,unclassified_row,standardised.csv source row; candidate review flag multiple_rows_same_paper where present,,,,,not_documented_in_bounded_inventory,not_individually_adjudicated,not_yet_classified,,,supported_restricted_scope_from_sole_time_loss_definition,,,,,,analysis-source-context.csv,sourceDataRow,injuryLocation_thigh,thigh,,,cohort_overlap_review | outcome_scope_review | multiple_rows_same_paper | current_session_only_not_ruled_out | detailed_outcome_definition_and_setting_review,,,,,,supported,"The source labels the outcome time loss, but its threshold is unconfirmed. The approved protocol routes this to threshold sensitivity, not a global hold. A source-extracted rate is retained, but no count/hour pair or confidence interval is available for the numerical model route.",analysis master: source CSV: injuryLocation_thigh_incidence,sensitivity,duplicate,S3931,Duplicate of the source-supported count/hour or days/hour representation for the same source outcome. This descriptor-only representation does not replace its sampling information.,matching-overall-category-adjudication.csv; analysis master paper_title and time_loss_definition; equality deliberately not used as evidence; quantitative parent retained,637,descriptive_rate_without_usable_sampling_information,false,,incidence|overall|restricted_hamstring_injury|thigh|muscle injury|hamstring injury||,false,likelihood_and_target_selection_pending
660,S3944,S3944,"Distal-to-proximal progression of apophyseal injuries with age in male youth academy footballers: a two-season prospective cohort study of 16,024 player-seasons.",10.1136/bjsports-2024-109612,S3944,FDP (U9-U11),overall,restricted_physis_injury,time loss,source_defined_threshold_unconfirmed,Male,Youth,Youth academy | Professional/international,England and Wales,Football,match- and training-related apophyseal injuries per 1000 player-hours,days lost per 1000 player-hours,player-hours,source construction requires review,,"source CSV: injuryTimeLossCount, injuryIncidenceOverall, totalExposure",,660:incidence:overall:main,74,,0.15,0.15,,,,injuryTimeLossCount,injuryIncidenceOverall,,physis,physis injury,,,,restricted_physis_injury,incidence,0.15,,660,/Users/abdelbabiker/Desktop/GBI-DE-MVP-main/Bayesian Analysis/analysis/model-input-releases/2026-09-14-injury-candidates/standardised.csv,duplicate_representation,false,true,not_yet_classified,true,reviewed_see_alignment_decision,duplicate,hold,S3944:multiple_rows,660:incidence:overall:injuryTissueType_physis_incidence,approximate_hours_from_matched_crude_reported_rate,493333.3333333333333333333333,,Approximate point derivation from reported rate; original precision unverified; no rounding bounds claimed.,false,,,,,"2021/22 and 2022/23 seasons (16,024 player-seasons)",,2,prospective cohort study,,,,Time loss,time loss,,academy medical staff,same injury type and site after return to full participation,days lost per injury event; reported as median (IQR),,,,unclassified_row,standardised.csv source row; candidate review flag multiple_rows_same_paper where present,,,,,not_documented_in_bounded_inventory,not_individually_adjudicated,not_yet_classified,,,hold_parent_category_scope,,74,injuryTimeLossCount,,,analysis-source-context.csv,sourceDataRow,all_injuries_scope_review,,,,cohort_overlap_review | outcome_scope_review | multiple_rows_same_paper | current_session_only_not_ruled_out | time_loss_outcome_alignment_review,,,,,,hold,"The source labels the outcome time loss, but its threshold is unconfirmed. The approved protocol routes this to threshold sensitivity, not a global hold. The parent rate equals a category rate and the source title/definition identifies a restricted outcome. Do not label the parent as all injuries.","analysis master: source CSV: injuryTimeLossCount, injuryIncidenceOverall, totalExposure",sensitivity,duplicate,S3944,The alignment pair review confirms that this generic representation is the same restricted source outcome as the retained descriptor-rich detailed representation.,matching-overall-category-adjudication.csv; analysis master paper_title and time_loss_definition; equality deliberately not used as evidence,660,observed_count_and_approximate_inferred_exposure,true,"Saved master retains an observed count, a same-setting crude per-1,000-hour rate and a compatible time-loss definition. Rounded-rate inversion is approximate only; no model eligibility.",incidence|overall|restricted_physis_injury||physis|physis injury||,false,likelihood_and_target_selection_pending
661,S3944,S3944,"Distal-to-proximal progression of apophyseal injuries with age in male youth academy footballers: a two-season prospective cohort study of 16,024 player-seasons.",10.1136/bjsports-2024-109612,S3944,Early YDP (U12-U14),overall,restricted_physis_injury,time loss,source_defined_threshold_unconfirmed,Male,Youth,Youth academy | Professional/international,England and Wales,Football,match- and training-related apophyseal injuries per 1000 player-hours,days lost per 1000 player-hours,player-hours,source construction requires review,,"source CSV: injuryTimeLossCount, injuryIncidenceOverall, totalExposure",,661:incidence:overall:main,230,,0.42,0.42,,,,injuryTimeLossCount,injuryIncidenceOverall,,physis,physis injury,,,,restricted_physis_injury,incidence,0.42,,661,/Users/abdelbabiker/Desktop/GBI-DE-MVP-main/Bayesian Analysis/analysis/model-input-releases/2026-09-14-injury-candidates/standardised.csv,duplicate_representation,false,true,not_yet_classified,true,reviewed_see_alignment_decision,duplicate,hold,S3944:multiple_rows,661:incidence:overall:injuryTissueType_physis_incidence,approximate_hours_from_matched_crude_reported_rate,547619.0476190476190476190476,,Approximate point derivation from reported rate; original precision unverified; no rounding bounds claimed.,false,,,,,"2021/22 and 2022/23 seasons (16,024 player-seasons)",,2,prospective cohort study,,,,Time loss,time loss,,academy medical staff,same injury type and site after return to full participation,days lost per injury event; reported as median (IQR),,,,unclassified_row,standardised.csv source row; candidate review flag multiple_rows_same_paper where present,,,,,not_documented_in_bounded_inventory,not_individually_adjudicated,not_yet_classified,,,hold_parent_category_scope,,230,injuryTimeLossCount,,,analysis-source-context.csv,sourceDataRow,all_injuries_scope_review,,,,cohort_overlap_review | outcome_scope_review | multiple_rows_same_paper | current_session_only_not_ruled_out | time_loss_outcome_alignment_review,,,,,,hold,"The source labels the outcome time loss, but its threshold is unconfirmed. The approved protocol routes this to threshold sensitivity, not a global hold. The parent rate equals a category rate and the source title/definition identifies a restricted outcome. Do not label the parent as all injuries.","analysis master: source CSV: injuryTimeLossCount, injuryIncidenceOverall, totalExposure",sensitivity,duplicate,S3944,The alignment pair review confirms that this generic representation is the same restricted source outcome as the retained descriptor-rich detailed representation.,matching-overall-category-adjudication.csv; analysis master paper_title and time_loss_definition; equality deliberately not used as evidence,661,observed_count_and_approximate_inferred_exposure,true,"Saved master retains an observed count, a same-setting crude per-1,000-hour rate and a compatible time-loss definition. Rounded-rate inversion is approximate only; no model eligibility.",incidence|overall|restricted_physis_injury||physis|physis injury||,false,likelihood_and_target_selection_pending
662,S3944,S3944,"Distal-to-proximal progression of apophyseal injuries with age in male youth academy footballers: a two-season prospective cohort study of 16,024 player-seasons.",10.1136/bjsports-2024-109612,S3944,Late YDP (U15-U16),overall,restricted_physis_injury,time loss,source_defined_threshold_unconfirmed,Male,Youth,Youth academy | Professional/international,England and Wales,Football,match- and training-related apophyseal injuries per 1000 player-hours,days lost per 1000 player-hours,player-hours,source construction requires review,,"source CSV: injuryTimeLossCount, injuryIncidenceOverall, totalExposure",,662:incidence:overall:main,112,,0.38,0.38,,,,injuryTimeLossCount,injuryIncidenceOverall,,physis,physis injury,,,,restricted_physis_injury,incidence,0.38,,662,/Users/abdelbabiker/Desktop/GBI-DE-MVP-main/Bayesian Analysis/analysis/model-input-releases/2026-09-14-injury-candidates/standardised.csv,duplicate_representation,false,true,not_yet_classified,true,reviewed_see_alignment_decision,duplicate,hold,S3944:multiple_rows,662:incidence:overall:injuryTissueType_physis_incidence,approximate_hours_from_matched_crude_reported_rate,294736.8421052631578947368421,,Approximate point derivation from reported rate; original precision unverified; no rounding bounds claimed.,false,,,,,"2021/22 and 2022/23 seasons (16,024 player-seasons)",,2,prospective cohort study,,,,Time loss,time loss,,academy medical staff,same injury type and site after return to full participation,days lost per injury event; reported as median (IQR),,,,unclassified_row,standardised.csv source row; candidate review flag multiple_rows_same_paper where present,,,,,not_documented_in_bounded_inventory,not_individually_adjudicated,not_yet_classified,,,hold_parent_category_scope,,112,injuryTimeLossCount,,,analysis-source-context.csv,sourceDataRow,all_injuries_scope_review,,,,cohort_overlap_review | outcome_scope_review | multiple_rows_same_paper | current_session_only_not_ruled_out | time_loss_outcome_alignment_review,,,,,,hold,"The source labels the outcome time loss, but its threshold is unconfirmed. The approved protocol routes this to threshold sensitivity, not a global hold. The parent rate equals a category rate and the source title/definition identifies a restricted outcome. Do not label the parent as all injuries.","analysis master: source CSV: injuryTimeLossCount, injuryIncidenceOverall, totalExposure",sensitivity,duplicate,S3944,The alignment pair review confirms that this generic representation is the same restricted source outcome as the retained descriptor-rich detailed representation.,matching-overall-category-adjudication.csv; analysis master paper_title and time_loss_definition; equality deliberately not used as evidence,662,observed_count_and_approximate_inferred_exposure,true,"Saved master retains an observed count, a same-setting crude per-1,000-hour rate and a compatible time-loss definition. Rounded-rate inversion is approximate only; no model eligibility.",incidence|overall|restricted_physis_injury||physis|physis injury||,false,likelihood_and_target_selection_pending
663,S3944,S3944,"Distal-to-proximal progression of apophyseal injuries with age in male youth academy footballers: a two-season prospective cohort study of 16,024 player-seasons.",10.1136/bjsports-2024-109612,S3944,PDP (U18-U21),overall,restricted_physis_injury,time loss,source_defined_threshold_unconfirmed,Male,Youth | Adult,Youth academy | Professional/international,England and Wales,Football,match- and training-related apophyseal injuries per 1000 player-hours,days lost per 1000 player-hours,player-hours,source construction requires review,,"source CSV: injuryTimeLossCount, injuryIncidenceOverall, totalExposure",,663:incidence:overall:main,37,,0.1,0.1,,,,injuryTimeLossCount,injuryIncidenceOverall,,physis,physis injury,,,,restricted_physis_injury,incidence,0.1,,663,/Users/abdelbabiker/Desktop/GBI-DE-MVP-main/Bayesian Analysis/analysis/model-input-releases/2026-09-14-injury-candidates/standardised.csv,duplicate_representation,false,true,not_yet_classified,true,reviewed_see_alignment_decision,duplicate,hold,S3944:multiple_rows,663:incidence:overall:injuryTissueType_physis_incidence,approximate_hours_from_matched_crude_reported_rate,3.7000E+5,,Approximate point derivation from reported rate; original precision unverified; no rounding bounds claimed.,false,,,,,"2021/22 and 2022/23 seasons (16,024 player-seasons)",,2,prospective cohort study,,,,Time loss,time loss,,academy medical staff,same injury type and site after return to full participation,days lost per injury event; reported as median (IQR),,,,unclassified_row,standardised.csv source row; candidate review flag multiple_rows_same_paper where present,,,,,not_documented_in_bounded_inventory,not_individually_adjudicated,not_yet_classified,,,hold_parent_category_scope,,37,injuryTimeLossCount,,,analysis-source-context.csv,sourceDataRow,all_injuries_scope_review,,,,cohort_overlap_review | outcome_scope_review | multiple_rows_same_paper | current_session_only_not_ruled_out | time_loss_outcome_alignment_review,,,,,,hold,"The source labels the outcome time loss, but its threshold is unconfirmed. The approved protocol routes this to threshold sensitivity, not a global hold. The parent rate equals a category rate and the source title/definition identifies a restricted outcome. Do not label the parent as all injuries.","analysis master: source CSV: injuryTimeLossCount, injuryIncidenceOverall, totalExposure",sensitivity,duplicate,S3944,The alignment pair review confirms that this generic representation is the same restricted source outcome as the retained descriptor-rich detailed representation.,matching-overall-category-adjudication.csv; analysis master paper_title and time_loss_definition; equality deliberately not used as evidence,663,observed_count_and_approximate_inferred_exposure,true,"Saved master retains an observed count, a same-setting crude per-1,000-hour rate and a compatible time-loss definition. Rounded-rate inversion is approximate only; no model eligibility.",incidence|overall|restricted_physis_injury||physis|physis injury||,false,likelihood_and_target_selection_pending
687,S407,S407,Injury incidence in a Premier League youth soccer academy using the consensus statement: a prospective cohort study.,10.1136/bmjsem-2016-000132,S407,Total,match,all_injuries,time-loss,source_defined_threshold_unconfirmed,Male,,Youth academy,England,Football,injuries per 1000 hours of exposure,,hours,source construction requires review,,"source CSV: injuryMatchCount, injuryIncidenceMatch, matchExposure",,687:incidence:match:main,41,,8.86,8.86,,,,injuryMatchCount,injuryIncidenceMatch,,,,,,,all_injuries,incidence,8.86,,687,/Users/abdelbabiker/Desktop/GBI-DE-MVP-main/Bayesian Analysis/analysis/model-input-releases/2026-09-14-injury-candidates/standardised.csv,duplicate_representation,false,true,not_yet_classified,true,reviewed_see_alignment_decision,duplicate,supported,S407:parent:687,688:incidence:match:main;689:incidence:match:main;690:incidence:match:main;691:incidence:match:main;692:incidence:match:main,approximate_hours_from_matched_crude_reported_rate,4627.539503386004514672686230,,Approximate point derivation from reported rate; original precision unverified; no rounding bounds claimed.,false,,,181,1,2012-2013 season,,,prospective cohort,,,,Time loss,time-loss,,Medical Staff,,mild/minor 0-7 days; moderate 8-28 days; severe >28 days,thigh,muscle strain/rupture,anterior thigh strain,parent,"standardised.csv sourceDataRow 687 and child rows 688,689,690,691,692; exact fields: sampleSizePlayers,totalExposure,injuryTotalCount",,,,,not_documented_in_bounded_inventory,not_individually_adjudicated,not_yet_classified,,,supported_all_injury_scope,,41,injuryMatchCount,,,analysis-source-context.csv,sourceDataRow,all_injuries_scope_review,,,,cohort_overlap_review | outcome_scope_review | multiple_rows_same_paper | current_session_only_not_ruled_out | time_loss_outcome_alignment_review,,,,,,supported,"The source labels the outcome time loss, but its threshold is unconfirmed. The approved protocol routes this to threshold sensitivity, not a global hold. A source-extracted rate is retained, but no count/hour pair or confidence interval is available for the numerical model route.","analysis master: source CSV: injuryMatchCount, injuryIncidenceMatch, matchExposure",sensitivity,duplicate,S407,"Every named child reports this final metric, setting, outcome scope and threshold route, and each replacement is alignment-supported. The prior map verified an exhaustive numerical partition from three or more source quantity fields, so the parent is a duplicate representation.","standardised.csv sourceDataRow 687 and child rows 688,689,690,691,692; exact fields: sampleSizePlayers,totalExposure,injuryTotalCount; complete alignment-supported child target coverage; selected child source rows=688;689;690;691;692",687,observed_count_and_approximate_inferred_exposure,true,"Saved master retains an observed count, a same-setting crude per-1,000-hour rate and a compatible time-loss definition. Rounded-rate inversion is approximate only; no model eligibility.",incidence|match|all_injuries|||||,false,likelihood_and_target_selection_pending
687,S407,S407,Injury incidence in a Premier League youth soccer academy using the consensus statement: a prospective cohort study.,10.1136/bmjsem-2016-000132,S407,Total,training,all_injuries,time-loss,source_defined_threshold_unconfirmed,Male,,Youth academy,England,Football,injuries per 1000 hours of exposure,,hours,source construction requires review,,"source CSV: injuryTrainingCount, injuryIncidenceTraining, trainingExposure",,687:incidence:training:main,64,,2.51,2.51,,,,injuryTrainingCount,injuryIncidenceTraining,,,,,,,all_injuries,incidence,2.51,,687,/Users/abdelbabiker/Desktop/GBI-DE-MVP-main/Bayesian Analysis/analysis/model-input-releases/2026-09-14-injury-candidates/standardised.csv,duplicate_representation,false,true,not_yet_classified,true,reviewed_see_alignment_decision,duplicate,supported,S407:parent:687,688:incidence:training:main;689:incidence:training:main;690:incidence:training:main;691:incidence:training:main;692:incidence:training:main,approximate_hours_from_matched_crude_reported_rate,25498.00796812749003984063745,,Approximate point derivation from reported rate; original precision unverified; no rounding bounds claimed.,false,,,181,1,2012-2013 season,,,prospective cohort,,,,Time loss,time-loss,,Medical Staff,,mild/minor 0-7 days; moderate 8-28 days; severe >28 days,thigh,muscle strain/rupture,anterior thigh strain,parent,"standardised.csv sourceDataRow 687 and child rows 688,689,690,691,692; exact fields: sampleSizePlayers,totalExposure,injuryTotalCount",,,,,not_documented_in_bounded_inventory,not_individually_adjudicated,not_yet_classified,,,supported_all_injury_scope,,64,injuryTrainingCount,,,analysis-source-context.csv,sourceDataRow,all_injuries_scope_review,,,,cohort_overlap_review | outcome_scope_review | multiple_rows_same_paper | current_session_only_not_ruled_out | time_loss_outcome_alignment_review,,,,,,supported,"The source labels the outcome time loss, but its threshold is unconfirmed. The approved protocol routes this to threshold sensitivity, not a global hold. A source-extracted rate is retained, but no count/hour pair or confidence interval is available for the numerical model route.","analysis master: source CSV: injuryTrainingCount, injuryIncidenceTraining, trainingExposure",sensitivity,duplicate,S407,"Every named child reports this final metric, setting, outcome scope and threshold route, and each replacement is alignment-supported. The prior map verified an exhaustive numerical partition from three or more source quantity fields, so the parent is a duplicate representation.","standardised.csv sourceDataRow 687 and child rows 688,689,690,691,692; exact fields: sampleSizePlayers,totalExposure,injuryTotalCount; complete alignment-supported child target coverage; selected child source rows=688;689;690;691;692",687,observed_count_and_approximate_inferred_exposure,true,"Saved master retains an observed count, a same-setting crude per-1,000-hour rate and a compatible time-loss definition. Rounded-rate inversion is approximate only; no model eligibility.",incidence|training|all_injuries|||||,false,likelihood_and_target_selection_pending
688,S407,S407,Injury incidence in a Premier League youth soccer academy using the consensus statement: a prospective cohort study.,10.1136/bmjsem-2016-000132,S407,U9-11,overall,all_injuries,time-loss,source_defined_threshold_unconfirmed,Male,Youth,Youth academy,England,Football,injuries per 1000 hours of exposure,,hours,source construction requires review,,"source CSV: injuryTotalCount, injuryIncidenceOverall, totalExposure",,688:incidence:overall:main,7,11231.22,0.62,0.62,0.6232626553,,,injuryTotalCount,injuryIncidenceOverall,,,,,,,all_injuries,incidence,0.62,,688,/Users/abdelbabiker/Desktop/GBI-DE-MVP-main/Bayesian Analysis/analysis/model-input-releases/2026-09-14-injury-candidates/standardised.csv,duplicate_representation,false,true,not_yet_classified,false,reviewed_see_alignment_decision,duplicate,supported,S407:parent:687,687:incidence:overall:main,,,,,false,,,68,1,2012-2013 season,,,prospective cohort,,,,Time loss,time-loss,,Medical Staff,,mild/minor 0-7 days; moderate 8-28 days; severe >28 days,,,,granular,"standardised.csv sourceDataRow 687 and child rows 688,689,690,691,692; exact fields: sampleSizePlayers,totalExposure,injuryTotalCount",,,,,not_documented_in_bounded_inventory,not_individually_adjudicated,not_yet_classified,,,supported_all_injury_scope,,7,injuryTotalCount,,,analysis-source-context.csv,sourceDataRow,all_injuries_scope_review,,,,cohort_overlap_review | outcome_scope_review | multiple_rows_same_paper | current_session_only_not_ruled_out | time_loss_outcome_alignment_review,,,,,,supported,"The source labels the outcome time loss, but its threshold is unconfirmed. The approved protocol routes this to threshold sensitivity, not a global hold. A source-extracted rate is retained, but no count/hour pair or confidence interval is available for the numerical model route.","analysis master: source CSV: injuryTotalCount, injuryIncidenceOverall, totalExposure",sensitivity,duplicate,S407,This alignment-supported child reports a target represented by its retained parent. The parent is kept because the named child coverage is incomplete or another replacement is held or incompatible.,"standardised.csv sourceDataRow 687 and child rows 688,689,690,691,692; exact fields: sampleSizePlayers,totalExposure,injuryTotalCount; retained parent sourceDataRow=687; incomplete or alignment-ineligible child coverage",687,count_and_exposure,false,,incidence|overall|all_injuries|||||,false,likelihood_and_target_selection_pending
689,S407,S407,Injury incidence in a Premier League youth soccer academy using the consensus statement: a prospective cohort study.,10.1136/bmjsem-2016-000132,S407,U12-14,overall,all_injuries,time-loss,source_defined_threshold_unconfirmed,Male,Youth,Youth academy,England,Football,injuries per 1000 hours of exposure,,hours,source construction requires review,,"source CSV: injuryTotalCount, injuryIncidenceOverall, totalExposure",,689:incidence:overall:main,37,6930.2,5.34,5.34,5.3389512568,,,injuryTotalCount,injuryIncidenceOverall,,,,,,,all_injuries,incidence,5.34,,689,/Users/abdelbabiker/Desktop/GBI-DE-MVP-main/Bayesian Analysis/analysis/model-input-releases/2026-09-14-injury-candidates/standardised.csv,duplicate_representation,false,true,not_yet_classified,false,reviewed_see_alignment_decision,duplicate,supported,S407:parent:687,687:incidence:overall:main,,,,,false,,,59,1,2012-2013 season,,,prospective cohort,,,,Time loss,time-loss,,Medical Staff,,mild/minor 0-7 days; moderate 8-28 days; severe >28 days,,,,granular,"standardised.csv sourceDataRow 687 and child rows 688,689,690,691,692; exact fields: sampleSizePlayers,totalExposure,injuryTotalCount",,,,,not_documented_in_bounded_inventory,not_individually_adjudicated,not_yet_classified,,,supported_all_injury_scope,,37,injuryTotalCount,,,analysis-source-context.csv,sourceDataRow,all_injuries_scope_review,,,,cohort_overlap_review | outcome_scope_review | multiple_rows_same_paper | current_session_only_not_ruled_out | time_loss_outcome_alignment_review,,,,,,supported,"The source labels the outcome time loss, but its threshold is unconfirmed. The approved protocol routes this to threshold sensitivity, not a global hold. A source-extracted rate is retained, but no count/hour pair or confidence interval is available for the numerical model route.","analysis master: source CSV: injuryTotalCount, injuryIncidenceOverall, totalExposure",sensitivity,duplicate,S407,This alignment-supported child reports a target represented by its retained parent. The parent is kept because the named child coverage is incomplete or another replacement is held or incompatible.,"standardised.csv sourceDataRow 687 and child rows 688,689,690,691,692; exact fields: sampleSizePlayers,totalExposure,injuryTotalCount; retained parent sourceDataRow=687; incomplete or alignment-ineligible child coverage",687,count_and_exposure,false,,incidence|overall|all_injuries|||||,false,likelihood_and_target_selection_pending
692,S407,S407,Injury incidence in a Premier League youth soccer academy using the consensus statement: a prospective cohort study.,10.1136/bmjsem-2016-000132,S407,U18,overall,all_injuries,time-loss,source_defined_threshold_unconfirmed,Male,Youth,Youth academy,England,Football,injuries per 1000 hours of exposure,,hours,source construction requires review,,"source CSV: injuryTotalCount, injuryIncidenceOverall, totalExposure",,692:incidence:overall:main,33,3013.33,11,11,10.9513395479,,,injuryTotalCount,injuryIncidenceOverall,,,,,,,all_injuries,incidence,11,,692,/Users/abdelbabiker/Desktop/GBI-DE-MVP-main/Bayesian Analysis/analysis/model-input-releases/2026-09-14-injury-candidates/standardised.csv,duplicate_representation,false,true,not_yet_classified,false,reviewed_see_alignment_decision,duplicate,supported,S407:parent:687,687:incidence:overall:main,,,,,false,,,20,1,2012-2013 season,,,prospective cohort,,,,Time loss,time-loss,,Medical Staff,,mild/minor 0-7 days; moderate 8-28 days; severe >28 days,,,,granular,"standardised.csv sourceDataRow 687 and child rows 688,689,690,691,692; exact fields: sampleSizePlayers,totalExposure,injuryTotalCount",,,,,not_documented_in_bounded_inventory,not_individually_adjudicated,not_yet_classified,,,supported_all_injury_scope,,33,injuryTotalCount,,,analysis-source-context.csv,sourceDataRow,all_injuries_scope_review,,,,cohort_overlap_review | outcome_scope_review | multiple_rows_same_paper | current_session_only_not_ruled_out | time_loss_outcome_alignment_review,,,,,,supported,"The source labels the outcome time loss, but its threshold is unconfirmed. The approved protocol routes this to threshold sensitivity, not a global hold. A source-extracted rate is retained, but no count/hour pair or confidence interval is available for the numerical model route.","analysis master: source CSV: injuryTotalCount, injuryIncidenceOverall, totalExposure",sensitivity,duplicate,S407,This alignment-supported child reports a target represented by its retained parent. The parent is kept because the named child coverage is incomplete or another replacement is held or incompatible.,"standardised.csv sourceDataRow 687 and child rows 688,689,690,691,692; exact fields: sampleSizePlayers,totalExposure,injuryTotalCount; retained parent sourceDataRow=687; incomplete or alignment-ineligible child coverage",687,count_and_exposure,false,,incidence|overall|all_injuries|||||,false,likelihood_and_target_selection_pending
740,S429,S429,The FIFA 11+ Kids Injury Prevention Program Reduces Injury Rates Among Male Children Soccer Players: A Clustered Randomized Controlled Trial,10.1177/19417381221109224,S429,Total,overall,all_injuries,time-loss,source_defined_threshold_unconfirmed,Male,,Amateur,Saudi Arabia,Football,Injuries per 1000 player-hours during one season.,,player-hours,source construction requires review,,"source CSV: injuryTotalCount, injuryIncidenceOverall, totalExposure",,740:incidence:overall:main,129,92736,1.39,1.39,1.3910455487,,,injuryTotalCount,injuryIncidenceOverall,,,,,,,all_injuries,incidence,1.39,,740,/Users/abdelbabiker/Desktop/GBI-DE-MVP-main/Bayesian Analysis/analysis/model-input-releases/2026-09-14-injury-candidates/standardised.csv,duplicate_representation,false,true,not_yet_classified,false,reviewed_see_alignment_decision,duplicate,supported,S429:parent:740,741:incidence:overall:main;742:incidence:overall:main,,,,,false,,,740,88,1 season (6 months),,1,cluster randomized controlled trial,,Yes,,Time loss,time-loss,,Medical Staff,Recurrent injuries reported separately from initial injuries.,"Minor, moderate, and severe categories based on time loss from participation.",,,,parent,"standardised.csv sourceDataRow 740 and child rows 741,742; exact fields: sampleSizePlayers,totalExposure,injuryTotalCount",,,,,not_documented_in_bounded_inventory,not_individually_adjudicated,not_yet_classified,,,supported_all_injury_scope,,129,injuryTotalCount,,,analysis-source-context.csv,sourceDataRow,all_injuries_scope_review,,,,cohort_overlap_review | outcome_scope_review | multiple_rows_same_paper | current_session_only_not_ruled_out | time_loss_outcome_alignment_review,,,,,,supported,"The source labels the outcome time loss, but its threshold is unconfirmed. The approved protocol routes this to threshold sensitivity, not a global hold. A source-extracted rate is retained, but no count/hour pair or confidence interval is available for the numerical model route.","analysis master: source CSV: injuryTotalCount, injuryIncidenceOverall, totalExposure",sensitivity,duplicate,S429,"Every named child reports this final metric, setting, outcome scope and threshold route, and each replacement is alignment-supported. The prior map verified an exhaustive numerical partition from three or more source quantity fields, so the parent is a duplicate representation.","standardised.csv sourceDataRow 740 and child rows 741,742; exact fields: sampleSizePlayers,totalExposure,injuryTotalCount; complete alignment-supported child target coverage; selected child source rows=741;742",740,count_and_exposure,false,,incidence|overall|all_injuries|||||,false,likelihood_and_target_selection_pending
740,S429,S429,The FIFA 11+ Kids Injury Prevention Program Reduces Injury Rates Among Male Children Soccer Players: A Clustered Randomized Controlled Trial,10.1177/19417381221109224,S429,Total,overall,injuryLocation_ankle,time-loss,source_defined_threshold_unconfirmed,Male,,Amateur,Saudi Arabia,Football,Injuries per 1000 player-hours during one season.,,player-hours,source construction requires review,,source CSV: injuryLocation_ankle_incidence,,740:incidence:overall:injuryLocation_ankle_incidence,,92736,0.23,0.23,,,,,injuryLocation_ankle_incidence,ankle,,,,,,injuryLocation_ankle,incidence,0.23,,740,/Users/abdelbabiker/Desktop/GBI-DE-MVP-main/Bayesian Analysis/analysis/model-input-releases/2026-09-14-injury-candidates/standardised.csv,duplicate_representation,false,true,not_yet_classified,true,reviewed_see_alignment_decision,duplicate,supported,S429:parent:740,741:incidence:overall:injuryLocation_ankle_incidence;742:incidence:overall:injuryLocation_ankle_incidence,approximate_count_from_reported_rate,,21.32928,Approximate point calculation only. Original published precision and population alignment must be verified before use; no rounding bounds or confidence interval inferred.,false,,,740,88,1 season (6 months),,1,cluster randomized controlled trial,,Yes,,Time loss,time-loss,,Medical Staff,Recurrent injuries reported separately from initial injuries.,"Minor, moderate, and severe categories based on time loss from participation.",,,,parent,"standardised.csv sourceDataRow 740 and child rows 741,742; exact fields: sampleSizePlayers,totalExposure,injuryTotalCount",,,,,not_documented_in_bounded_inventory,not_individually_adjudicated,not_yet_classified,,,supported_restricted_scope_from_sole_time_loss_definition,,,,,,analysis-source-context.csv,sourceDataRow,injuryLocation_ankle,ankle,,,cohort_overlap_review | outcome_scope_review | multiple_rows_same_paper | current_session_only_not_ruled_out | detailed_outcome_definition_and_setting_review,,,,,,supported,"The source labels the outcome time loss, but its threshold is unconfirmed. The approved protocol routes this to threshold sensitivity, not a global hold. The study uses a sole time-loss definition, which applies to this reported detailed rate; no conflicting source-context flag is retained.",analysis master: source CSV: injuryLocation_ankle_incidence,sensitivity,duplicate,S429,"Every named child reports this final metric, setting, outcome scope and threshold route, and each replacement is alignment-supported. The prior map verified an exhaustive numerical partition from three or more source quantity fields, so the parent is a duplicate representation.","standardised.csv sourceDataRow 740 and child rows 741,742; exact fields: sampleSizePlayers,totalExposure,injuryTotalCount; complete alignment-supported child target coverage; selected child source rows=741;742",740,descriptive_rate_without_usable_sampling_information,false,,incidence|overall|injuryLocation_ankle|ankle||||,false,likelihood_and_target_selection_pending
740,S429,S429,The FIFA 11+ Kids Injury Prevention Program Reduces Injury Rates Among Male Children Soccer Players: A Clustered Randomized Controlled Trial,10.1177/19417381221109224,S429,Total,overall,injuryLocation_foot,time-loss,source_defined_threshold_unconfirmed,Male,,Amateur,Saudi Arabia,Football,Injuries per 1000 player-hours during one season.,,player-hours,source construction requires review,,source CSV: injuryLocation_foot_incidence,,740:incidence:overall:injuryLocation_foot_incidence,,92736,0.16,0.16,,,,,injuryLocation_foot_incidence,foot,,,,,,injuryLocation_foot,incidence,0.16,,740,/Users/abdelbabiker/Desktop/GBI-DE-MVP-main/Bayesian Analysis/analysis/model-input-releases/2026-09-14-injury-candidates/standardised.csv,duplicate_representation,false,true,not_yet_classified,true,reviewed_see_alignment_decision,duplicate,supported,S429:parent:740,741:incidence:overall:injuryLocation_foot_incidence;742:incidence:overall:injuryLocation_foot_incidence,approximate_count_from_reported_rate,,14.83776,Approximate point calculation only. Original published precision and population alignment must be verified before use; no rounding bounds or confidence interval inferred.,false,,,740,88,1 season (6 months),,1,cluster randomized controlled trial,,Yes,,Time loss,time-loss,,Medical Staff,Recurrent injuries reported separately from initial injuries.,"Minor, moderate, and severe categories based on time loss from participation.",,,,parent,"standardised.csv sourceDataRow 740 and child rows 741,742; exact fields: sampleSizePlayers,totalExposure,injuryTotalCount",,,,,not_documented_in_bounded_inventory,not_individually_adjudicated,not_yet_classified,,,supported_restricted_scope_from_sole_time_loss_definition,,,,,,analysis-source-context.csv,sourceDataRow,injuryLocation_foot,foot,,,cohort_overlap_review | outcome_scope_review | multiple_rows_same_paper | current_session_only_not_ruled_out | detailed_outcome_definition_and_setting_review,,,,,,supported,"The source labels the outcome time loss, but its threshold is unconfirmed. The approved protocol routes this to threshold sensitivity, not a global hold. The study uses a sole time-loss definition, which applies to this reported detailed rate; no conflicting source-context flag is retained.",analysis master: source CSV: injuryLocation_foot_incidence,sensitivity,duplicate,S429,"Every named child reports this final metric, setting, outcome scope and threshold route, and each replacement is alignment-supported. The prior map verified an exhaustive numerical partition from three or more source quantity fields, so the parent is a duplicate representation.","standardised.csv sourceDataRow 740 and child rows 741,742; exact fields: sampleSizePlayers,totalExposure,injuryTotalCount; complete alignment-supported child target coverage; selected child source rows=741;742",740,descriptive_rate_without_usable_sampling_information,false,,incidence|overall|injuryLocation_foot|foot||||,false,likelihood_and_target_selection_pending
740,S429,S429,The FIFA 11+ Kids Injury Prevention Program Reduces Injury Rates Among Male Children Soccer Players: A Clustered Randomized Controlled Trial,10.1177/19417381221109224,S429,Total,overall,injuryLocation_groin,time-loss,source_defined_threshold_unconfirmed,Male,,Amateur,Saudi Arabia,Football,Injuries per 1000 player-hours during one season.,,player-hours,source construction requires review,,source CSV: injuryLocation_groin_incidence,,740:incidence:overall:injuryLocation_groin_incidence,,92736,0.04,0.04,,,,,injuryLocation_groin_incidence,groin,,,,,,injuryLocation_groin,incidence,0.04,,740,/Users/abdelbabiker/Desktop/GBI-DE-MVP-main/Bayesian Analysis/analysis/model-input-releases/2026-09-14-injury-candidates/standardised.csv,duplicate_representation,false,true,not_yet_classified,true,reviewed_see_alignment_decision,duplicate,supported,S429:parent:740,741:incidence:overall:injuryLocation_groin_incidence;742:incidence:overall:injuryLocation_groin_incidence,approximate_count_from_reported_rate,,3.70944,Approximate point calculation only. Original published precision and population alignment must be verified before use; no rounding bounds or confidence interval inferred.,false,,,740,88,1 season (6 months),,1,cluster randomized controlled trial,,Yes,,Time loss,time-loss,,Medical Staff,Recurrent injuries reported separately from initial injuries.,"Minor, moderate, and severe categories based on time loss from participation.",,,,parent,"standardised.csv sourceDataRow 740 and child rows 741,742; exact fields: sampleSizePlayers,totalExposure,injuryTotalCount",,,,,not_documented_in_bounded_inventory,not_individually_adjudicated,not_yet_classified,,,supported_restricted_scope_from_sole_time_loss_definition,,,,,,analysis-source-context.csv,sourceDataRow,injuryLocation_groin,groin,,,cohort_overlap_review | outcome_scope_review | multiple_rows_same_paper | current_session_only_not_ruled_out | detailed_outcome_definition_and_setting_review,,,,,,supported,"The source labels the outcome time loss, but its threshold is unconfirmed. The approved protocol routes this to threshold sensitivity, not a global hold. The study uses a sole time-loss definition, which applies to this reported detailed rate; no conflicting source-context flag is retained.",analysis master: source CSV: injuryLocation_groin_incidence,sensitivity,duplicate,S429,"Every named child reports this final metric, setting, outcome scope and threshold route, and each replacement is alignment-supported. The prior map verified an exhaustive numerical partition from three or more source quantity fields, so the parent is a duplicate representation.","standardised.csv sourceDataRow 740 and child rows 741,742; exact fields: sampleSizePlayers,totalExposure,injuryTotalCount; complete alignment-supported child target coverage; selected child source rows=741;742",740,descriptive_rate_without_usable_sampling_information,false,,incidence|overall|injuryLocation_groin|groin||||,false,likelihood_and_target_selection_pending
740,S429,S429,The FIFA 11+ Kids Injury Prevention Program Reduces Injury Rates Among Male Children Soccer Players: A Clustered Randomized Controlled Trial,10.1177/19417381221109224,S429,Total,overall,injuryLocation_head,time-loss,source_defined_threshold_unconfirmed,Male,,Amateur,Saudi Arabia,Football,Injuries per 1000 player-hours during one season.,,player-hours,source construction requires review,,source CSV: injuryLocation_head_incidence,,740:incidence:overall:injuryLocation_head_incidence,,92736,0.03,0.03,,,,,injuryLocation_head_incidence,head,,,,,,injuryLocation_head,incidence,0.03,,740,/Users/abdelbabiker/Desktop/GBI-DE-MVP-main/Bayesian Analysis/analysis/model-input-releases/2026-09-14-injury-candidates/standardised.csv,duplicate_representation,false,true,not_yet_classified,true,reviewed_see_alignment_decision,duplicate,supported,S429:parent:740,741:incidence:overall:injuryLocation_head_incidence;742:incidence:overall:injuryLocation_head_incidence,approximate_count_from_reported_rate,,2.78208,Approximate point calculation only. Original published precision and population alignment must be verified before use; no rounding bounds or confidence interval inferred.,false,,,740,88,1 season (6 months),,1,cluster randomized controlled trial,,Yes,,Time loss,time-loss,,Medical Staff,Recurrent injuries reported separately from initial injuries.,"Minor, moderate, and severe categories based on time loss from participation.",,,,parent,"standardised.csv sourceDataRow 740 and child rows 741,742; exact fields: sampleSizePlayers,totalExposure,injuryTotalCount",,,,,not_documented_in_bounded_inventory,not_individually_adjudicated,not_yet_classified,,,supported_restricted_scope_from_sole_time_loss_definition,,,,,,analysis-source-context.csv,sourceDataRow,injuryLocation_head,head,,,cohort_overlap_review | outcome_scope_review | multiple_rows_same_paper | current_session_only_not_ruled_out | detailed_outcome_definition_and_setting_review,,,,,,supported,"The source labels the outcome time loss, but its threshold is unconfirmed. The approved protocol routes this to threshold sensitivity, not a global hold. The study uses a sole time-loss definition, which applies to this reported detailed rate; no conflicting source-context flag is retained.",analysis master: source CSV: injuryLocation_head_incidence,sensitivity,duplicate,S429,"Every named child reports this final metric, setting, outcome scope and threshold route, and each replacement is alignment-supported. The prior map verified an exhaustive numerical partition from three or more source quantity fields, so the parent is a duplicate representation.","standardised.csv sourceDataRow 740 and child rows 741,742; exact fields: sampleSizePlayers,totalExposure,injuryTotalCount; complete alignment-supported child target coverage; selected child source rows=741;742",740,descriptive_rate_without_usable_sampling_information,false,,incidence|overall|injuryLocation_head|head||||,false,likelihood_and_target_selection_pending
740,S429,S429,The FIFA 11+ Kids Injury Prevention Program Reduces Injury Rates Among Male Children Soccer Players: A Clustered Randomized Controlled Trial,10.1177/19417381221109224,S429,Total,overall,injuryLocation_knee,time-loss,source_defined_threshold_unconfirmed,Male,,Amateur,Saudi Arabia,Football,Injuries per 1000 player-hours during one season.,,player-hours,source construction requires review,,source CSV: injuryLocation_knee_incidence,,740:incidence:overall:injuryLocation_knee_incidence,,92736,0.29,0.29,,,,,injuryLocation_knee_incidence,knee,,,,,,injuryLocation_knee,incidence,0.29,,740,/Users/abdelbabiker/Desktop/GBI-DE-MVP-main/Bayesian Analysis/analysis/model-input-releases/2026-09-14-injury-candidates/standardised.csv,duplicate_representation,false,true,not_yet_classified,true,reviewed_see_alignment_decision,duplicate,supported,S429:parent:740,741:incidence:overall:injuryLocation_knee_incidence;742:incidence:overall:injuryLocation_knee_incidence,approximate_count_from_reported_rate,,26.89344,Approximate point calculation only. Original published precision and population alignment must be verified before use; no rounding bounds or confidence interval inferred.,false,,,740,88,1 season (6 months),,1,cluster randomized controlled trial,,Yes,,Time loss,time-loss,,Medical Staff,Recurrent injuries reported separately from initial injuries.,"Minor, moderate, and severe categories based on time loss from participation.",,,,parent,"standardised.csv sourceDataRow 740 and child rows 741,742; exact fields: sampleSizePlayers,totalExposure,injuryTotalCount",,,,,not_documented_in_bounded_inventory,not_individually_adjudicated,not_yet_classified,,,supported_restricted_scope_from_sole_time_loss_definition,,,,,,analysis-source-context.csv,sourceDataRow,injuryLocation_knee,knee,,,cohort_overlap_review | outcome_scope_review | multiple_rows_same_paper | current_session_only_not_ruled_out | detailed_outcome_definition_and_setting_review,,,,,,supported,"The source labels the outcome time loss, but its threshold is unconfirmed. The approved protocol routes this to threshold sensitivity, not a global hold. The study uses a sole time-loss definition, which applies to this reported detailed rate; no conflicting source-context flag is retained.",analysis master: source CSV: injuryLocation_knee_incidence,sensitivity,duplicate,S429,"Every named child reports this final metric, setting, outcome scope and threshold route, and each replacement is alignment-supported. The prior map verified an exhaustive numerical partition from three or more source quantity fields, so the parent is a duplicate representation.","standardised.csv sourceDataRow 740 and child rows 741,742; exact fields: sampleSizePlayers,totalExposure,injuryTotalCount; complete alignment-supported child target coverage; selected child source rows=741;742",740,descriptive_rate_without_usable_sampling_information,false,,incidence|overall|injuryLocation_knee|knee||||,false,likelihood_and_target_selection_pending
740,S429,S429,The FIFA 11+ Kids Injury Prevention Program Reduces Injury Rates Among Male Children Soccer Players: A Clustered Randomized Controlled Trial,10.1177/19417381221109224,S429,Total,overall,injuryLocation_lower_leg,time-loss,source_defined_threshold_unconfirmed,Male,,Amateur,Saudi Arabia,Football,Injuries per 1000 player-hours during one season.,,player-hours,source construction requires review,,source CSV: injuryLocation_lower_leg_incidence,,740:incidence:overall:injuryLocation_lower_leg_incidence,,92736,0.13,0.13,,,,,injuryLocation_lower_leg_incidence,lower leg,,,,,,injuryLocation_lower_leg,incidence,0.13,,740,/Users/abdelbabiker/Desktop/GBI-DE-MVP-main/Bayesian Analysis/analysis/model-input-releases/2026-09-14-injury-candidates/standardised.csv,duplicate_representation,false,true,not_yet_classified,true,reviewed_see_alignment_decision,duplicate,supported,S429:parent:740,741:incidence:overall:injuryLocation_lower_leg_incidence;742:incidence:overall:injuryLocation_lower_leg_incidence,approximate_count_from_reported_rate,,12.05568,Approximate point calculation only. Original published precision and population alignment must be verified before use; no rounding bounds or confidence interval inferred.,false,,,740,88,1 season (6 months),,1,cluster randomized controlled trial,,Yes,,Time loss,time-loss,,Medical Staff,Recurrent injuries reported separately from initial injuries.,"Minor, moderate, and severe categories based on time loss from participation.",,,,parent,"standardised.csv sourceDataRow 740 and child rows 741,742; exact fields: sampleSizePlayers,totalExposure,injuryTotalCount",,,,,not_documented_in_bounded_inventory,not_individually_adjudicated,not_yet_classified,,,supported_restricted_scope_from_sole_time_loss_definition,,,,,,analysis-source-context.csv,sourceDataRow,injuryLocation_lower_leg,lower leg,,,cohort_overlap_review | outcome_scope_review | multiple_rows_same_paper | current_session_only_not_ruled_out | detailed_outcome_definition_and_setting_review,,,,,,supported,"The source labels the outcome time loss, but its threshold is unconfirmed. The approved protocol routes this to threshold sensitivity, not a global hold. The study uses a sole time-loss definition, which applies to this reported detailed rate; no conflicting source-context flag is retained.",analysis master: source CSV: injuryLocation_lower_leg_incidence,sensitivity,duplicate,S429,"Every named child reports this final metric, setting, outcome scope and threshold route, and each replacement is alignment-supported. The prior map verified an exhaustive numerical partition from three or more source quantity fields, so the parent is a duplicate representation.","standardised.csv sourceDataRow 740 and child rows 741,742; exact fields: sampleSizePlayers,totalExposure,injuryTotalCount; complete alignment-supported child target coverage; selected child source rows=741;742",740,descriptive_rate_without_usable_sampling_information,false,,incidence|overall|injuryLocation_lower_leg|lower leg||||,false,likelihood_and_target_selection_pending
740,S429,S429,The FIFA 11+ Kids Injury Prevention Program Reduces Injury Rates Among Male Children Soccer Players: A Clustered Randomized Controlled Trial,10.1177/19417381221109224,S429,Total,overall,injuryLocation_neck,time-loss,source_defined_threshold_unconfirmed,Male,,Amateur,Saudi Arabia,Football,Injuries per 1000 player-hours during one season.,,player-hours,source construction requires review,,source CSV: injuryLocation_neck_incidence,,740:incidence:overall:injuryLocation_neck_incidence,,92736,0.02,0.02,,,,,injuryLocation_neck_incidence,neck,,,,,,injuryLocation_neck,incidence,0.02,,740,/Users/abdelbabiker/Desktop/GBI-DE-MVP-main/Bayesian Analysis/analysis/model-input-releases/2026-09-14-injury-candidates/standardised.csv,duplicate_representation,false,true,not_yet_classified,true,reviewed_see_alignment_decision,duplicate,supported,S429:parent:740,741:incidence:overall:injuryLocation_neck_incidence;742:incidence:overall:injuryLocation_neck_incidence,approximate_count_from_reported_rate,,1.85472,Approximate point calculation only. Original published precision and population alignment must be verified before use; no rounding bounds or confidence interval inferred.,false,,,740,88,1 season (6 months),,1,cluster randomized controlled trial,,Yes,,Time loss,time-loss,,Medical Staff,Recurrent injuries reported separately from initial injuries.,"Minor, moderate, and severe categories based on time loss from participation.",,,,parent,"standardised.csv sourceDataRow 740 and child rows 741,742; exact fields: sampleSizePlayers,totalExposure,injuryTotalCount",,,,,not_documented_in_bounded_inventory,not_individually_adjudicated,not_yet_classified,,,supported_restricted_scope_from_sole_time_loss_definition,,,,,,analysis-source-context.csv,sourceDataRow,injuryLocation_neck,neck,,,cohort_overlap_review | outcome_scope_review | multiple_rows_same_paper | current_session_only_not_ruled_out | detailed_outcome_definition_and_setting_review,,,,,,supported,"The source labels the outcome time loss, but its threshold is unconfirmed. The approved protocol routes this to threshold sensitivity, not a global hold. The study uses a sole time-loss definition, which applies to this reported detailed rate; no conflicting source-context flag is retained.",analysis master: source CSV: injuryLocation_neck_incidence,sensitivity,duplicate,S429,"Every named child reports this final metric, setting, outcome scope and threshold route, and each replacement is alignment-supported. The prior map verified an exhaustive numerical partition from three or more source quantity fields, so the parent is a duplicate representation.","standardised.csv sourceDataRow 740 and child rows 741,742; exact fields: sampleSizePlayers,totalExposure,injuryTotalCount; complete alignment-supported child target coverage; selected child source rows=741;742",740,descriptive_rate_without_usable_sampling_information,false,,incidence|overall|injuryLocation_neck|neck||||,false,likelihood_and_target_selection_pending
740,S429,S429,The FIFA 11+ Kids Injury Prevention Program Reduces Injury Rates Among Male Children Soccer Players: A Clustered Randomized Controlled Trial,10.1177/19417381221109224,S429,Total,overall,injuryLocation_thigh,time-loss,source_defined_threshold_unconfirmed,Male,,Amateur,Saudi Arabia,Football,Injuries per 1000 player-hours during one season.,,player-hours,source construction requires review,,source CSV: injuryLocation_thigh_incidence,,740:incidence:overall:injuryLocation_thigh_incidence,,92736,0.13,0.13,,,,,injuryLocation_thigh_incidence,thigh,,,,,,injuryLocation_thigh,incidence,0.13,,740,/Users/abdelbabiker/Desktop/GBI-DE-MVP-main/Bayesian Analysis/analysis/model-input-releases/2026-09-14-injury-candidates/standardised.csv,duplicate_representation,false,true,not_yet_classified,true,reviewed_see_alignment_decision,duplicate,supported,S429:parent:740,741:incidence:overall:injuryLocation_thigh_incidence;742:incidence:overall:injuryLocation_thigh_incidence,approximate_count_from_reported_rate,,12.05568,Approximate point calculation only. Original published precision and population alignment must be verified before use; no rounding bounds or confidence interval inferred.,false,,,740,88,1 season (6 months),,1,cluster randomized controlled trial,,Yes,,Time loss,time-loss,,Medical Staff,Recurrent injuries reported separately from initial injuries.,"Minor, moderate, and severe categories based on time loss from participation.",,,,parent,"standardised.csv sourceDataRow 740 and child rows 741,742; exact fields: sampleSizePlayers,totalExposure,injuryTotalCount",,,,,not_documented_in_bounded_inventory,not_individually_adjudicated,not_yet_classified,,,supported_restricted_scope_from_sole_time_loss_definition,,,,,,analysis-source-context.csv,sourceDataRow,injuryLocation_thigh,thigh,,,cohort_overlap_review | outcome_scope_review | multiple_rows_same_paper | current_session_only_not_ruled_out | detailed_outcome_definition_and_setting_review,,,,,,supported,"The source labels the outcome time loss, but its threshold is unconfirmed. The approved protocol routes this to threshold sensitivity, not a global hold. The study uses a sole time-loss definition, which applies to this reported detailed rate; no conflicting source-context flag is retained.",analysis master: source CSV: injuryLocation_thigh_incidence,sensitivity,duplicate,S429,"Every named child reports this final metric, setting, outcome scope and threshold route, and each replacement is alignment-supported. The prior map verified an exhaustive numerical partition from three or more source quantity fields, so the parent is a duplicate representation.","standardised.csv sourceDataRow 740 and child rows 741,742; exact fields: sampleSizePlayers,totalExposure,injuryTotalCount; complete alignment-supported child target coverage; selected child source rows=741;742",740,descriptive_rate_without_usable_sampling_information,false,,incidence|overall|injuryLocation_thigh|thigh||||,false,likelihood_and_target_selection_pending
740,S429,S429,The FIFA 11+ Kids Injury Prevention Program Reduces Injury Rates Among Male Children Soccer Players: A Clustered Randomized Controlled Trial,10.1177/19417381221109224,S429,Total,overall,injuryTissueType_abrasion,time-loss,source_defined_threshold_unconfirmed,Male,,Amateur,Saudi Arabia,Football,Injuries per 1000 player-hours during one season.,,player-hours,source construction requires review,,source CSV: injuryTissueType_abrasion_incidence,,740:incidence:overall:injuryTissueType_abrasion_incidence,,92736,0.16,0.16,,,,,injuryTissueType_abrasion_incidence,,abrasion,,,,,injuryTissueType_abrasion,incidence,0.16,,740,/Users/abdelbabiker/Desktop/GBI-DE-MVP-main/Bayesian Analysis/analysis/model-input-releases/2026-09-14-injury-candidates/standardised.csv,duplicate_representation,false,true,not_yet_classified,true,reviewed_see_alignment_decision,duplicate,supported,S429:parent:740,741:incidence:overall:injuryTissueType_abrasion_incidence;742:incidence:overall:injuryTissueType_abrasion_incidence,approximate_count_from_reported_rate,,14.83776,Approximate point calculation only. Original published precision and population alignment must be verified before use; no rounding bounds or confidence interval inferred.,false,,,740,88,1 season (6 months),,1,cluster randomized controlled trial,,Yes,,Time loss,time-loss,,Medical Staff,Recurrent injuries reported separately from initial injuries.,"Minor, moderate, and severe categories based on time loss from participation.",,,,parent,"standardised.csv sourceDataRow 740 and child rows 741,742; exact fields: sampleSizePlayers,totalExposure,injuryTotalCount",,,,,not_documented_in_bounded_inventory,not_individually_adjudicated,not_yet_classified,,,supported_restricted_scope_from_sole_time_loss_definition,,,,,,analysis-source-context.csv,sourceDataRow,injuryTissueType_abrasion,,abrasion,,cohort_overlap_review | outcome_scope_review | multiple_rows_same_paper | current_session_only_not_ruled_out | detailed_outcome_definition_and_setting_review,,,,,,supported,"The source labels the outcome time loss, but its threshold is unconfirmed. The approved protocol routes this to threshold sensitivity, not a global hold. The study uses a sole time-loss definition, which applies to this reported detailed rate; no conflicting source-context flag is retained.",analysis master: source CSV: injuryTissueType_abrasion_incidence,sensitivity,duplicate,S429,"Every named child reports this final metric, setting, outcome scope and threshold route, and each replacement is alignment-supported. The prior map verified an exhaustive numerical partition from three or more source quantity fields, so the parent is a duplicate representation.","standardised.csv sourceDataRow 740 and child rows 741,742; exact fields: sampleSizePlayers,totalExposure,injuryTotalCount; complete alignment-supported child target coverage; selected child source rows=741;742",740,descriptive_rate_without_usable_sampling_information,false,,incidence|overall|injuryTissueType_abrasion||abrasion|||,false,likelihood_and_target_selection_pending
740,S429,S429,The FIFA 11+ Kids Injury Prevention Program Reduces Injury Rates Among Male Children Soccer Players: A Clustered Randomized Controlled Trial,10.1177/19417381221109224,S429,Total,overall,injuryTissueType_bone_fracture,time-loss,source_defined_threshold_unconfirmed,Male,,Amateur,Saudi Arabia,Football,Injuries per 1000 player-hours during one season.,,player-hours,source construction requires review,,source CSV: injuryTissueType_bone_fracture_incidence,,740:incidence:overall:injuryTissueType_bone_fracture_incidence,,92736,0.13,0.13,,,,,injuryTissueType_bone_fracture_incidence,,bone fracture,,,,,injuryTissueType_bone_fracture,incidence,0.13,,740,/Users/abdelbabiker/Desktop/GBI-DE-MVP-main/Bayesian Analysis/analysis/model-input-releases/2026-09-14-injury-candidates/standardised.csv,duplicate_representation,false,true,not_yet_classified,true,reviewed_see_alignment_decision,duplicate,supported,S429:parent:740,741:incidence:overall:injuryTissueType_bone_fracture_incidence;742:incidence:overall:injuryTissueType_bone_fracture_incidence,approximate_count_from_reported_rate,,12.05568,Approximate point calculation only. Original published precision and population alignment must be verified before use; no rounding bounds or confidence interval inferred.,false,,,740,88,1 season (6 months),,1,cluster randomized controlled trial,,Yes,,Time loss,time-loss,,Medical Staff,Recurrent injuries reported separately from initial injuries.,"Minor, moderate, and severe categories based on time loss from participation.",,,,parent,"standardised.csv sourceDataRow 740 and child rows 741,742; exact fields: sampleSizePlayers,totalExposure,injuryTotalCount",,,,,not_documented_in_bounded_inventory,not_individually_adjudicated,not_yet_classified,,,supported_restricted_scope_from_sole_time_loss_definition,,,,,,analysis-source-context.csv,sourceDataRow,injuryTissueType_bone_fracture,,bone fracture,,cohort_overlap_review | outcome_scope_review | multiple_rows_same_paper | current_session_only_not_ruled_out | detailed_outcome_definition_and_setting_review,,,,,,supported,"The source labels the outcome time loss, but its threshold is unconfirmed. The approved protocol routes this to threshold sensitivity, not a global hold. The study uses a sole time-loss definition, which applies to this reported detailed rate; no conflicting source-context flag is retained.",analysis master: source CSV: injuryTissueType_bone_fracture_incidence,sensitivity,duplicate,S429,"Every named child reports this final metric, setting, outcome scope and threshold route, and each replacement is alignment-supported. The prior map verified an exhaustive numerical partition from three or more source quantity fields, so the parent is a duplicate representation.","standardised.csv sourceDataRow 740 and child rows 741,742; exact fields: sampleSizePlayers,totalExposure,injuryTotalCount; complete alignment-supported child target coverage; selected child source rows=741;742",740,descriptive_rate_without_usable_sampling_information,false,,incidence|overall|injuryTissueType_bone_fracture||bone fracture|||,false,likelihood_and_target_selection_pending
740,S429,S429,The FIFA 11+ Kids Injury Prevention Program Reduces Injury Rates Among Male Children Soccer Players: A Clustered Randomized Controlled Trial,10.1177/19417381221109224,S429,Total,overall,injuryTissueType_concussion,time-loss,source_defined_threshold_unconfirmed,Male,,Amateur,Saudi Arabia,Football,Injuries per 1000 player-hours during one season.,,player-hours,source construction requires review,,source CSV: injuryTissueType_concussion_incidence,,740:incidence:overall:injuryTissueType_concussion_incidence,,92736,0.02,0.02,,,,,injuryTissueType_concussion_incidence,,concussion,Concussion,,,,injuryTissueType_concussion,incidence,0.02,,740,/Users/abdelbabiker/Desktop/GBI-DE-MVP-main/Bayesian Analysis/analysis/model-input-releases/2026-09-14-injury-candidates/standardised.csv,duplicate_representation,false,true,not_yet_classified,true,reviewed_see_alignment_decision,duplicate,supported,S429:parent:740,741:incidence:overall:injuryTissueType_concussion_incidence;742:incidence:overall:injuryTissueType_concussion_incidence,approximate_count_from_reported_rate,,1.85472,Approximate point calculation only. Original published precision and population alignment must be verified before use; no rounding bounds or confidence interval inferred.,false,,,740,88,1 season (6 months),,1,cluster randomized controlled trial,,Yes,,Time loss,time-loss,,Medical Staff,Recurrent injuries reported separately from initial injuries.,"Minor, moderate, and severe categories based on time loss from participation.",,,,parent,"standardised.csv sourceDataRow 740 and child rows 741,742; exact fields: sampleSizePlayers,totalExposure,injuryTotalCount",,,,,not_documented_in_bounded_inventory,not_individually_adjudicated,not_yet_classified,,,supported_restricted_scope_from_sole_time_loss_definition,,,,,,analysis-source-context.csv,sourceDataRow,injuryTissueType_concussion,,concussion,Concussion,cohort_overlap_review | outcome_scope_review | multiple_rows_same_paper | current_session_only_not_ruled_out | detailed_outcome_definition_and_setting_review,,,,,,supported,"The source labels the outcome time loss, but its threshold is unconfirmed. The approved protocol routes this to threshold sensitivity, not a global hold. The study uses a sole time-loss definition, which applies to this reported detailed rate; no conflicting source-context flag is retained.",analysis master: source CSV: injuryTissueType_concussion_incidence,sensitivity,duplicate,S429,"Every named child reports this final metric, setting, outcome scope and threshold route, and each replacement is alignment-supported. The prior map verified an exhaustive numerical partition from three or more source quantity fields, so the parent is a duplicate representation.","standardised.csv sourceDataRow 740 and child rows 741,742; exact fields: sampleSizePlayers,totalExposure,injuryTotalCount; complete alignment-supported child target coverage; selected child source rows=741;742",740,descriptive_rate_without_usable_sampling_information,false,,incidence|overall|injuryTissueType_concussion||concussion|Concussion||,false,likelihood_and_target_selection_pending
740,S429,S429,The FIFA 11+ Kids Injury Prevention Program Reduces Injury Rates Among Male Children Soccer Players: A Clustered Randomized Controlled Trial,10.1177/19417381221109224,S429,Total,overall,injuryTissueType_joint_sprain,time-loss,source_defined_threshold_unconfirmed,Male,,Amateur,Saudi Arabia,Football,Injuries per 1000 player-hours during one season.,,player-hours,source construction requires review,,source CSV: injuryTissueType_joint_sprain_incidence,,740:incidence:overall:injuryTissueType_joint_sprain_incidence,,92736,0.14,0.14,,,,,injuryTissueType_joint_sprain_incidence,,joint sprain,,,,,injuryTissueType_joint_sprain,incidence,0.14,,740,/Users/abdelbabiker/Desktop/GBI-DE-MVP-main/Bayesian Analysis/analysis/model-input-releases/2026-09-14-injury-candidates/standardised.csv,duplicate_representation,false,true,not_yet_classified,true,reviewed_see_alignment_decision,duplicate,supported,S429:parent:740,741:incidence:overall:injuryTissueType_joint_sprain_incidence;742:incidence:overall:injuryTissueType_joint_sprain_incidence,approximate_count_from_reported_rate,,12.98304,Approximate point calculation only. Original published precision and population alignment must be verified before use; no rounding bounds or confidence interval inferred.,false,,,740,88,1 season (6 months),,1,cluster randomized controlled trial,,Yes,,Time loss,time-loss,,Medical Staff,Recurrent injuries reported separately from initial injuries.,"Minor, moderate, and severe categories based on time loss from participation.",,,,parent,"standardised.csv sourceDataRow 740 and child rows 741,742; exact fields: sampleSizePlayers,totalExposure,injuryTotalCount",,,,,not_documented_in_bounded_inventory,not_individually_adjudicated,not_yet_classified,,,supported_restricted_scope_from_sole_time_loss_definition,,,,,,analysis-source-context.csv,sourceDataRow,injuryTissueType_joint_sprain,,joint sprain,,cohort_overlap_review | outcome_scope_review | multiple_rows_same_paper | current_session_only_not_ruled_out | detailed_outcome_definition_and_setting_review,,,,,,supported,"The source labels the outcome time loss, but its threshold is unconfirmed. The approved protocol routes this to threshold sensitivity, not a global hold. The study uses a sole time-loss definition, which applies to this reported detailed rate; no conflicting source-context flag is retained.",analysis master: source CSV: injuryTissueType_joint_sprain_incidence,sensitivity,duplicate,S429,"Every named child reports this final metric, setting, outcome scope and threshold route, and each replacement is alignment-supported. The prior map verified an exhaustive numerical partition from three or more source quantity fields, so the parent is a duplicate representation.","standardised.csv sourceDataRow 740 and child rows 741,742; exact fields: sampleSizePlayers,totalExposure,injuryTotalCount; complete alignment-supported child target coverage; selected child source rows=741;742",740,descriptive_rate_without_usable_sampling_information,false,,incidence|overall|injuryTissueType_joint_sprain||joint sprain|||,false,likelihood_and_target_selection_pending
740,S429,S429,The FIFA 11+ Kids Injury Prevention Program Reduces Injury Rates Among Male Children Soccer Players: A Clustered Randomized Controlled Trial,10.1177/19417381221109224,S429,Total,overall,injuryTissueType_laceration,time-loss,source_defined_threshold_unconfirmed,Male,,Amateur,Saudi Arabia,Football,Injuries per 1000 player-hours during one season.,,player-hours,source construction requires review,,source CSV: injuryTissueType_laceration_incidence,,740:incidence:overall:injuryTissueType_laceration_incidence,,92736,0.08,0.08,,,,,injuryTissueType_laceration_incidence,,laceration,,,,,injuryTissueType_laceration,incidence,0.08,,740,/Users/abdelbabiker/Desktop/GBI-DE-MVP-main/Bayesian Analysis/analysis/model-input-releases/2026-09-14-injury-candidates/standardised.csv,duplicate_representation,false,true,not_yet_classified,true,reviewed_see_alignment_decision,duplicate,supported,S429:parent:740,741:incidence:overall:injuryTissueType_laceration_incidence;742:incidence:overall:injuryTissueType_laceration_incidence,approximate_count_from_reported_rate,,7.41888,Approximate point calculation only. Original published precision and population alignment must be verified before use; no rounding bounds or confidence interval inferred.,false,,,740,88,1 season (6 months),,1,cluster randomized controlled trial,,Yes,,Time loss,time-loss,,Medical Staff,Recurrent injuries reported separately from initial injuries.,"Minor, moderate, and severe categories based on time loss from participation.",,,,parent,"standardised.csv sourceDataRow 740 and child rows 741,742; exact fields: sampleSizePlayers,totalExposure,injuryTotalCount",,,,,not_documented_in_bounded_inventory,not_individually_adjudicated,not_yet_classified,,,supported_restricted_scope_from_sole_time_loss_definition,,,,,,analysis-source-context.csv,sourceDataRow,injuryTissueType_laceration,,laceration,,cohort_overlap_review | outcome_scope_review | multiple_rows_same_paper | current_session_only_not_ruled_out | detailed_outcome_definition_and_setting_review,,,,,,supported,"The source labels the outcome time loss, but its threshold is unconfirmed. The approved protocol routes this to threshold sensitivity, not a global hold. The study uses a sole time-loss definition, which applies to this reported detailed rate; no conflicting source-context flag is retained.",analysis master: source CSV: injuryTissueType_laceration_incidence,sensitivity,duplicate,S429,"Every named child reports this final metric, setting, outcome scope and threshold route, and each replacement is alignment-supported. The prior map verified an exhaustive numerical partition from three or more source quantity fields, so the parent is a duplicate representation.","standardised.csv sourceDataRow 740 and child rows 741,742; exact fields: sampleSizePlayers,totalExposure,injuryTotalCount; complete alignment-supported child target coverage; selected child source rows=741;742",740,descriptive_rate_without_usable_sampling_information,false,,incidence|overall|injuryTissueType_laceration||laceration|||,false,likelihood_and_target_selection_pending
740,S429,S429,The FIFA 11+ Kids Injury Prevention Program Reduces Injury Rates Among Male Children Soccer Players: A Clustered Randomized Controlled Trial,10.1177/19417381221109224,S429,Total,overall,injuryTissueType_muscle_injury,time-loss,source_defined_threshold_unconfirmed,Male,,Amateur,Saudi Arabia,Football,Injuries per 1000 player-hours during one season.,,player-hours,source construction requires review,,source CSV: injuryTissueType_muscle_injury_incidence,,740:incidence:overall:injuryTissueType_muscle_injury_incidence,,92736,0.14,0.14,,,,,injuryTissueType_muscle_injury_incidence,,muscle injury,,,,,injuryTissueType_muscle_injury,incidence,0.14,,740,/Users/abdelbabiker/Desktop/GBI-DE-MVP-main/Bayesian Analysis/analysis/model-input-releases/2026-09-14-injury-candidates/standardised.csv,duplicate_representation,false,true,not_yet_classified,true,reviewed_see_alignment_decision,duplicate,supported,S429:parent:740,741:incidence:overall:injuryTissueType_muscle_injury_incidence;742:incidence:overall:injuryTissueType_muscle_injury_incidence,approximate_count_from_reported_rate,,12.98304,Approximate point calculation only. Original published precision and population alignment must be verified before use; no rounding bounds or confidence interval inferred.,false,,,740,88,1 season (6 months),,1,cluster randomized controlled trial,,Yes,,Time loss,time-loss,,Medical Staff,Recurrent injuries reported separately from initial injuries.,"Minor, moderate, and severe categories based on time loss from participation.",,,,parent,"standardised.csv sourceDataRow 740 and child rows 741,742; exact fields: sampleSizePlayers,totalExposure,injuryTotalCount",,,,,not_documented_in_bounded_inventory,not_individually_adjudicated,not_yet_classified,,,supported_restricted_scope_from_sole_time_loss_definition,,,,,,analysis-source-context.csv,sourceDataRow,injuryTissueType_muscle_injury,,muscle injury,,cohort_overlap_review | outcome_scope_review | multiple_rows_same_paper | current_session_only_not_ruled_out | detailed_outcome_definition_and_setting_review,,,,,,supported,"The source labels the outcome time loss, but its threshold is unconfirmed. The approved protocol routes this to threshold sensitivity, not a global hold. The study uses a sole time-loss definition, which applies to this reported detailed rate; no conflicting source-context flag is retained.",analysis master: source CSV: injuryTissueType_muscle_injury_incidence,sensitivity,duplicate,S429,"Every named child reports this final metric, setting, outcome scope and threshold route, and each replacement is alignment-supported. The prior map verified an exhaustive numerical partition from three or more source quantity fields, so the parent is a duplicate representation.","standardised.csv sourceDataRow 740 and child rows 741,742; exact fields: sampleSizePlayers,totalExposure,injuryTotalCount; complete alignment-supported child target coverage; selected child source rows=741;742",740,descriptive_rate_without_usable_sampling_information,false,,incidence|overall|injuryTissueType_muscle_injury||muscle injury|||,false,likelihood_and_target_selection_pending
740,S429,S429,The FIFA 11+ Kids Injury Prevention Program Reduces Injury Rates Among Male Children Soccer Players: A Clustered Randomized Controlled Trial,10.1177/19417381221109224,S429,Total,overall,injuryTissueType_superficial_contusion,time-loss,source_defined_threshold_unconfirmed,Male,,Amateur,Saudi Arabia,Football,Injuries per 1000 player-hours during one season.,,player-hours,source construction requires review,,source CSV: injuryTissueType_superficial_contusion_incidence,,740:incidence:overall:injuryTissueType_superficial_contusion_incidence,,92736,0.17,0.17,,,,,injuryTissueType_superficial_contusion_incidence,,superficial contusion,,,,,injuryTissueType_superficial_contusion,incidence,0.17,,740,/Users/abdelbabiker/Desktop/GBI-DE-MVP-main/Bayesian Analysis/analysis/model-input-releases/2026-09-14-injury-candidates/standardised.csv,duplicate_representation,false,true,not_yet_classified,true,reviewed_see_alignment_decision,duplicate,supported,S429:parent:740,741:incidence:overall:injuryTissueType_superficial_contusion_incidence;742:incidence:overall:injuryTissueType_superficial_contusion_incidence,approximate_count_from_reported_rate,,15.76512,Approximate point calculation only. Original published precision and population alignment must be verified before use; no rounding bounds or confidence interval inferred.,false,,,740,88,1 season (6 months),,1,cluster randomized controlled trial,,Yes,,Time loss,time-loss,,Medical Staff,Recurrent injuries reported separately from initial injuries.,"Minor, moderate, and severe categories based on time loss from participation.",,,,parent,"standardised.csv sourceDataRow 740 and child rows 741,742; exact fields: sampleSizePlayers,totalExposure,injuryTotalCount",,,,,not_documented_in_bounded_inventory,not_individually_adjudicated,not_yet_classified,,,supported_restricted_scope_from_sole_time_loss_definition,,,,,,analysis-source-context.csv,sourceDataRow,injuryTissueType_superficial_contusion,,superficial contusion,,cohort_overlap_review | outcome_scope_review | multiple_rows_same_paper | current_session_only_not_ruled_out | detailed_outcome_definition_and_setting_review,,,,,,supported,"The source labels the outcome time loss, but its threshold is unconfirmed. The approved protocol routes this to threshold sensitivity, not a global hold. The study uses a sole time-loss definition, which applies to this reported detailed rate; no conflicting source-context flag is retained.",analysis master: source CSV: injuryTissueType_superficial_contusion_incidence,sensitivity,duplicate,S429,"Every named child reports this final metric, setting, outcome scope and threshold route, and each replacement is alignment-supported. The prior map verified an exhaustive numerical partition from three or more source quantity fields, so the parent is a duplicate representation.","standardised.csv sourceDataRow 740 and child rows 741,742; exact fields: sampleSizePlayers,totalExposure,injuryTotalCount; complete alignment-supported child target coverage; selected child source rows=741;742",740,descriptive_rate_without_usable_sampling_information,false,,incidence|overall|injuryTissueType_superficial_contusion||superficial contusion|||,false,likelihood_and_target_selection_pending
740,S429,S429,The FIFA 11+ Kids Injury Prevention Program Reduces Injury Rates Among Male Children Soccer Players: A Clustered Randomized Controlled Trial,10.1177/19417381221109224,S429,Total,overall,injuryTissueType_tendinopathy,time-loss,source_defined_threshold_unconfirmed,Male,,Amateur,Saudi Arabia,Football,Injuries per 1000 player-hours during one season.,,player-hours,source construction requires review,,source CSV: injuryTissueType_tendinopathy_incidence,,740:incidence:overall:injuryTissueType_tendinopathy_incidence,,92736,0.23,0.23,,,,,injuryTissueType_tendinopathy_incidence,,tendinopathy,,,,,injuryTissueType_tendinopathy,incidence,0.23,,740,/Users/abdelbabiker/Desktop/GBI-DE-MVP-main/Bayesian Analysis/analysis/model-input-releases/2026-09-14-injury-candidates/standardised.csv,duplicate_representation,false,true,not_yet_classified,true,reviewed_see_alignment_decision,duplicate,supported,S429:parent:740,741:incidence:overall:injuryTissueType_tendinopathy_incidence;742:incidence:overall:injuryTissueType_tendinopathy_incidence,approximate_count_from_reported_rate,,21.32928,Approximate point calculation only. Original published precision and population alignment must be verified before use; no rounding bounds or confidence interval inferred.,false,,,740,88,1 season (6 months),,1,cluster randomized controlled trial,,Yes,,Time loss,time-loss,,Medical Staff,Recurrent injuries reported separately from initial injuries.,"Minor, moderate, and severe categories based on time loss from participation.",,,,parent,"standardised.csv sourceDataRow 740 and child rows 741,742; exact fields: sampleSizePlayers,totalExposure,injuryTotalCount",,,,,not_documented_in_bounded_inventory,not_individually_adjudicated,not_yet_classified,,,supported_restricted_scope_from_sole_time_loss_definition,,,,,,analysis-source-context.csv,sourceDataRow,injuryTissueType_tendinopathy,,tendinopathy,,cohort_overlap_review | outcome_scope_review | multiple_rows_same_paper | current_session_only_not_ruled_out | detailed_outcome_definition_and_setting_review,,,,,,supported,"The source labels the outcome time loss, but its threshold is unconfirmed. The approved protocol routes this to threshold sensitivity, not a global hold. The study uses a sole time-loss definition, which applies to this reported detailed rate; no conflicting source-context flag is retained.",analysis master: source CSV: injuryTissueType_tendinopathy_incidence,sensitivity,duplicate,S429,"Every named child reports this final metric, setting, outcome scope and threshold route, and each replacement is alignment-supported. The prior map verified an exhaustive numerical partition from three or more source quantity fields, so the parent is a duplicate representation.","standardised.csv sourceDataRow 740 and child rows 741,742; exact fields: sampleSizePlayers,totalExposure,injuryTotalCount; complete alignment-supported child target coverage; selected child source rows=741;742",740,descriptive_rate_without_usable_sampling_information,false,,incidence|overall|injuryTissueType_tendinopathy||tendinopathy|||,false,likelihood_and_target_selection_pending
820,S475,S475,Short and Long-Term Effects of a Simple-Strength-Training Program on Injuries Among Elite U-19 Soccer Players,10.1080/02701367.2020.1741498,S475,Row 1,overall,restricted_hamstring_muscle_injury,time-loss - muscle,source_defined_threshold_unconfirmed,Male,Youth,Elite/sub-elite,Spain,Football,per 1000 hours,,player-hours,source construction requires review,[2026-03-30] thigh = hamstring only here,source CSV: injuryTissueType_muscle_injury_incidence,,820:incidence:overall:injuryTissueType_muscle_injury_incidence,,13225,1.81,1.81,,,,,injuryTissueType_muscle_injury_incidence,thigh,muscle injury,hamstring injury,,,,restricted_hamstring_muscle_injury,incidence,1.81,,820,/Users/abdelbabiker/Desktop/GBI-DE-MVP-main/Bayesian Analysis/analysis/model-input-releases/2026-09-14-injury-candidates/standardised.csv,duplicate_representation,false,true,not_yet_classified,true,reviewed_see_alignment_decision,duplicate,supported,S475:multiple_rows,820:incidence:overall:main,approximate_count_from_reported_rate,,23.93725,Approximate point calculation only. Original published precision and population alignment must be verified before use; no rounding bounds or confidence interval inferred.,false,,,27,1,2 consecutive seasons,,2,controlled cohort,,,,Time loss,time-loss - muscle,,medical staff,,,thigh,muscle injury,,unclassified_row,standardised.csv source row; candidate review flag multiple_rows_same_paper where present,,,,,not_documented_in_bounded_inventory,not_individually_adjudicated,not_yet_classified,,,supported_restricted_scope_from_sole_time_loss_definition,,,,,,analysis-source-context.csv,sourceDataRow,injuryTissueType_muscle_injury,,muscle injury,,cohort_overlap_review | outcome_scope_review | multiple_rows_same_paper | current_session_only_not_ruled_out | detailed_outcome_definition_and_setting_review,,,,,,supported,"The source labels the outcome time loss, but its threshold is unconfirmed. The approved protocol routes this to threshold sensitivity, not a global hold. A source-extracted rate is retained, but no count/hour pair or confidence interval is available for the numerical model route.",analysis master: source CSV: injuryTissueType_muscle_injury_incidence,sensitivity,duplicate,S475,Duplicate of the source-supported count/hour or days/hour representation for the same source outcome. This descriptor-only representation does not replace its sampling information.,matching-overall-category-adjudication.csv; analysis master paper_title and time_loss_definition; equality deliberately not used as evidence; quantitative parent retained,820,descriptive_rate_without_usable_sampling_information,false,,incidence|overall|restricted_hamstring_muscle_injury|thigh|muscle injury|hamstring injury||,false,likelihood_and_target_selection_pending
849,S4800,S4800,Incidence of Hamstring Injury and Analysis of Risk Factors for Reinjury in Japanese Professional Football Players.,10.1177/23259671251391776,S4800,All seasons,overall,restricted_MRI_confirmed_hamstring_injury_4day_absence,time loss [MRI-confirmed hamstring injury causing ≥4 days' absence from team training],explicit_restriction_in_source_text,Male,Senior,Professional/international,Japan,Football,per 1000 player-hours,,player-hours,source construction requires review,,"source CSV: injuryTotalCount, injuryIncidenceOverall, totalExposure",,849:incidence:overall:main,43,71742,0.6,0.6,0.5993699646,,,injuryTotalCount,injuryIncidenceOverall,thigh,muscle injury,MRI-confirmed hamstring injury,,,,restricted_MRI_confirmed_hamstring_injury_4day_absence,incidence,0.6,,849,/Users/abdelbabiker/Desktop/GBI-DE-MVP-main/Bayesian Analysis/analysis/model-input-releases/2026-09-14-injury-candidates/standardised.csv,duplicate_representation,false,false,not_yet_classified,false,reviewed_see_alignment_decision,duplicate,supported,S4800:parent:849,850:incidence:overall:injuryLocation_thigh_incidence;850:incidence:overall:injuryTissueType_muscle_injury_incidence;850:incidence:overall:injuryTissueType_muscle_tendon_incidence;850:incidence:overall:main;851:incidence:overall:injuryLocation_thigh_incidence;851:incidence:overall:injuryTissueType_muscle_injury_incidence;851:incidence:overall:injuryTissueType_muscle_tendon_incidence;851:incidence:overall:main;852:incidence:overall:injuryLocation_thigh_incidence;852:incidence:overall:injuryTissueType_muscle_injury_incidence;852:incidence:overall:injuryTissueType_muscle_tendon_incidence;852:incidence:overall:main;853:incidence:overall:injuryLocation_thigh_incidence;853:incidence:overall:injuryTissueType_muscle_injury_incidence;853:incidence:overall:injuryTissueType_muscle_tendon_incidence;853:incidence:overall:main;854:incidence:overall:injuryLocation_thigh_incidence;854:incidence:overall:injuryTissueType_muscle_injury_incidence;854:incidence:overall:injuryTissueType_muscle_tendon_incidence;854:incidence:overall:main;855:incidence:overall:injuryLocation_thigh_incidence;855:incidence:overall:injuryTissueType_muscle_injury_incidence;855:incidence:overall:injuryTissueType_muscle_tendon_incidence;855:incidence:overall:main,,,,,false,,,209,1,2013-2018 (6 consecutive seasons),,6,retrospective cohort study(prospective data),,,,Time loss,time loss [MRI-confirmed hamstring injury causing ≥4 days' absence from team training],,Medical Staff (club doctor),subsequent injury at the same location before return to complete play or within 2 months after return to complete play,,,,,parent,"standardised.csv sourceDataRow 849 and child rows 850,851,852,853,854,855; exact fields: sampleSizePlayers,totalExposure,injuryTotalCount",,,,,not_documented_in_bounded_inventory,not_individually_adjudicated,not_yet_classified,,,supported_restricted_outcome_parent_with_source_confirmed_numeric_information,,43,injuryTotalCount,,,analysis-source-context.csv,sourceDataRow,hamstring_scope_review,,,hamstring,cohort_overlap_review | outcome_scope_review | multiple_rows_same_paper | time_loss_outcome_alignment_review,,,,,,supported,The frozen master retains a direct observed injury count and player-hour denominator for this source-confirmed restricted outcome. The matching-pair audit establishes that the generic parent and descriptor aliases are the same clinical target; the parent preserves the count/hour information. The time-loss threshold route is retained from the source definition.,"source CSV: injuryTotalCount, injuryIncidenceOverall, totalExposure; /Users/abdelbabiker/Desktop/GBI-DE-MVP-main/Bayesian Analysis/analysis/model-input-releases/2026-09-14-injury-candidates/standardised.csv sourceDataRow=849; matching-overall-category-adjudication.csv: title/definition verifies the parent and descriptor alias as the same restricted outcome",main,duplicate,S4800,"Every named child reports this final metric, setting, outcome scope and threshold route, and each replacement is alignment-supported. The prior map verified an exhaustive numerical partition from three or more source quantity fields, so the parent is a duplicate representation.","standardised.csv sourceDataRow 849 and child rows 850,851,852,853,854,855; exact fields: sampleSizePlayers,totalExposure,injuryTotalCount; complete alignment-supported child target coverage; selected child source rows=850;851;852;853;854;855",849,count_and_exposure,false,,incidence|overall|restricted_MRI_confirmed_hamstring_injury_4day_absence|thigh|muscle injury|MRI-confirmed hamstring injury||,false,likelihood_and_target_selection_pending
849,S4800,S4800,Incidence of Hamstring Injury and Analysis of Risk Factors for Reinjury in Japanese Professional Football Players.,10.1177/23259671251391776,S4800,All seasons,match,restricted_MRI_confirmed_hamstring_injury_4day_absence,time loss [MRI-confirmed hamstring injury causing ≥4 days' absence from team training],explicit_restriction_in_source_text,Male,Senior,Professional/international,Japan,Football,per 1000 player-hours,,player-hours,source construction requires review,,"source CSV: injuryMatchCount, injuryIncidenceMatch, matchExposure",,849:incidence:match:main,21,9148,2.3,2.3,2.2955837341,,,injuryMatchCount,injuryIncidenceMatch,thigh,muscle injury,MRI-confirmed hamstring injury,,,,restricted_MRI_confirmed_hamstring_injury_4day_absence,incidence,2.3,,849,/Users/abdelbabiker/Desktop/GBI-DE-MVP-main/Bayesian Analysis/analysis/model-input-releases/2026-09-14-injury-candidates/standardised.csv,duplicate_representation,false,false,not_yet_classified,false,reviewed_see_alignment_decision,duplicate,supported,S4800:parent:849,850:incidence:match:main;851:incidence:match:main;852:incidence:match:main;853:incidence:match:main;854:incidence:match:main;855:incidence:match:main,,,,,false,,,209,1,2013-2018 (6 consecutive seasons),,6,retrospective cohort study(prospective data),,,,Time loss,time loss [MRI-confirmed hamstring injury causing ≥4 days' absence from team training],,Medical Staff (club doctor),subsequent injury at the same location before return to complete play or within 2 months after return to complete play,,,,,parent,"standardised.csv sourceDataRow 849 and child rows 850,851,852,853,854,855; exact fields: sampleSizePlayers,totalExposure,injuryTotalCount",,,,,not_documented_in_bounded_inventory,not_individually_adjudicated,not_yet_classified,,,supported_restricted_scope_from_sole_time_loss_definition,,21,injuryMatchCount,,,analysis-source-context.csv,sourceDataRow,hamstring_scope_review,,,hamstring,cohort_overlap_review | outcome_scope_review | multiple_rows_same_paper | time_loss_outcome_alignment_review,,,,,,supported,"The saved source wording gives a time-loss restriction or threshold. The study uses a sole time-loss definition, which applies to this reported detailed rate; no conflicting source-context flag is retained.","analysis master: source CSV: injuryMatchCount, injuryIncidenceMatch, matchExposure",main,duplicate,S4800,"Every named child reports this final metric, setting, outcome scope and threshold route, and each replacement is alignment-supported. The prior map verified an exhaustive numerical partition from three or more source quantity fields, so the parent is a duplicate representation.","standardised.csv sourceDataRow 849 and child rows 850,851,852,853,854,855; exact fields: sampleSizePlayers,totalExposure,injuryTotalCount; complete alignment-supported child target coverage; selected child source rows=850;851;852;853;854;855",849,count_and_exposure,false,,incidence|match|restricted_MRI_confirmed_hamstring_injury_4day_absence|thigh|muscle injury|MRI-confirmed hamstring injury||,false,likelihood_and_target_selection_pending
849,S4800,S4800,Incidence of Hamstring Injury and Analysis of Risk Factors for Reinjury in Japanese Professional Football Players.,10.1177/23259671251391776,S4800,All seasons,training,restricted_MRI_confirmed_hamstring_injury_4day_absence,time loss [MRI-confirmed hamstring injury causing ≥4 days' absence from team training],explicit_restriction_in_source_text,Male,Senior,Professional/international,Japan,Football,per 1000 player-hours,,player-hours,source construction requires review,,"source CSV: injuryTrainingCount, injuryIncidenceTraining, trainingExposure",,849:incidence:training:main,22,62594,0.35,0.35,0.351471387,,,injuryTrainingCount,injuryIncidenceTraining,thigh,muscle injury,MRI-confirmed hamstring injury,,,,restricted_MRI_confirmed_hamstring_injury_4day_absence,incidence,0.35,,849,/Users/abdelbabiker/Desktop/GBI-DE-MVP-main/Bayesian Analysis/analysis/model-input-releases/2026-09-14-injury-candidates/standardised.csv,duplicate_representation,false,false,not_yet_classified,false,reviewed_see_alignment_decision,duplicate,supported,S4800:parent:849,850:incidence:training:main;851:incidence:training:main;852:incidence:training:main;853:incidence:training:main;854:incidence:training:main;855:incidence:training:main,,,,,false,,,209,1,2013-2018 (6 consecutive seasons),,6,retrospective cohort study(prospective data),,,,Time loss,time loss [MRI-confirmed hamstring injury causing ≥4 days' absence from team training],,Medical Staff (club doctor),subsequent injury at the same location before return to complete play or within 2 months after return to complete play,,,,,parent,"standardised.csv sourceDataRow 849 and child rows 850,851,852,853,854,855; exact fields: sampleSizePlayers,totalExposure,injuryTotalCount",,,,,not_documented_in_bounded_inventory,not_individually_adjudicated,not_yet_classified,,,supported_restricted_scope_from_sole_time_loss_definition,,22,injuryTrainingCount,,,analysis-source-context.csv,sourceDataRow,hamstring_scope_review,,,hamstring,cohort_overlap_review | outcome_scope_review | multiple_rows_same_paper | time_loss_outcome_alignment_review,,,,,,supported,"The saved source wording gives a time-loss restriction or threshold. The study uses a sole time-loss definition, which applies to this reported detailed rate; no conflicting source-context flag is retained.","analysis master: source CSV: injuryTrainingCount, injuryIncidenceTraining, trainingExposure",main,duplicate,S4800,"Every named child reports this final metric, setting, outcome scope and threshold route, and each replacement is alignment-supported. The prior map verified an exhaustive numerical partition from three or more source quantity fields, so the parent is a duplicate representation.","standardised.csv sourceDataRow 849 and child rows 850,851,852,853,854,855; exact fields: sampleSizePlayers,totalExposure,injuryTotalCount; complete alignment-supported child target coverage; selected child source rows=850;851;852;853;854;855",849,count_and_exposure,false,,incidence|training|restricted_MRI_confirmed_hamstring_injury_4day_absence|thigh|muscle injury|MRI-confirmed hamstring injury||,false,likelihood_and_target_selection_pending
849,S4800,S4800,Incidence of Hamstring Injury and Analysis of Risk Factors for Reinjury in Japanese Professional Football Players.,10.1177/23259671251391776,S4800,All seasons,overall,restricted_MRI_confirmed_hamstring_injury_4day_absence,time loss [MRI-confirmed hamstring injury causing ≥4 days' absence from team training],explicit_restriction_in_source_text,Male,Senior,Professional/international,Japan,Football,per 1000 player-hours,,player-hours,source construction requires review,,source CSV: injuryLocation_thigh_incidence,,849:incidence:overall:injuryLocation_thigh_incidence,,71742,0.6,0.6,,,,,injuryLocation_thigh_incidence,thigh,muscle injury,MRI-confirmed hamstring injury,,,,restricted_MRI_confirmed_hamstring_injury_4day_absence,incidence,0.6,,849,/Users/abdelbabiker/Desktop/GBI-DE-MVP-main/Bayesian Analysis/analysis/model-input-releases/2026-09-14-injury-candidates/standardised.csv,duplicate_representation,false,false,not_yet_classified,true,reviewed_see_alignment_decision,duplicate,supported,S4800:parent:849,850:incidence:overall:injuryLocation_thigh_incidence;850:incidence:overall:injuryTissueType_muscle_injury_incidence;850:incidence:overall:injuryTissueType_muscle_tendon_incidence;850:incidence:overall:main;851:incidence:overall:injuryLocation_thigh_incidence;851:incidence:overall:injuryTissueType_muscle_injury_incidence;851:incidence:overall:injuryTissueType_muscle_tendon_incidence;851:incidence:overall:main;852:incidence:overall:injuryLocation_thigh_incidence;852:incidence:overall:injuryTissueType_muscle_injury_incidence;852:incidence:overall:injuryTissueType_muscle_tendon_incidence;852:incidence:overall:main;853:incidence:overall:injuryLocation_thigh_incidence;853:incidence:overall:injuryTissueType_muscle_injury_incidence;853:incidence:overall:injuryTissueType_muscle_tendon_incidence;853:incidence:overall:main;854:incidence:overall:injuryLocation_thigh_incidence;854:incidence:overall:injuryTissueType_muscle_injury_incidence;854:incidence:overall:injuryTissueType_muscle_tendon_incidence;854:incidence:overall:main;855:incidence:overall:injuryLocation_thigh_incidence;855:incidence:overall:injuryTissueType_muscle_injury_incidence;855:incidence:overall:injuryTissueType_muscle_tendon_incidence;855:incidence:overall:main,approximate_count_from_reported_rate,,43.0452,Approximate point calculation only. Original published precision and population alignment must be verified before use; no rounding bounds or confidence interval inferred.,false,,,209,1,2013-2018 (6 consecutive seasons),,6,retrospective cohort study(prospective data),,,,Time loss,time loss [MRI-confirmed hamstring injury causing ≥4 days' absence from team training],,Medical Staff (club doctor),subsequent injury at the same location before return to complete play or within 2 months after return to complete play,,,,,parent,"standardised.csv sourceDataRow 849 and child rows 850,851,852,853,854,855; exact fields: sampleSizePlayers,totalExposure,injuryTotalCount",,,,,not_documented_in_bounded_inventory,not_individually_adjudicated,not_yet_classified,,,supported_restricted_scope_from_sole_time_loss_definition,,,,,,analysis-source-context.csv,sourceDataRow,injuryLocation_thigh,thigh,,,cohort_overlap_review | outcome_scope_review | multiple_rows_same_paper | detailed_outcome_definition_and_setting_review,,,,,,supported,"The saved source wording gives a time-loss restriction or threshold. A source-extracted rate is retained, but no count/hour pair or confidence interval is available for the numerical model route.",analysis master: source CSV: injuryLocation_thigh_incidence,main,duplicate,S4800,Duplicate source alias of a parent already replaced by the verified aligned granular partition.,matching-overall-category-adjudication.csv; analysis master paper_title and time_loss_definition; equality deliberately not used as evidence; parent replaced by selected granular observations=850:incidence:overall:injuryLocation_thigh_incidence;850:incidence:overall:injuryTissueType_muscle_injury_incidence;850:incidence:overall:injuryTissueType_muscle_tendon_incidence;850:incidence:overall:main;851:incidence:overall:injuryLocation_thigh_incidence;851:incidence:overall:injuryTissueType_muscle_injury_incidence;851:incidence:overall:injuryTissueType_muscle_tendon_incidence;851:incidence:overall:main;852:incidence:overall:injuryLocation_thigh_incidence;852:incidence:overall:injuryTissueType_muscle_injury_incidence;852:incidence:overall:injuryTissueType_muscle_tendon_incidence;852:incidence:overall:main;853:incidence:overall:injuryLocation_thigh_incidence;853:incidence:overall:injuryTissueType_muscle_injury_incidence;853:incidence:overall:injuryTissueType_muscle_tendon_incidence;853:incidence:overall:main;854:incidence:overall:injuryLocation_thigh_incidence;854:incidence:overall:injuryTissueType_muscle_injury_incidence;854:incidence:overall:injuryTissueType_muscle_tendon_incidence;854:incidence:overall:main;855:incidence:overall:injuryLocation_thigh_incidence;855:incidence:overall:injuryTissueType_muscle_injury_incidence;855:incidence:overall:injuryTissueType_muscle_tendon_incidence;855:incidence:overall:main,849,descriptive_rate_without_usable_sampling_information,false,,incidence|overall|restricted_MRI_confirmed_hamstring_injury_4day_absence|thigh|muscle injury|MRI-confirmed hamstring injury||,false,likelihood_and_target_selection_pending
850,S4800,S4800,Incidence of Hamstring Injury and Analysis of Risk Factors for Reinjury in Japanese Professional Football Players.,10.1177/23259671251391776,S4800,2013,overall,restricted_MRI_confirmed_hamstring_injury_4day_absence,time loss [MRI-confirmed hamstring injury causing ≥4 days' absence from team training],explicit_restriction_in_source_text,Male,Senior,Professional/international,Japan,Football,per 1000 player-hours,,player-hours,source construction requires review,,source CSV: injuryLocation_thigh_incidence,,850:incidence:overall:injuryLocation_thigh_incidence,,12363,0.49,0.49,,,,,injuryLocation_thigh_incidence,thigh,muscle injury,MRI-confirmed hamstring injury,,,,restricted_MRI_confirmed_hamstring_injury_4day_absence,incidence,0.49,,850,/Users/abdelbabiker/Desktop/GBI-DE-MVP-main/Bayesian Analysis/analysis/model-input-releases/2026-09-14-injury-candidates/standardised.csv,duplicate_representation,false,false,not_yet_classified,true,reviewed_see_alignment_decision,duplicate,supported,S4800:parent:849,850:incidence:overall:main,approximate_count_from_reported_rate,,6.05787,Approximate point calculation only. Original published precision and population alignment must be verified before use; no rounding bounds or confidence interval inferred.,false,,,38,1,2013,,6,retrospective cohort study(prospective data),,,,Time loss,time loss [MRI-confirmed hamstring injury causing ≥4 days' absence from team training],,Medical Staff (club doctor),subsequent injury at the same location before return to complete play or within 2 months after return to complete play,,,,,granular,"standardised.csv sourceDataRow 849 and child rows 850,851,852,853,854,855; exact fields: sampleSizePlayers,totalExposure,injuryTotalCount",,,,,not_documented_in_bounded_inventory,not_individually_adjudicated,not_yet_classified,,,supported_restricted_scope_from_sole_time_loss_definition,,,,,,analysis-source-context.csv,sourceDataRow,injuryLocation_thigh,thigh,,,cohort_overlap_review | outcome_scope_review | multiple_rows_same_paper | detailed_outcome_definition_and_setting_review,,,,,,supported,"The saved source wording gives a time-loss restriction or threshold. A source-extracted rate is retained, but no count/hour pair or confidence interval is available for the numerical model route.",analysis master: source CSV: injuryLocation_thigh_incidence,main,duplicate,S4800,Duplicate of the source-supported count/hour or days/hour representation for the same source outcome. This descriptor-only representation does not replace its sampling information.,matching-overall-category-adjudication.csv; analysis master paper_title and time_loss_definition; equality deliberately not used as evidence; quantitative parent retained,850,descriptive_rate_without_usable_sampling_information,false,,incidence|overall|restricted_MRI_confirmed_hamstring_injury_4day_absence|thigh|muscle injury|MRI-confirmed hamstring injury||,false,likelihood_and_target_selection_pending
851,S4800,S4800,Incidence of Hamstring Injury and Analysis of Risk Factors for Reinjury in Japanese Professional Football Players.,10.1177/23259671251391776,S4800,2014,overall,restricted_MRI_confirmed_hamstring_injury_4day_absence,time loss [MRI-confirmed hamstring injury causing ≥4 days' absence from team training],explicit_restriction_in_source_text,Male,Senior,Professional/international,Japan,Football,per 1000 player-hours,,player-hours,source construction requires review,,source CSV: injuryLocation_thigh_incidence,,851:incidence:overall:injuryLocation_thigh_incidence,,12015,0.58,0.58,,,,,injuryLocation_thigh_incidence,thigh,muscle injury,MRI-confirmed hamstring injury,,,,restricted_MRI_confirmed_hamstring_injury_4day_absence,incidence,0.58,,851,/Users/abdelbabiker/Desktop/GBI-DE-MVP-main/Bayesian Analysis/analysis/model-input-releases/2026-09-14-injury-candidates/standardised.csv,duplicate_representation,false,false,not_yet_classified,true,reviewed_see_alignment_decision,duplicate,supported,S4800:parent:849,851:incidence:overall:main,approximate_count_from_reported_rate,,6.9687,Approximate point calculation only. Original published precision and population alignment must be verified before use; no rounding bounds or confidence interval inferred.,false,,,33,1,2014,,6,retrospective cohort study(prospective data),,,,Time loss,time loss [MRI-confirmed hamstring injury causing ≥4 days' absence from team training],,Medical Staff (club doctor),subsequent injury at the same location before return to complete play or within 2 months after return to complete play,,,,,granular,"standardised.csv sourceDataRow 849 and child rows 850,851,852,853,854,855; exact fields: sampleSizePlayers,totalExposure,injuryTotalCount",,,,,not_documented_in_bounded_inventory,not_individually_adjudicated,not_yet_classified,,,supported_restricted_scope_from_sole_time_loss_definition,,,,,,analysis-source-context.csv,sourceDataRow,injuryLocation_thigh,thigh,,,cohort_overlap_review | outcome_scope_review | multiple_rows_same_paper | detailed_outcome_definition_and_setting_review,,,,,,supported,"The saved source wording gives a time-loss restriction or threshold. A source-extracted rate is retained, but no count/hour pair or confidence interval is available for the numerical model route.",analysis master: source CSV: injuryLocation_thigh_incidence,main,duplicate,S4800,Duplicate of the source-supported count/hour or days/hour representation for the same source outcome. This descriptor-only representation does not replace its sampling information.,matching-overall-category-adjudication.csv; analysis master paper_title and time_loss_definition; equality deliberately not used as evidence; quantitative parent retained,851,descriptive_rate_without_usable_sampling_information,false,,incidence|overall|restricted_MRI_confirmed_hamstring_injury_4day_absence|thigh|muscle injury|MRI-confirmed hamstring injury||,false,likelihood_and_target_selection_pending
852,S4800,S4800,Incidence of Hamstring Injury and Analysis of Risk Factors for Reinjury in Japanese Professional Football Players.,10.1177/23259671251391776,S4800,2015,overall,restricted_MRI_confirmed_hamstring_injury_4day_absence,time loss [MRI-confirmed hamstring injury causing ≥4 days' absence from team training],explicit_restriction_in_source_text,Male,Senior,Professional/international,Japan,Football,per 1000 player-hours,,player-hours,source construction requires review,,source CSV: injuryLocation_thigh_incidence,,852:incidence:overall:injuryLocation_thigh_incidence,,10838,0.37,0.37,,,,,injuryLocation_thigh_incidence,thigh,muscle injury,MRI-confirmed hamstring injury,,,,restricted_MRI_confirmed_hamstring_injury_4day_absence,incidence,0.37,,852,/Users/abdelbabiker/Desktop/GBI-DE-MVP-main/Bayesian Analysis/analysis/model-input-releases/2026-09-14-injury-candidates/standardised.csv,duplicate_representation,false,false,not_yet_classified,true,reviewed_see_alignment_decision,duplicate,supported,S4800:parent:849,852:incidence:overall:main,approximate_count_from_reported_rate,,4.01006,Approximate point calculation only. Original published precision and population alignment must be verified before use; no rounding bounds or confidence interval inferred.,false,,,34,1,2015,,6,retrospective cohort study(prospective data),,,,Time loss,time loss [MRI-confirmed hamstring injury causing ≥4 days' absence from team training],,Medical Staff (club doctor),subsequent injury at the same location before return to complete play or within 2 months after return to complete play,,,,,granular,"standardised.csv sourceDataRow 849 and child rows 850,851,852,853,854,855; exact fields: sampleSizePlayers,totalExposure,injuryTotalCount",,,,,not_documented_in_bounded_inventory,not_individually_adjudicated,not_yet_classified,,,supported_restricted_scope_from_sole_time_loss_definition,,,,,,analysis-source-context.csv,sourceDataRow,injuryLocation_thigh,thigh,,,cohort_overlap_review | outcome_scope_review | multiple_rows_same_paper | detailed_outcome_definition_and_setting_review,,,,,,supported,"The saved source wording gives a time-loss restriction or threshold. A source-extracted rate is retained, but no count/hour pair or confidence interval is available for the numerical model route.",analysis master: source CSV: injuryLocation_thigh_incidence,main,duplicate,S4800,Duplicate of the source-supported count/hour or days/hour representation for the same source outcome. This descriptor-only representation does not replace its sampling information.,matching-overall-category-adjudication.csv; analysis master paper_title and time_loss_definition; equality deliberately not used as evidence; quantitative parent retained,852,descriptive_rate_without_usable_sampling_information,false,,incidence|overall|restricted_MRI_confirmed_hamstring_injury_4day_absence|thigh|muscle injury|MRI-confirmed hamstring injury||,false,likelihood_and_target_selection_pending
853,S4800,S4800,Incidence of Hamstring Injury and Analysis of Risk Factors for Reinjury in Japanese Professional Football Players.,10.1177/23259671251391776,S4800,2016,overall,restricted_MRI_confirmed_hamstring_injury_4day_absence,time loss [MRI-confirmed hamstring injury causing ≥4 days' absence from team training],explicit_restriction_in_source_text,Male,Senior,Professional/international,Japan,Football,per 1000 player-hours,,player-hours,source construction requires review,,source CSV: injuryLocation_thigh_incidence,,853:incidence:overall:injuryLocation_thigh_incidence,,12549,0.8,0.8,,,,,injuryLocation_thigh_incidence,thigh,muscle injury,MRI-confirmed hamstring injury,,,,restricted_MRI_confirmed_hamstring_injury_4day_absence,incidence,0.8,,853,/Users/abdelbabiker/Desktop/GBI-DE-MVP-main/Bayesian Analysis/analysis/model-input-releases/2026-09-14-injury-candidates/standardised.csv,duplicate_representation,false,false,not_yet_classified,true,reviewed_see_alignment_decision,duplicate,supported,S4800:parent:849,853:incidence:overall:main,approximate_count_from_reported_rate,,10.0392,Approximate point calculation only. Original published precision and population alignment must be verified before use; no rounding bounds or confidence interval inferred.,false,,,32,1,2016,,6,retrospective cohort study(prospective data),,,,Time loss,time loss [MRI-confirmed hamstring injury causing ≥4 days' absence from team training],,Medical Staff (club doctor),subsequent injury at the same location before return to complete play or within 2 months after return to complete play,,,,,granular,"standardised.csv sourceDataRow 849 and child rows 850,851,852,853,854,855; exact fields: sampleSizePlayers,totalExposure,injuryTotalCount",,,,,not_documented_in_bounded_inventory,not_individually_adjudicated,not_yet_classified,,,supported_restricted_scope_from_sole_time_loss_definition,,,,,,analysis-source-context.csv,sourceDataRow,injuryLocation_thigh,thigh,,,cohort_overlap_review | outcome_scope_review | multiple_rows_same_paper | detailed_outcome_definition_and_setting_review,,,,,,supported,"The saved source wording gives a time-loss restriction or threshold. A source-extracted rate is retained, but no count/hour pair or confidence interval is available for the numerical model route.",analysis master: source CSV: injuryLocation_thigh_incidence,main,duplicate,S4800,Duplicate of the source-supported count/hour or days/hour representation for the same source outcome. This descriptor-only representation does not replace its sampling information.,matching-overall-category-adjudication.csv; analysis master paper_title and time_loss_definition; equality deliberately not used as evidence; quantitative parent retained,853,descriptive_rate_without_usable_sampling_information,false,,incidence|overall|restricted_MRI_confirmed_hamstring_injury_4day_absence|thigh|muscle injury|MRI-confirmed hamstring injury||,false,likelihood_and_target_selection_pending
854,S4800,S4800,Incidence of Hamstring Injury and Analysis of Risk Factors for Reinjury in Japanese Professional Football Players.,10.1177/23259671251391776,S4800,2017,overall,restricted_MRI_confirmed_hamstring_injury_4day_absence,time loss [MRI-confirmed hamstring injury causing ≥4 days' absence from team training],explicit_restriction_in_source_text,Male,Senior,Professional/international,Japan,Football,per 1000 player-hours,,player-hours,source construction requires review,,source CSV: injuryLocation_thigh_incidence,,854:incidence:overall:injuryLocation_thigh_incidence,,11437,0.87,0.87,,,,,injuryLocation_thigh_incidence,thigh,muscle injury,MRI-confirmed hamstring injury,,,,restricted_MRI_confirmed_hamstring_injury_4day_absence,incidence,0.87,,854,/Users/abdelbabiker/Desktop/GBI-DE-MVP-main/Bayesian Analysis/analysis/model-input-releases/2026-09-14-injury-candidates/standardised.csv,duplicate_representation,false,false,not_yet_classified,true,reviewed_see_alignment_decision,duplicate,supported,S4800:parent:849,854:incidence:overall:main,approximate_count_from_reported_rate,,9.95019,Approximate point calculation only. Original published precision and population alignment must be verified before use; no rounding bounds or confidence interval inferred.,false,,,36,1,2017,,6,retrospective cohort study(prospective data),,,,Time loss,time loss [MRI-confirmed hamstring injury causing ≥4 days' absence from team training],,Medical Staff (club doctor),subsequent injury at the same location before return to complete play or within 2 months after return to complete play,,,,,granular,"standardised.csv sourceDataRow 849 and child rows 850,851,852,853,854,855; exact fields: sampleSizePlayers,totalExposure,injuryTotalCount",,,,,not_documented_in_bounded_inventory,not_individually_adjudicated,not_yet_classified,,,supported_restricted_scope_from_sole_time_loss_definition,,,,,,analysis-source-context.csv,sourceDataRow,injuryLocation_thigh,thigh,,,cohort_overlap_review | outcome_scope_review | multiple_rows_same_paper | detailed_outcome_definition_and_setting_review,,,,,,supported,"The saved source wording gives a time-loss restriction or threshold. A source-extracted rate is retained, but no count/hour pair or confidence interval is available for the numerical model route.",analysis master: source CSV: injuryLocation_thigh_incidence,main,duplicate,S4800,Duplicate of the source-supported count/hour or days/hour representation for the same source outcome. This descriptor-only representation does not replace its sampling information.,matching-overall-category-adjudication.csv; analysis master paper_title and time_loss_definition; equality deliberately not used as evidence; quantitative parent retained,854,descriptive_rate_without_usable_sampling_information,false,,incidence|overall|restricted_MRI_confirmed_hamstring_injury_4day_absence|thigh|muscle injury|MRI-confirmed hamstring injury||,false,likelihood_and_target_selection_pending
855,S4800,S4800,Incidence of Hamstring Injury and Analysis of Risk Factors for Reinjury in Japanese Professional Football Players.,10.1177/23259671251391776,S4800,2018,overall,restricted_MRI_confirmed_hamstring_injury_4day_absence,time loss [MRI-confirmed hamstring injury causing ≥4 days' absence from team training],explicit_restriction_in_source_text,Male,Senior,Professional/international,Japan,Football,per 1000 player-hours,,player-hours,source construction requires review,,source CSV: injuryLocation_thigh_incidence,,855:incidence:overall:injuryLocation_thigh_incidence,,12540,0.48,0.48,,,,,injuryLocation_thigh_incidence,thigh,muscle injury,MRI-confirmed hamstring injury,,,,restricted_MRI_confirmed_hamstring_injury_4day_absence,incidence,0.48,,855,/Users/abdelbabiker/Desktop/GBI-DE-MVP-main/Bayesian Analysis/analysis/model-input-releases/2026-09-14-injury-candidates/standardised.csv,duplicate_representation,false,false,not_yet_classified,true,reviewed_see_alignment_decision,duplicate,supported,S4800:parent:849,855:incidence:overall:main,approximate_count_from_reported_rate,,6.0192,Approximate point calculation only. Original published precision and population alignment must be verified before use; no rounding bounds or confidence interval inferred.,false,,,36,1,2018,,6,retrospective cohort study(prospective data),,,,Time loss,time loss [MRI-confirmed hamstring injury causing ≥4 days' absence from team training],,Medical Staff (club doctor),subsequent injury at the same location before return to complete play or within 2 months after return to complete play,,,,,granular,"standardised.csv sourceDataRow 849 and child rows 850,851,852,853,854,855; exact fields: sampleSizePlayers,totalExposure,injuryTotalCount",,,,,not_documented_in_bounded_inventory,not_individually_adjudicated,not_yet_classified,,,supported_restricted_scope_from_sole_time_loss_definition,,,,,,analysis-source-context.csv,sourceDataRow,injuryLocation_thigh,thigh,,,cohort_overlap_review | outcome_scope_review | multiple_rows_same_paper | detailed_outcome_definition_and_setting_review,,,,,,supported,"The saved source wording gives a time-loss restriction or threshold. A source-extracted rate is retained, but no count/hour pair or confidence interval is available for the numerical model route.",analysis master: source CSV: injuryLocation_thigh_incidence,main,duplicate,S4800,Duplicate of the source-supported count/hour or days/hour representation for the same source outcome. This descriptor-only representation does not replace its sampling information.,matching-overall-category-adjudication.csv; analysis master paper_title and time_loss_definition; equality deliberately not used as evidence; quantitative parent retained,855,descriptive_rate_without_usable_sampling_information,false,,incidence|overall|restricted_MRI_confirmed_hamstring_injury_4day_absence|thigh|muscle injury|MRI-confirmed hamstring injury||,false,likelihood_and_target_selection_pending
924,S5158,S5158,The incidence and burden of concussion in men's and women's English professional football.,10.1136/bmjsem-2024-002297,S5158,Men's international,overall,restricted_medically_diagnosed_concussion,time loss [medically diagnosed concussion],source_defined_threshold_unconfirmed,Male,Youth,Professional/international | Elite/sub-elite,England,Football,concussions per 1000 player-hours,days lost per 1000 player-hours,player-hours,source construction requires review,,"source CSV: injuryTimeLossCount, injuryIncidenceOverall, totalExposure",,924:incidence:overall:main,16,,0.18,0.18,,,,injuryTimeLossCount,injuryIncidenceOverall,,concussion,medically diagnosed concussion,,,,restricted_medically_diagnosed_concussion,incidence,0.18,,924,/Users/abdelbabiker/Desktop/GBI-DE-MVP-main/Bayesian Analysis/analysis/model-input-releases/2026-09-14-injury-candidates/standardised.csv,duplicate_representation,false,true,not_yet_classified,true,reviewed_see_alignment_decision,duplicate,hold,S5158:multiple_rows,924:incidence:overall:injuryTissueType_concussion_incidence,approximate_hours_from_matched_crude_reported_rate,88888.88888888888888888888889,,Approximate point derivation from reported rate; original precision unverified; no rounding bounds claimed.,false,,,,,international 2012-2022; men's domestic 2013-2022; women's domestic 2018-2022,,up to 10 seasons,retrospective analysis (prospective data),,,,Time loss,time loss [medically diagnosed concussion],,club/team physiotherapists and medical doctors,,days before return to training or match play; reported as median (IQR),,,,unclassified_row,standardised.csv source row; candidate review flag multiple_rows_same_paper where present,,,,,not_documented_in_bounded_inventory,not_individually_adjudicated,not_yet_classified,,,supported_restricted_scope_from_sole_time_loss_definition,,16,injuryTimeLossCount,,,analysis-source-context.csv,sourceDataRow,concussion_scope_review,,,concussion,cohort_overlap_review | outcome_scope_review | multiple_rows_same_paper | current_session_only_not_ruled_out | time_loss_outcome_alignment_review,,,,,,hold,"The source labels the outcome time loss, but its threshold is unconfirmed. The approved protocol routes this to threshold sensitivity, not a global hold. The parent rate equals a category rate and the source title/definition identifies a restricted outcome. Do not label the parent as all injuries.","analysis master: source CSV: injuryTimeLossCount, injuryIncidenceOverall, totalExposure",sensitivity,duplicate,S5158,The alignment pair review confirms that this generic representation is the same restricted source outcome as the retained descriptor-rich detailed representation.,matching-overall-category-adjudication.csv; analysis master paper_title and time_loss_definition; equality deliberately not used as evidence,924,observed_count_and_approximate_inferred_exposure,true,"Saved master retains an observed count, a same-setting crude per-1,000-hour rate and a compatible time-loss definition. Rounded-rate inversion is approximate only; no model eligibility.",incidence|overall|restricted_medically_diagnosed_concussion||concussion|medically diagnosed concussion||,false,likelihood_and_target_selection_pending
925,S5158,S5158,The incidence and burden of concussion in men's and women's English professional football.,10.1136/bmjsem-2024-002297,S5158,Women's international,overall,restricted_medically_diagnosed_concussion,time loss [medically diagnosed concussion],source_defined_threshold_unconfirmed,Female,Youth,Professional/international,England,Football,concussions per 1000 player-hours,days lost per 1000 player-hours,player-hours,source construction requires review,,"source CSV: injuryTimeLossCount, injuryIncidenceOverall, totalExposure",,925:incidence:overall:main,40,,0.44,0.44,,,,injuryTimeLossCount,injuryIncidenceOverall,,concussion,medically diagnosed concussion,,,,restricted_medically_diagnosed_concussion,incidence,0.44,,925,/Users/abdelbabiker/Desktop/GBI-DE-MVP-main/Bayesian Analysis/analysis/model-input-releases/2026-09-14-injury-candidates/standardised.csv,duplicate_representation,false,true,not_yet_classified,true,reviewed_see_alignment_decision,duplicate,hold,S5158:multiple_rows,925:incidence:overall:injuryTissueType_concussion_incidence,approximate_hours_from_matched_crude_reported_rate,90909.09090909090909090909091,,Approximate point derivation from reported rate; original precision unverified; no rounding bounds claimed.,false,,,,,international 2012-2022; men's domestic 2013-2022; women's domestic 2018-2022,,up to 10 seasons,retrospective analysis (prospective data),,,,Time loss,time loss [medically diagnosed concussion],,club/team physiotherapists and medical doctors,,days before return to training or match play; reported as median (IQR),,,,unclassified_row,standardised.csv source row; candidate review flag multiple_rows_same_paper where present,,,,,not_documented_in_bounded_inventory,not_individually_adjudicated,not_yet_classified,,,supported_restricted_scope_from_sole_time_loss_definition,,40,injuryTimeLossCount,,,analysis-source-context.csv,sourceDataRow,concussion_scope_review,,,concussion,cohort_overlap_review | outcome_scope_review | multiple_rows_same_paper | current_session_only_not_ruled_out | time_loss_outcome_alignment_review,,,,,,hold,"The source labels the outcome time loss, but its threshold is unconfirmed. The approved protocol routes this to threshold sensitivity, not a global hold. The parent rate equals a category rate and the source title/definition identifies a restricted outcome. Do not label the parent as all injuries.","analysis master: source CSV: injuryTimeLossCount, injuryIncidenceOverall, totalExposure",sensitivity,duplicate,S5158,The alignment pair review confirms that this generic representation is the same restricted source outcome as the retained descriptor-rich detailed representation.,matching-overall-category-adjudication.csv; analysis master paper_title and time_loss_definition; equality deliberately not used as evidence,925,observed_count_and_approximate_inferred_exposure,true,"Saved master retains an observed count, a same-setting crude per-1,000-hour rate and a compatible time-loss definition. Rounded-rate inversion is approximate only; no model eligibility.",incidence|overall|restricted_medically_diagnosed_concussion||concussion|medically diagnosed concussion||,false,likelihood_and_target_selection_pending
926,S5158,S5158,The incidence and burden of concussion in men's and women's English professional football.,10.1136/bmjsem-2024-002297,S5158,Men's domestic,overall,restricted_medically_diagnosed_concussion,time loss [medically diagnosed concussion],source_defined_threshold_unconfirmed,Male,Adult,Professional/international,England,Football,concussions per 1000 player-hours,days lost per 1000 player-hours,player-hours,source construction requires review,,"source CSV: injuryTimeLossCount, injuryIncidenceOverall, totalExposure",,926:incidence:overall:main,188,,0.17,0.17,,,,injuryTimeLossCount,injuryIncidenceOverall,,concussion,medically diagnosed concussion,,,,restricted_medically_diagnosed_concussion,incidence,0.17,,926,/Users/abdelbabiker/Desktop/GBI-DE-MVP-main/Bayesian Analysis/analysis/model-input-releases/2026-09-14-injury-candidates/standardised.csv,duplicate_representation,false,true,not_yet_classified,true,reviewed_see_alignment_decision,duplicate,hold,S5158:multiple_rows,926:incidence:overall:injuryTissueType_concussion_incidence,approximate_hours_from_matched_crude_reported_rate,1105882.352941176470588235294,,Approximate point derivation from reported rate; original precision unverified; no rounding bounds claimed.,false,,,,,international 2012-2022; men's domestic 2013-2022; women's domestic 2018-2022,,up to 10 seasons,retrospective analysis (prospective data),,,,Time loss,time loss [medically diagnosed concussion],,club/team physiotherapists and medical doctors,,days before return to training or match play; reported as median (IQR),,,,unclassified_row,standardised.csv source row; candidate review flag multiple_rows_same_paper where present,,,,,not_documented_in_bounded_inventory,not_individually_adjudicated,not_yet_classified,,,supported_restricted_scope_from_sole_time_loss_definition,,188,injuryTimeLossCount,,,analysis-source-context.csv,sourceDataRow,concussion_scope_review,,,concussion,cohort_overlap_review | outcome_scope_review | multiple_rows_same_paper | current_session_only_not_ruled_out | time_loss_outcome_alignment_review,,,,,,hold,"The source labels the outcome time loss, but its threshold is unconfirmed. The approved protocol routes this to threshold sensitivity, not a global hold. The parent rate equals a category rate and the source title/definition identifies a restricted outcome. Do not label the parent as all injuries.","analysis master: source CSV: injuryTimeLossCount, injuryIncidenceOverall, totalExposure",sensitivity,duplicate,S5158,The alignment pair review confirms that this generic representation is the same restricted source outcome as the retained descriptor-rich detailed representation.,matching-overall-category-adjudication.csv; analysis master paper_title and time_loss_definition; equality deliberately not used as evidence,926,observed_count_and_approximate_inferred_exposure,true,"Saved master retains an observed count, a same-setting crude per-1,000-hour rate and a compatible time-loss definition. Rounded-rate inversion is approximate only; no model eligibility.",incidence|overall|restricted_medically_diagnosed_concussion||concussion|medically diagnosed concussion||,false,likelihood_and_target_selection_pending
927,S5158,S5158,The incidence and burden of concussion in men's and women's English professional football.,10.1136/bmjsem-2024-002297,S5158,Women's domestic,overall,restricted_medically_diagnosed_concussion,time loss [medically diagnosed concussion],source_defined_threshold_unconfirmed,Female,Adult,Professional/international,England,Football,concussions per 1000 player-hours,days lost per 1000 player-hours,player-hours,source construction requires review,,"source CSV: injuryTimeLossCount, injuryIncidenceOverall, totalExposure",,927:incidence:overall:main,83,,0.46,0.46,,,,injuryTimeLossCount,injuryIncidenceOverall,,concussion,medically diagnosed concussion,,,,restricted_medically_diagnosed_concussion,incidence,0.46,,927,/Users/abdelbabiker/Desktop/GBI-DE-MVP-main/Bayesian Analysis/analysis/model-input-releases/2026-09-14-injury-candidates/standardised.csv,duplicate_representation,false,true,not_yet_classified,true,reviewed_see_alignment_decision,duplicate,hold,S5158:multiple_rows,927:incidence:overall:injuryTissueType_concussion_incidence,approximate_hours_from_matched_crude_reported_rate,180434.7826086956521739130435,,Approximate point derivation from reported rate; original precision unverified; no rounding bounds claimed.,false,,,,,international 2012-2022; men's domestic 2013-2022; women's domestic 2018-2022,,up to 10 seasons,retrospective analysis (prospective data),,,,Time loss,time loss [medically diagnosed concussion],,club/team physiotherapists and medical doctors,,days before return to training or match play; reported as median (IQR),,,,unclassified_row,standardised.csv source row; candidate review flag multiple_rows_same_paper where present,,,,,not_documented_in_bounded_inventory,not_individually_adjudicated,not_yet_classified,,,supported_restricted_scope_from_sole_time_loss_definition,,83,injuryTimeLossCount,,,analysis-source-context.csv,sourceDataRow,concussion_scope_review,,,concussion,cohort_overlap_review | outcome_scope_review | multiple_rows_same_paper | current_session_only_not_ruled_out | time_loss_outcome_alignment_review,,,,,,hold,"The source labels the outcome time loss, but its threshold is unconfirmed. The approved protocol routes this to threshold sensitivity, not a global hold. The parent rate equals a category rate and the source title/definition identifies a restricted outcome. Do not label the parent as all injuries.","analysis master: source CSV: injuryTimeLossCount, injuryIncidenceOverall, totalExposure",sensitivity,duplicate,S5158,The alignment pair review confirms that this generic representation is the same restricted source outcome as the retained descriptor-rich detailed representation.,matching-overall-category-adjudication.csv; analysis master paper_title and time_loss_definition; equality deliberately not used as evidence,927,observed_count_and_approximate_inferred_exposure,true,"Saved master retains an observed count, a same-setting crude per-1,000-hour rate and a compatible time-loss definition. Rounded-rate inversion is approximate only; no model eligibility.",incidence|overall|restricted_medically_diagnosed_concussion||concussion|medically diagnosed concussion||,false,likelihood_and_target_selection_pending
976,S5396,S5396,Injury Epidemiology among Malaysian National Men's and Women's Football Teams: A Prospective Cohort Study during 2022-2023.,10.5704/MOJ.2603.015,S5396,Total women,overall,all_injuries,medical attention and time loss,source_defined_threshold_unconfirmed,Female,,,Malaysia,Football,per 1000 athlete-exposure hours,time-loss days per 1000 athlete-exposure hours,player-hours,source construction requires review,"[2026-07-10] Manual source extraction, GPT-5 high-reasoning review. Tables I-IV scanned. Six directly reported national-team rows retained; no pooled sex totals calculated. Table IV omits several women location metrics, so these remain blank.  Source: Tables I-IV, pp. 120-122.","source CSV: injuryTimeLossCount, injuryIncidenceTimeLossOverall, totalExposure",,976:incidence:overall:main,9,1698,5.3003533569,,5.3003533569,,,injuryTimeLossCount,injuryIncidenceTimeLossOverall,,,,,,,all_injuries,incidence,5.3003533569,,976,/Users/abdelbabiker/Desktop/GBI-DE-MVP-main/Bayesian Analysis/analysis/model-input-releases/2026-09-14-injury-candidates/standardised.csv,duplicate_representation,false,true,not_yet_classified,false,reviewed_see_alignment_decision,duplicate,supported,S5396:parent:976,977:incidence:overall:main;978:incidence:overall:main;979:incidence:overall:main,,,,,false,,,110,1,June 2022-June 2023,,1,prospective cohort,,,,Other,medical attention and time loss,,medical staff,,time loss: slight 0 days; minimal 1-3; mild 4-7; moderate 8-28; severe >28 days,ankle,,,parent,"standardised.csv sourceDataRow 976 and child rows 977,978,979; exact fields: sampleSizePlayers,totalExposure,injuryTotalCount,injuryTimeLossCount",,protocol-v2/eligibility-audit-2026-09-12/mixed-b/papers/S5396.json#/source_confirmed/metrics | protocol-v2/eligibility-audit-2026-09-12/mixed-b/papers/S5396.json#/source_confirmed/population_time_window | protocol-v2/eligibility-audit-2026-09-12/mixed-b/papers/S5396.json#/source_confirmed/metrics,direct_reported_team_exposure_table,"Team-level match exposure values are printed in Table II. | Team-level total, match and training exposure values are printed in Table II. | Team-level training exposure values are printed in Table II.",not_documented_in_bounded_inventory,not_individually_adjudicated,not_yet_classified,,,supported_all_injury_scope,,9,injuryTimeLossCount,,,analysis-source-context.csv,sourceDataRow,all_injuries_scope_review,,,,cohort_overlap_review | outcome_scope_review | multiple_rows_same_paper | current_session_only_not_ruled_out,,,,,,supported,"Saved source audit identifies a separate time-loss result; the threshold remains in the approved sensitivity route unless explicitly stated. A source-extracted rate is retained, but no count/hour pair or confidence interval is available for the numerical model route.",eligibility-audit-2026-09-12 adjudication-summary,sensitivity,duplicate,S5396,"Every named child reports this final metric, setting, outcome scope and threshold route, and each replacement is alignment-supported. The prior map verified an exhaustive numerical partition from three or more source quantity fields, so the parent is a duplicate representation.","standardised.csv sourceDataRow 976 and child rows 977,978,979; exact fields: sampleSizePlayers,totalExposure,injuryTotalCount,injuryTimeLossCount; complete alignment-supported child target coverage; selected child source rows=977;978;979",976,count_and_exposure,false,,incidence|overall|all_injuries|||||,false,likelihood_and_target_selection_pending
994,S551,S551,Injury Profile of Elite Male Young Soccer Players in a Spanish Professional Soccer Club: A Prospective Study During 4 Consecutive Seasons,10.1123/jsr.2019-0113,S551,Total,overall,all_injuries,time-loss,source_defined_threshold_unconfirmed,Male,,Youth academy,Spain,Football,number of injuries per 1000 hours of exposure,days lost per 1000 hours of exposure,player-hours,source construction requires review,,"source CSV: injuryTimeLossCount, injuryIncidenceOverall, totalExposure",,994:incidence:overall:main,464,158782,2.93,2.93,2.9222455946,,,injuryTimeLossCount,injuryIncidenceOverall,,,,,,,all_injuries,incidence,2.93,,994,/Users/abdelbabiker/Desktop/GBI-DE-MVP-main/Bayesian Analysis/analysis/model-input-releases/2026-09-14-injury-candidates/standardised.csv,duplicate_representation,false,true,not_yet_classified,false,reviewed_see_alignment_decision,duplicate,supported,S551:parent:994,995:incidence:overall:main;996:incidence:overall:main;997:incidence:overall:main;998:incidence:overall:main,,,,,false,,,309,7,2014/2015 to 2017/2018 (4 consecutive seasons),,4,prospective cohort,,,,Time loss,time-loss,,Medical Staff,same type and same location as a previous injury within 2 months of final rehabilitation day,slight 1-3 d; minor 4-7 d; moderate 8-28 d; major >28 d,thigh,,,parent,"standardised.csv sourceDataRow 994 and child rows 995,996,997,998; exact fields: totalExposure,injuryTotalCount,injuryTimeLossCount",,,,,not_documented_in_bounded_inventory,not_individually_adjudicated,not_yet_classified,,,supported_all_injury_scope,,464,injuryTimeLossCount,,,analysis-source-context.csv,sourceDataRow,all_injuries_scope_review,,,,cohort_overlap_review | outcome_scope_review | multiple_rows_same_paper | current_session_only_not_ruled_out | time_loss_outcome_alignment_review,,,,,,supported,"The source labels the outcome time loss, but its threshold is unconfirmed. The approved protocol routes this to threshold sensitivity, not a global hold. A source-extracted rate is retained, but no count/hour pair or confidence interval is available for the numerical model route.","analysis master: source CSV: injuryTimeLossCount, injuryIncidenceOverall, totalExposure",sensitivity,duplicate,S551,"Every named child reports this final metric, setting, outcome scope and threshold route, and each replacement is alignment-supported. The prior map verified an exhaustive numerical partition from three or more source quantity fields, so the parent is a duplicate representation.","standardised.csv sourceDataRow 994 and child rows 995,996,997,998; exact fields: totalExposure,injuryTotalCount,injuryTimeLossCount; complete alignment-supported child target coverage; selected child source rows=995;996;997;998",994,count_and_exposure,false,,incidence|overall|all_injuries|||||,false,likelihood_and_target_selection_pending
994,S551,S551,Injury Profile of Elite Male Young Soccer Players in a Spanish Professional Soccer Club: A Prospective Study During 4 Consecutive Seasons,10.1123/jsr.2019-0113,S551,Total,match,all_injuries,time-loss,source_defined_threshold_unconfirmed,Male,,Youth academy,Spain,Football,number of injuries per 1000 hours of exposure,days lost per 1000 hours of exposure,player-hours,source construction requires review,,"source CSV: injuryMatchTimeLossCount, injuryIncidenceMatch, matchExposure",,994:incidence:match:main,164,16135,10.16,10.16,10.1642392315,,,injuryMatchTimeLossCount,injuryIncidenceMatch,,,,,,,all_injuries,incidence,10.16,,994,/Users/abdelbabiker/Desktop/GBI-DE-MVP-main/Bayesian Analysis/analysis/model-input-releases/2026-09-14-injury-candidates/standardised.csv,duplicate_representation,false,true,not_yet_classified,false,reviewed_see_alignment_decision,duplicate,supported,S551:parent:994,995:incidence:match:main;996:incidence:match:main;997:incidence:match:main;998:incidence:match:main,,,,,false,,,309,7,2014/2015 to 2017/2018 (4 consecutive seasons),,4,prospective cohort,,,,Time loss,time-loss,,Medical Staff,same type and same location as a previous injury within 2 months of final rehabilitation day,slight 1-3 d; minor 4-7 d; moderate 8-28 d; major >28 d,thigh,,,parent,"standardised.csv sourceDataRow 994 and child rows 995,996,997,998; exact fields: totalExposure,injuryTotalCount,injuryTimeLossCount",,,,,not_documented_in_bounded_inventory,not_individually_adjudicated,not_yet_classified,,,supported_all_injury_scope,,164,injuryMatchTimeLossCount,,,analysis-source-context.csv,sourceDataRow,all_injuries_scope_review,,,,cohort_overlap_review | outcome_scope_review | multiple_rows_same_paper | current_session_only_not_ruled_out | time_loss_outcome_alignment_review,,,,,,supported,"The source labels the outcome time loss, but its threshold is unconfirmed. The approved protocol routes this to threshold sensitivity, not a global hold. A source-extracted rate is retained, but no count/hour pair or confidence interval is available for the numerical model route.","analysis master: source CSV: injuryMatchTimeLossCount, injuryIncidenceMatch, matchExposure",sensitivity,duplicate,S551,"Every named child reports this final metric, setting, outcome scope and threshold route, and each replacement is alignment-supported. The prior map verified an exhaustive numerical partition from three or more source quantity fields, so the parent is a duplicate representation.","standardised.csv sourceDataRow 994 and child rows 995,996,997,998; exact fields: totalExposure,injuryTotalCount,injuryTimeLossCount; complete alignment-supported child target coverage; selected child source rows=995;996;997;998",994,count_and_exposure,false,,incidence|match|all_injuries|||||,false,likelihood_and_target_selection_pending
994,S551,S551,Injury Profile of Elite Male Young Soccer Players in a Spanish Professional Soccer Club: A Prospective Study During 4 Consecutive Seasons,10.1123/jsr.2019-0113,S551,Total,training,all_injuries,time-loss,source_defined_threshold_unconfirmed,Male,,Youth academy,Spain,Football,number of injuries per 1000 hours of exposure,days lost per 1000 hours of exposure,player-hours,source construction requires review,,"source CSV: injuryTrainingTimeLossCount, injuryIncidenceTraining, trainingExposure",,994:incidence:training:main,300,142647,2.1,2.1,2.1030936508,,,injuryTrainingTimeLossCount,injuryIncidenceTraining,,,,,,,all_injuries,incidence,2.1,,994,/Users/abdelbabiker/Desktop/GBI-DE-MVP-main/Bayesian Analysis/analysis/model-input-releases/2026-09-14-injury-candidates/standardised.csv,duplicate_representation,false,true,not_yet_classified,false,reviewed_see_alignment_decision,duplicate,supported,S551:parent:994,995:incidence:training:main;996:incidence:training:main;997:incidence:training:main;998:incidence:training:main,,,,,false,,,309,7,2014/2015 to 2017/2018 (4 consecutive seasons),,4,prospective cohort,,,,Time loss,time-loss,,Medical Staff,same type and same location as a previous injury within 2 months of final rehabilitation day,slight 1-3 d; minor 4-7 d; moderate 8-28 d; major >28 d,thigh,,,parent,"standardised.csv sourceDataRow 994 and child rows 995,996,997,998; exact fields: totalExposure,injuryTotalCount,injuryTimeLossCount",,,,,not_documented_in_bounded_inventory,not_individually_adjudicated,not_yet_classified,,,supported_all_injury_scope,,300,injuryTrainingTimeLossCount,,,analysis-source-context.csv,sourceDataRow,all_injuries_scope_review,,,,cohort_overlap_review | outcome_scope_review | multiple_rows_same_paper | current_session_only_not_ruled_out | time_loss_outcome_alignment_review,,,,,,supported,"The source labels the outcome time loss, but its threshold is unconfirmed. The approved protocol routes this to threshold sensitivity, not a global hold. A source-extracted rate is retained, but no count/hour pair or confidence interval is available for the numerical model route.","analysis master: source CSV: injuryTrainingTimeLossCount, injuryIncidenceTraining, trainingExposure",sensitivity,duplicate,S551,"Every named child reports this final metric, setting, outcome scope and threshold route, and each replacement is alignment-supported. The prior map verified an exhaustive numerical partition from three or more source quantity fields, so the parent is a duplicate representation.","standardised.csv sourceDataRow 994 and child rows 995,996,997,998; exact fields: totalExposure,injuryTotalCount,injuryTimeLossCount; complete alignment-supported child target coverage; selected child source rows=995;996;997;998",994,count_and_exposure,false,,incidence|training|all_injuries|||||,false,likelihood_and_target_selection_pending
994,S551,S551,Injury Profile of Elite Male Young Soccer Players in a Spanish Professional Soccer Club: A Prospective Study During 4 Consecutive Seasons,10.1123/jsr.2019-0113,S551,Total,overall,injuryLocation_ankle,time-loss,source_defined_threshold_unconfirmed,Male,,Youth academy,Spain,Football,number of injuries per 1000 hours of exposure,days lost per 1000 hours of exposure,player-hours,source construction requires review,,source CSV: injuryLocation_ankle_incidence,,994:incidence:overall:injuryLocation_ankle_incidence,,158782,0.54,0.54,,,,,injuryLocation_ankle_incidence,ankle,,,,,,injuryLocation_ankle,incidence,0.54,,994,/Users/abdelbabiker/Desktop/GBI-DE-MVP-main/Bayesian Analysis/analysis/model-input-releases/2026-09-14-injury-candidates/standardised.csv,duplicate_representation,false,true,not_yet_classified,true,reviewed_see_alignment_decision,duplicate,supported,S551:parent:994,995:incidence:overall:injuryLocation_ankle_incidence;996:incidence:overall:injuryLocation_ankle_incidence;997:incidence:overall:injuryLocation_ankle_incidence;998:incidence:overall:injuryLocation_ankle_incidence,approximate_count_from_reported_rate,,85.74228,Approximate point calculation only. Original published precision and population alignment must be verified before use; no rounding bounds or confidence interval inferred.,false,,,309,7,2014/2015 to 2017/2018 (4 consecutive seasons),,4,prospective cohort,,,,Time loss,time-loss,,Medical Staff,same type and same location as a previous injury within 2 months of final rehabilitation day,slight 1-3 d; minor 4-7 d; moderate 8-28 d; major >28 d,thigh,,,parent,"standardised.csv sourceDataRow 994 and child rows 995,996,997,998; exact fields: totalExposure,injuryTotalCount,injuryTimeLossCount",,,,,not_documented_in_bounded_inventory,not_individually_adjudicated,not_yet_classified,,,supported_restricted_scope_from_sole_time_loss_definition,,,,,,analysis-source-context.csv,sourceDataRow,injuryLocation_ankle,ankle,,,cohort_overlap_review | outcome_scope_review | multiple_rows_same_paper | current_session_only_not_ruled_out | detailed_outcome_definition_and_setting_review,,,,,,supported,"The source labels the outcome time loss, but its threshold is unconfirmed. The approved protocol routes this to threshold sensitivity, not a global hold. The study uses a sole time-loss definition, which applies to this reported detailed rate; no conflicting source-context flag is retained.",analysis master: source CSV: injuryLocation_ankle_incidence,sensitivity,duplicate,S551,"Every named child reports this final metric, setting, outcome scope and threshold route, and each replacement is alignment-supported. The prior map verified an exhaustive numerical partition from three or more source quantity fields, so the parent is a duplicate representation.","standardised.csv sourceDataRow 994 and child rows 995,996,997,998; exact fields: totalExposure,injuryTotalCount,injuryTimeLossCount; complete alignment-supported child target coverage; selected child source rows=995;996;997;998",994,descriptive_rate_without_usable_sampling_information,false,,incidence|overall|injuryLocation_ankle|ankle||||,false,likelihood_and_target_selection_pending
994,S551,S551,Injury Profile of Elite Male Young Soccer Players in a Spanish Professional Soccer Club: A Prospective Study During 4 Consecutive Seasons,10.1123/jsr.2019-0113,S551,Total,overall,injuryLocation_foot,time-loss,source_defined_threshold_unconfirmed,Male,,Youth academy,Spain,Football,number of injuries per 1000 hours of exposure,days lost per 1000 hours of exposure,player-hours,source construction requires review,,source CSV: injuryLocation_foot_incidence,,994:incidence:overall:injuryLocation_foot_incidence,,158782,0.07,0.07,,,,,injuryLocation_foot_incidence,foot,,,,,,injuryLocation_foot,incidence,0.07,,994,/Users/abdelbabiker/Desktop/GBI-DE-MVP-main/Bayesian Analysis/analysis/model-input-releases/2026-09-14-injury-candidates/standardised.csv,duplicate_representation,false,true,not_yet_classified,true,reviewed_see_alignment_decision,duplicate,supported,S551:parent:994,995:incidence:overall:injuryLocation_foot_incidence;996:incidence:overall:injuryLocation_foot_incidence;997:incidence:overall:injuryLocation_foot_incidence;998:incidence:overall:injuryLocation_foot_incidence,approximate_count_from_reported_rate,,11.11474,Approximate point calculation only. Original published precision and population alignment must be verified before use; no rounding bounds or confidence interval inferred.,false,,,309,7,2014/2015 to 2017/2018 (4 consecutive seasons),,4,prospective cohort,,,,Time loss,time-loss,,Medical Staff,same type and same location as a previous injury within 2 months of final rehabilitation day,slight 1-3 d; minor 4-7 d; moderate 8-28 d; major >28 d,thigh,,,parent,"standardised.csv sourceDataRow 994 and child rows 995,996,997,998; exact fields: totalExposure,injuryTotalCount,injuryTimeLossCount",,,,,not_documented_in_bounded_inventory,not_individually_adjudicated,not_yet_classified,,,supported_restricted_scope_from_sole_time_loss_definition,,,,,,analysis-source-context.csv,sourceDataRow,injuryLocation_foot,foot,,,cohort_overlap_review | outcome_scope_review | multiple_rows_same_paper | current_session_only_not_ruled_out | detailed_outcome_definition_and_setting_review,,,,,,supported,"The source labels the outcome time loss, but its threshold is unconfirmed. The approved protocol routes this to threshold sensitivity, not a global hold. The study uses a sole time-loss definition, which applies to this reported detailed rate; no conflicting source-context flag is retained.",analysis master: source CSV: injuryLocation_foot_incidence,sensitivity,duplicate,S551,"Every named child reports this final metric, setting, outcome scope and threshold route, and each replacement is alignment-supported. The prior map verified an exhaustive numerical partition from three or more source quantity fields, so the parent is a duplicate representation.","standardised.csv sourceDataRow 994 and child rows 995,996,997,998; exact fields: totalExposure,injuryTotalCount,injuryTimeLossCount; complete alignment-supported child target coverage; selected child source rows=995;996;997;998",994,descriptive_rate_without_usable_sampling_information,false,,incidence|overall|injuryLocation_foot|foot||||,false,likelihood_and_target_selection_pending
994,S551,S551,Injury Profile of Elite Male Young Soccer Players in a Spanish Professional Soccer Club: A Prospective Study During 4 Consecutive Seasons,10.1123/jsr.2019-0113,S551,Total,overall,injuryLocation_head_neck_overall,time-loss,source_defined_threshold_unconfirmed,Male,,Youth academy,Spain,Football,number of injuries per 1000 hours of exposure,days lost per 1000 hours of exposure,player-hours,source construction requires review,,source CSV: injuryLocation_head_neck_overall_incidence,,994:incidence:overall:injuryLocation_head_neck_overall_incidence,,158782,0.06,0.06,,,,,injuryLocation_head_neck_overall_incidence,head neck overall,,,,,,injuryLocation_head_neck_overall,incidence,0.06,,994,/Users/abdelbabiker/Desktop/GBI-DE-MVP-main/Bayesian Analysis/analysis/model-input-releases/2026-09-14-injury-candidates/standardised.csv,duplicate_representation,false,true,not_yet_classified,true,reviewed_see_alignment_decision,duplicate,supported,S551:parent:994,995:incidence:overall:injuryLocation_head_neck_overall_incidence;996:incidence:overall:injuryLocation_head_neck_overall_incidence;997:incidence:overall:injuryLocation_head_neck_overall_incidence;998:incidence:overall:injuryLocation_head_neck_overall_incidence,approximate_count_from_reported_rate,,9.52692,Approximate point calculation only. Original published precision and population alignment must be verified before use; no rounding bounds or confidence interval inferred.,false,,,309,7,2014/2015 to 2017/2018 (4 consecutive seasons),,4,prospective cohort,,,,Time loss,time-loss,,Medical Staff,same type and same location as a previous injury within 2 months of final rehabilitation day,slight 1-3 d; minor 4-7 d; moderate 8-28 d; major >28 d,thigh,,,parent,"standardised.csv sourceDataRow 994 and child rows 995,996,997,998; exact fields: totalExposure,injuryTotalCount,injuryTimeLossCount",,,,,not_documented_in_bounded_inventory,not_individually_adjudicated,not_yet_classified,,,supported_restricted_scope_from_sole_time_loss_definition,,,,,,analysis-source-context.csv,sourceDataRow,injuryLocation_head_neck_overall,head neck overall,,,cohort_overlap_review | outcome_scope_review | multiple_rows_same_paper | current_session_only_not_ruled_out | detailed_outcome_definition_and_setting_review,,,,,,supported,"The source labels the outcome time loss, but its threshold is unconfirmed. The approved protocol routes this to threshold sensitivity, not a global hold. The study uses a sole time-loss definition, which applies to this reported detailed rate; no conflicting source-context flag is retained.",analysis master: source CSV: injuryLocation_head_neck_overall_incidence,sensitivity,duplicate,S551,"Every named child reports this final metric, setting, outcome scope and threshold route, and each replacement is alignment-supported. The prior map verified an exhaustive numerical partition from three or more source quantity fields, so the parent is a duplicate representation.","standardised.csv sourceDataRow 994 and child rows 995,996,997,998; exact fields: totalExposure,injuryTotalCount,injuryTimeLossCount; complete alignment-supported child target coverage; selected child source rows=995;996;997;998",994,descriptive_rate_without_usable_sampling_information,false,,incidence|overall|injuryLocation_head_neck_overall|head neck overall||||,false,likelihood_and_target_selection_pending
994,S551,S551,Injury Profile of Elite Male Young Soccer Players in a Spanish Professional Soccer Club: A Prospective Study During 4 Consecutive Seasons,10.1123/jsr.2019-0113,S551,Total,overall,injuryLocation_knee,time-loss,source_defined_threshold_unconfirmed,Male,,Youth academy,Spain,Football,number of injuries per 1000 hours of exposure,days lost per 1000 hours of exposure,player-hours,source construction requires review,,source CSV: injuryLocation_knee_incidence,,994:incidence:overall:injuryLocation_knee_incidence,,158782,0.48,0.48,,,,,injuryLocation_knee_incidence,knee,,,,,,injuryLocation_knee,incidence,0.48,,994,/Users/abdelbabiker/Desktop/GBI-DE-MVP-main/Bayesian Analysis/analysis/model-input-releases/2026-09-14-injury-candidates/standardised.csv,duplicate_representation,false,true,not_yet_classified,true,reviewed_see_alignment_decision,duplicate,supported,S551:parent:994,995:incidence:overall:injuryLocation_knee_incidence;996:incidence:overall:injuryLocation_knee_incidence;997:incidence:overall:injuryLocation_knee_incidence;998:incidence:overall:injuryLocation_knee_incidence,approximate_count_from_reported_rate,,76.21536,Approximate point calculation only. Original published precision and population alignment must be verified before use; no rounding bounds or confidence interval inferred.,false,,,309,7,2014/2015 to 2017/2018 (4 consecutive seasons),,4,prospective cohort,,,,Time loss,time-loss,,Medical Staff,same type and same location as a previous injury within 2 months of final rehabilitation day,slight 1-3 d; minor 4-7 d; moderate 8-28 d; major >28 d,thigh,,,parent,"standardised.csv sourceDataRow 994 and child rows 995,996,997,998; exact fields: totalExposure,injuryTotalCount,injuryTimeLossCount",,,,,not_documented_in_bounded_inventory,not_individually_adjudicated,not_yet_classified,,,supported_restricted_scope_from_sole_time_loss_definition,,,,,,analysis-source-context.csv,sourceDataRow,injuryLocation_knee,knee,,,cohort_overlap_review | outcome_scope_review | multiple_rows_same_paper | current_session_only_not_ruled_out | detailed_outcome_definition_and_setting_review,,,,,,supported,"The source labels the outcome time loss, but its threshold is unconfirmed. The approved protocol routes this to threshold sensitivity, not a global hold. The study uses a sole time-loss definition, which applies to this reported detailed rate; no conflicting source-context flag is retained.",analysis master: source CSV: injuryLocation_knee_incidence,sensitivity,duplicate,S551,"Every named child reports this final metric, setting, outcome scope and threshold route, and each replacement is alignment-supported. The prior map verified an exhaustive numerical partition from three or more source quantity fields, so the parent is a duplicate representation.","standardised.csv sourceDataRow 994 and child rows 995,996,997,998; exact fields: totalExposure,injuryTotalCount,injuryTimeLossCount; complete alignment-supported child target coverage; selected child source rows=995;996;997;998",994,descriptive_rate_without_usable_sampling_information,false,,incidence|overall|injuryLocation_knee|knee||||,false,likelihood_and_target_selection_pending
994,S551,S551,Injury Profile of Elite Male Young Soccer Players in a Spanish Professional Soccer Club: A Prospective Study During 4 Consecutive Seasons,10.1123/jsr.2019-0113,S551,Total,overall,injuryLocation_lower_leg,time-loss,source_defined_threshold_unconfirmed,Male,,Youth academy,Spain,Football,number of injuries per 1000 hours of exposure,days lost per 1000 hours of exposure,player-hours,source construction requires review,,source CSV: injuryLocation_lower_leg_incidence,,994:incidence:overall:injuryLocation_lower_leg_incidence,,158782,0.35,0.35,,,,,injuryLocation_lower_leg_incidence,lower leg,,,,,,injuryLocation_lower_leg,incidence,0.35,,994,/Users/abdelbabiker/Desktop/GBI-DE-MVP-main/Bayesian Analysis/analysis/model-input-releases/2026-09-14-injury-candidates/standardised.csv,duplicate_representation,false,true,not_yet_classified,true,reviewed_see_alignment_decision,duplicate,supported,S551:parent:994,995:incidence:overall:injuryLocation_lower_leg_incidence;996:incidence:overall:injuryLocation_lower_leg_incidence;997:incidence:overall:injuryLocation_lower_leg_incidence;998:incidence:overall:injuryLocation_lower_leg_incidence,approximate_count_from_reported_rate,,55.5737,Approximate point calculation only. Original published precision and population alignment must be verified before use; no rounding bounds or confidence interval inferred.,false,,,309,7,2014/2015 to 2017/2018 (4 consecutive seasons),,4,prospective cohort,,,,Time loss,time-loss,,Medical Staff,same type and same location as a previous injury within 2 months of final rehabilitation day,slight 1-3 d; minor 4-7 d; moderate 8-28 d; major >28 d,thigh,,,parent,"standardised.csv sourceDataRow 994 and child rows 995,996,997,998; exact fields: totalExposure,injuryTotalCount,injuryTimeLossCount",,,,,not_documented_in_bounded_inventory,not_individually_adjudicated,not_yet_classified,,,supported_restricted_scope_from_sole_time_loss_definition,,,,,,analysis-source-context.csv,sourceDataRow,injuryLocation_lower_leg,lower leg,,,cohort_overlap_review | outcome_scope_review | multiple_rows_same_paper | current_session_only_not_ruled_out | detailed_outcome_definition_and_setting_review,,,,,,supported,"The source labels the outcome time loss, but its threshold is unconfirmed. The approved protocol routes this to threshold sensitivity, not a global hold. The study uses a sole time-loss definition, which applies to this reported detailed rate; no conflicting source-context flag is retained.",analysis master: source CSV: injuryLocation_lower_leg_incidence,sensitivity,duplicate,S551,"Every named child reports this final metric, setting, outcome scope and threshold route, and each replacement is alignment-supported. The prior map verified an exhaustive numerical partition from three or more source quantity fields, so the parent is a duplicate representation.","standardised.csv sourceDataRow 994 and child rows 995,996,997,998; exact fields: totalExposure,injuryTotalCount,injuryTimeLossCount; complete alignment-supported child target coverage; selected child source rows=995;996;997;998",994,descriptive_rate_without_usable_sampling_information,false,,incidence|overall|injuryLocation_lower_leg|lower leg||||,false,likelihood_and_target_selection_pending
994,S551,S551,Injury Profile of Elite Male Young Soccer Players in a Spanish Professional Soccer Club: A Prospective Study During 4 Consecutive Seasons,10.1123/jsr.2019-0113,S551,Total,overall,injuryLocation_lower_limb_overall,time-loss,source_defined_threshold_unconfirmed,Male,,Youth academy,Spain,Football,number of injuries per 1000 hours of exposure,days lost per 1000 hours of exposure,player-hours,source construction requires review,,source CSV: injuryLocation_lower_limb_overall_incidence,,994:incidence:overall:injuryLocation_lower_limb_overall_incidence,,158782,2.75,2.75,,,,,injuryLocation_lower_limb_overall_incidence,lower limb overall,,,,,,injuryLocation_lower_limb_overall,incidence,2.75,,994,/Users/abdelbabiker/Desktop/GBI-DE-MVP-main/Bayesian Analysis/analysis/model-input-releases/2026-09-14-injury-candidates/standardised.csv,duplicate_representation,false,true,not_yet_classified,true,reviewed_see_alignment_decision,duplicate,supported,S551:parent:994,995:incidence:overall:injuryLocation_lower_limb_overall_incidence;996:incidence:overall:injuryLocation_lower_limb_overall_incidence;997:incidence:overall:injuryLocation_lower_limb_overall_incidence;998:incidence:overall:injuryLocation_lower_limb_overall_incidence,approximate_count_from_reported_rate,,436.6505,Approximate point calculation only. Original published precision and population alignment must be verified before use; no rounding bounds or confidence interval inferred.,false,,,309,7,2014/2015 to 2017/2018 (4 consecutive seasons),,4,prospective cohort,,,,Time loss,time-loss,,Medical Staff,same type and same location as a previous injury within 2 months of final rehabilitation day,slight 1-3 d; minor 4-7 d; moderate 8-28 d; major >28 d,thigh,,,parent,"standardised.csv sourceDataRow 994 and child rows 995,996,997,998; exact fields: totalExposure,injuryTotalCount,injuryTimeLossCount",,,,,not_documented_in_bounded_inventory,not_individually_adjudicated,not_yet_classified,,,supported_restricted_scope_from_sole_time_loss_definition,,,,,,analysis-source-context.csv,sourceDataRow,injuryLocation_lower_limb_overall,lower limb overall,,,cohort_overlap_review | outcome_scope_review | multiple_rows_same_paper | current_session_only_not_ruled_out | detailed_outcome_definition_and_setting_review,,,,,,supported,"The source labels the outcome time loss, but its threshold is unconfirmed. The approved protocol routes this to threshold sensitivity, not a global hold. The study uses a sole time-loss definition, which applies to this reported detailed rate; no conflicting source-context flag is retained.",analysis master: source CSV: injuryLocation_lower_limb_overall_incidence,sensitivity,duplicate,S551,"Every named child reports this final metric, setting, outcome scope and threshold route, and each replacement is alignment-supported. The prior map verified an exhaustive numerical partition from three or more source quantity fields, so the parent is a duplicate representation.","standardised.csv sourceDataRow 994 and child rows 995,996,997,998; exact fields: totalExposure,injuryTotalCount,injuryTimeLossCount; complete alignment-supported child target coverage; selected child source rows=995;996;997;998",994,descriptive_rate_without_usable_sampling_information,false,,incidence|overall|injuryLocation_lower_limb_overall|lower limb overall||||,false,likelihood_and_target_selection_pending
994,S551,S551,Injury Profile of Elite Male Young Soccer Players in a Spanish Professional Soccer Club: A Prospective Study During 4 Consecutive Seasons,10.1123/jsr.2019-0113,S551,Total,overall,injuryLocation_thigh,time-loss,source_defined_threshold_unconfirmed,Male,,Youth academy,Spain,Football,number of injuries per 1000 hours of exposure,days lost per 1000 hours of exposure,player-hours,source construction requires review,,source CSV: injuryLocation_thigh_incidence,,994:incidence:overall:injuryLocation_thigh_incidence,,158782,0.76,0.76,,,,,injuryLocation_thigh_incidence,thigh,,,,,,injuryLocation_thigh,incidence,0.76,,994,/Users/abdelbabiker/Desktop/GBI-DE-MVP-main/Bayesian Analysis/analysis/model-input-releases/2026-09-14-injury-candidates/standardised.csv,duplicate_representation,false,true,not_yet_classified,true,reviewed_see_alignment_decision,duplicate,supported,S551:parent:994,995:incidence:overall:injuryLocation_thigh_incidence;996:incidence:overall:injuryLocation_thigh_incidence;997:incidence:overall:injuryLocation_thigh_incidence;998:incidence:overall:injuryLocation_thigh_incidence,approximate_count_from_reported_rate,,120.67432,Approximate point calculation only. Original published precision and population alignment must be verified before use; no rounding bounds or confidence interval inferred.,false,,,309,7,2014/2015 to 2017/2018 (4 consecutive seasons),,4,prospective cohort,,,,Time loss,time-loss,,Medical Staff,same type and same location as a previous injury within 2 months of final rehabilitation day,slight 1-3 d; minor 4-7 d; moderate 8-28 d; major >28 d,thigh,,,parent,"standardised.csv sourceDataRow 994 and child rows 995,996,997,998; exact fields: totalExposure,injuryTotalCount,injuryTimeLossCount",,,,,not_documented_in_bounded_inventory,not_individually_adjudicated,not_yet_classified,,,supported_restricted_scope_from_sole_time_loss_definition,,,,,,analysis-source-context.csv,sourceDataRow,injuryLocation_thigh,thigh,,,cohort_overlap_review | outcome_scope_review | multiple_rows_same_paper | current_session_only_not_ruled_out | detailed_outcome_definition_and_setting_review,,,,,,supported,"The source labels the outcome time loss, but its threshold is unconfirmed. The approved protocol routes this to threshold sensitivity, not a global hold. The study uses a sole time-loss definition, which applies to this reported detailed rate; no conflicting source-context flag is retained.",analysis master: source CSV: injuryLocation_thigh_incidence,sensitivity,duplicate,S551,"Every named child reports this final metric, setting, outcome scope and threshold route, and each replacement is alignment-supported. The prior map verified an exhaustive numerical partition from three or more source quantity fields, so the parent is a duplicate representation.","standardised.csv sourceDataRow 994 and child rows 995,996,997,998; exact fields: totalExposure,injuryTotalCount,injuryTimeLossCount; complete alignment-supported child target coverage; selected child source rows=995;996;997;998",994,descriptive_rate_without_usable_sampling_information,false,,incidence|overall|injuryLocation_thigh|thigh||||,false,likelihood_and_target_selection_pending
994,S551,S551,Injury Profile of Elite Male Young Soccer Players in a Spanish Professional Soccer Club: A Prospective Study During 4 Consecutive Seasons,10.1123/jsr.2019-0113,S551,Total,overall,injuryLocation_trunk_overall,time-loss,source_defined_threshold_unconfirmed,Male,,Youth academy,Spain,Football,number of injuries per 1000 hours of exposure,days lost per 1000 hours of exposure,player-hours,source construction requires review,,source CSV: injuryLocation_trunk_overall_incidence,,994:incidence:overall:injuryLocation_trunk_overall_incidence,,158782,0.07,0.07,,,,,injuryLocation_trunk_overall_incidence,trunk overall,,,,,,injuryLocation_trunk_overall,incidence,0.07,,994,/Users/abdelbabiker/Desktop/GBI-DE-MVP-main/Bayesian Analysis/analysis/model-input-releases/2026-09-14-injury-candidates/standardised.csv,duplicate_representation,false,true,not_yet_classified,true,reviewed_see_alignment_decision,duplicate,supported,S551:parent:994,995:incidence:overall:injuryLocation_trunk_overall_incidence;996:incidence:overall:injuryLocation_trunk_overall_incidence;997:incidence:overall:injuryLocation_trunk_overall_incidence;998:incidence:overall:injuryLocation_trunk_overall_incidence,approximate_count_from_reported_rate,,11.11474,Approximate point calculation only. Original published precision and population alignment must be verified before use; no rounding bounds or confidence interval inferred.,false,,,309,7,2014/2015 to 2017/2018 (4 consecutive seasons),,4,prospective cohort,,,,Time loss,time-loss,,Medical Staff,same type and same location as a previous injury within 2 months of final rehabilitation day,slight 1-3 d; minor 4-7 d; moderate 8-28 d; major >28 d,thigh,,,parent,"standardised.csv sourceDataRow 994 and child rows 995,996,997,998; exact fields: totalExposure,injuryTotalCount,injuryTimeLossCount",,,,,not_documented_in_bounded_inventory,not_individually_adjudicated,not_yet_classified,,,supported_restricted_scope_from_sole_time_loss_definition,,,,,,analysis-source-context.csv,sourceDataRow,injuryLocation_trunk_overall,trunk overall,,,cohort_overlap_review | outcome_scope_review | multiple_rows_same_paper | current_session_only_not_ruled_out | detailed_outcome_definition_and_setting_review,,,,,,supported,"The source labels the outcome time loss, but its threshold is unconfirmed. The approved protocol routes this to threshold sensitivity, not a global hold. The study uses a sole time-loss definition, which applies to this reported detailed rate; no conflicting source-context flag is retained.",analysis master: source CSV: injuryLocation_trunk_overall_incidence,sensitivity,duplicate,S551,"Every named child reports this final metric, setting, outcome scope and threshold route, and each replacement is alignment-supported. The prior map verified an exhaustive numerical partition from three or more source quantity fields, so the parent is a duplicate representation.","standardised.csv sourceDataRow 994 and child rows 995,996,997,998; exact fields: totalExposure,injuryTotalCount,injuryTimeLossCount; complete alignment-supported child target coverage; selected child source rows=995;996;997;998",994,descriptive_rate_without_usable_sampling_information,false,,incidence|overall|injuryLocation_trunk_overall|trunk overall||||,false,likelihood_and_target_selection_pending
994,S551,S551,Injury Profile of Elite Male Young Soccer Players in a Spanish Professional Soccer Club: A Prospective Study During 4 Consecutive Seasons,10.1123/jsr.2019-0113,S551,Total,overall,injuryLocation_upper_limb_overall,time-loss,source_defined_threshold_unconfirmed,Male,,Youth academy,Spain,Football,number of injuries per 1000 hours of exposure,days lost per 1000 hours of exposure,player-hours,source construction requires review,,source CSV: injuryLocation_upper_limb_overall_incidence,,994:incidence:overall:injuryLocation_upper_limb_overall_incidence,,158782,0.05,0.05,,,,,injuryLocation_upper_limb_overall_incidence,upper limb overall,,,,,,injuryLocation_upper_limb_overall,incidence,0.05,,994,/Users/abdelbabiker/Desktop/GBI-DE-MVP-main/Bayesian Analysis/analysis/model-input-releases/2026-09-14-injury-candidates/standardised.csv,duplicate_representation,false,true,not_yet_classified,true,reviewed_see_alignment_decision,duplicate,supported,S551:parent:994,995:incidence:overall:injuryLocation_upper_limb_overall_incidence;996:incidence:overall:injuryLocation_upper_limb_overall_incidence;997:incidence:overall:injuryLocation_upper_limb_overall_incidence;998:incidence:overall:injuryLocation_upper_limb_overall_incidence,approximate_count_from_reported_rate,,7.9391,Approximate point calculation only. Original published precision and population alignment must be verified before use; no rounding bounds or confidence interval inferred.,false,,,309,7,2014/2015 to 2017/2018 (4 consecutive seasons),,4,prospective cohort,,,,Time loss,time-loss,,Medical Staff,same type and same location as a previous injury within 2 months of final rehabilitation day,slight 1-3 d; minor 4-7 d; moderate 8-28 d; major >28 d,thigh,,,parent,"standardised.csv sourceDataRow 994 and child rows 995,996,997,998; exact fields: totalExposure,injuryTotalCount,injuryTimeLossCount",,,,,not_documented_in_bounded_inventory,not_individually_adjudicated,not_yet_classified,,,supported_restricted_scope_from_sole_time_loss_definition,,,,,,analysis-source-context.csv,sourceDataRow,injuryLocation_upper_limb_overall,upper limb overall,,,cohort_overlap_review | outcome_scope_review | multiple_rows_same_paper | current_session_only_not_ruled_out | detailed_outcome_definition_and_setting_review,,,,,,supported,"The source labels the outcome time loss, but its threshold is unconfirmed. The approved protocol routes this to threshold sensitivity, not a global hold. The study uses a sole time-loss definition, which applies to this reported detailed rate; no conflicting source-context flag is retained.",analysis master: source CSV: injuryLocation_upper_limb_overall_incidence,sensitivity,duplicate,S551,"Every named child reports this final metric, setting, outcome scope and threshold route, and each replacement is alignment-supported. The prior map verified an exhaustive numerical partition from three or more source quantity fields, so the parent is a duplicate representation.","standardised.csv sourceDataRow 994 and child rows 995,996,997,998; exact fields: totalExposure,injuryTotalCount,injuryTimeLossCount; complete alignment-supported child target coverage; selected child source rows=995;996;997;998",994,descriptive_rate_without_usable_sampling_information,false,,incidence|overall|injuryLocation_upper_limb_overall|upper limb overall||||,false,likelihood_and_target_selection_pending
994,S551,S551,Injury Profile of Elite Male Young Soccer Players in a Spanish Professional Soccer Club: A Prospective Study During 4 Consecutive Seasons,10.1123/jsr.2019-0113,S551,Total,overall,injuryTissueType_joint_sprain,time-loss,source_defined_threshold_unconfirmed,Male,,Youth academy,Spain,Football,number of injuries per 1000 hours of exposure,days lost per 1000 hours of exposure,player-hours,source construction requires review,,source CSV: injuryTissueType_joint_sprain_incidence,,994:incidence:overall:injuryTissueType_joint_sprain_incidence,,158782,0.92,0.92,,,,,injuryTissueType_joint_sprain_incidence,,joint sprain,,,,,injuryTissueType_joint_sprain,incidence,0.92,,994,/Users/abdelbabiker/Desktop/GBI-DE-MVP-main/Bayesian Analysis/analysis/model-input-releases/2026-09-14-injury-candidates/standardised.csv,duplicate_representation,false,true,not_yet_classified,true,reviewed_see_alignment_decision,duplicate,supported,S551:parent:994,995:incidence:overall:injuryTissueType_joint_sprain_incidence;996:incidence:overall:injuryTissueType_joint_sprain_incidence;997:incidence:overall:injuryTissueType_joint_sprain_incidence;998:incidence:overall:injuryTissueType_joint_sprain_incidence,approximate_count_from_reported_rate,,146.07944,Approximate point calculation only. Original published precision and population alignment must be verified before use; no rounding bounds or confidence interval inferred.,false,,,309,7,2014/2015 to 2017/2018 (4 consecutive seasons),,4,prospective cohort,,,,Time loss,time-loss,,Medical Staff,same type and same location as a previous injury within 2 months of final rehabilitation day,slight 1-3 d; minor 4-7 d; moderate 8-28 d; major >28 d,thigh,,,parent,"standardised.csv sourceDataRow 994 and child rows 995,996,997,998; exact fields: totalExposure,injuryTotalCount,injuryTimeLossCount",,,,,not_documented_in_bounded_inventory,not_individually_adjudicated,not_yet_classified,,,supported_restricted_scope_from_sole_time_loss_definition,,,,,,analysis-source-context.csv,sourceDataRow,injuryTissueType_joint_sprain,,joint sprain,,cohort_overlap_review | outcome_scope_review | multiple_rows_same_paper | current_session_only_not_ruled_out | detailed_outcome_definition_and_setting_review,,,,,,supported,"The source labels the outcome time loss, but its threshold is unconfirmed. The approved protocol routes this to threshold sensitivity, not a global hold. The study uses a sole time-loss definition, which applies to this reported detailed rate; no conflicting source-context flag is retained.",analysis master: source CSV: injuryTissueType_joint_sprain_incidence,sensitivity,duplicate,S551,"Every named child reports this final metric, setting, outcome scope and threshold route, and each replacement is alignment-supported. The prior map verified an exhaustive numerical partition from three or more source quantity fields, so the parent is a duplicate representation.","standardised.csv sourceDataRow 994 and child rows 995,996,997,998; exact fields: totalExposure,injuryTotalCount,injuryTimeLossCount; complete alignment-supported child target coverage; selected child source rows=995;996;997;998",994,descriptive_rate_without_usable_sampling_information,false,,incidence|overall|injuryTissueType_joint_sprain||joint sprain|||,false,likelihood_and_target_selection_pending
994,S551,S551,Injury Profile of Elite Male Young Soccer Players in a Spanish Professional Soccer Club: A Prospective Study During 4 Consecutive Seasons,10.1123/jsr.2019-0113,S551,Total,overall,injuryTissueType_muscle_tendon,time-loss,source_defined_threshold_unconfirmed,Male,,Youth academy,Spain,Football,number of injuries per 1000 hours of exposure,days lost per 1000 hours of exposure,player-hours,source construction requires review,,source CSV: injuryTissueType_muscle_tendon_incidence,,994:incidence:overall:injuryTissueType_muscle_tendon_incidence,,158782,0.83,0.83,,,,,injuryTissueType_muscle_tendon_incidence,,muscle tendon,,,,,injuryTissueType_muscle_tendon,incidence,0.83,,994,/Users/abdelbabiker/Desktop/GBI-DE-MVP-main/Bayesian Analysis/analysis/model-input-releases/2026-09-14-injury-candidates/standardised.csv,duplicate_representation,false,true,not_yet_classified,true,reviewed_see_alignment_decision,duplicate,supported,S551:parent:994,995:incidence:overall:injuryTissueType_muscle_tendon_incidence;996:incidence:overall:injuryTissueType_muscle_tendon_incidence;997:incidence:overall:injuryTissueType_muscle_tendon_incidence;998:incidence:overall:injuryTissueType_muscle_tendon_incidence,approximate_count_from_reported_rate,,131.78906,Approximate point calculation only. Original published precision and population alignment must be verified before use; no rounding bounds or confidence interval inferred.,false,,,309,7,2014/2015 to 2017/2018 (4 consecutive seasons),,4,prospective cohort,,,,Time loss,time-loss,,Medical Staff,same type and same location as a previous injury within 2 months of final rehabilitation day,slight 1-3 d; minor 4-7 d; moderate 8-28 d; major >28 d,thigh,,,parent,"standardised.csv sourceDataRow 994 and child rows 995,996,997,998; exact fields: totalExposure,injuryTotalCount,injuryTimeLossCount",,,,,not_documented_in_bounded_inventory,not_individually_adjudicated,not_yet_classified,,,supported_restricted_scope_from_sole_time_loss_definition,,,,,,analysis-source-context.csv,sourceDataRow,injuryTissueType_muscle_tendon,,muscle tendon,,cohort_overlap_review | outcome_scope_review | multiple_rows_same_paper | current_session_only_not_ruled_out | detailed_outcome_definition_and_setting_review,,,,,,supported,"The source labels the outcome time loss, but its threshold is unconfirmed. The approved protocol routes this to threshold sensitivity, not a global hold. The study uses a sole time-loss definition, which applies to this reported detailed rate; no conflicting source-context flag is retained.",analysis master: source CSV: injuryTissueType_muscle_tendon_incidence,sensitivity,duplicate,S551,"Every named child reports this final metric, setting, outcome scope and threshold route, and each replacement is alignment-supported. The prior map verified an exhaustive numerical partition from three or more source quantity fields, so the parent is a duplicate representation.","standardised.csv sourceDataRow 994 and child rows 995,996,997,998; exact fields: totalExposure,injuryTotalCount,injuryTimeLossCount; complete alignment-supported child target coverage; selected child source rows=995;996;997;998",994,descriptive_rate_without_usable_sampling_information,false,,incidence|overall|injuryTissueType_muscle_tendon||muscle tendon|||,false,likelihood_and_target_selection_pending
994,S551,S551,Injury Profile of Elite Male Young Soccer Players in a Spanish Professional Soccer Club: A Prospective Study During 4 Consecutive Seasons,10.1123/jsr.2019-0113,S551,Total,overall,injuryTissueType_non_specific_tissue,time-loss,source_defined_threshold_unconfirmed,Male,,Youth academy,Spain,Football,number of injuries per 1000 hours of exposure,days lost per 1000 hours of exposure,player-hours,source construction requires review,,source CSV: injuryTissueType_non_specific_tissue_incidence,,994:incidence:overall:injuryTissueType_non_specific_tissue_incidence,,158782,0.11,0.11,,,,,injuryTissueType_non_specific_tissue_incidence,,non specific tissue,,,,,injuryTissueType_non_specific_tissue,incidence,0.11,,994,/Users/abdelbabiker/Desktop/GBI-DE-MVP-main/Bayesian Analysis/analysis/model-input-releases/2026-09-14-injury-candidates/standardised.csv,duplicate_representation,false,true,not_yet_classified,true,reviewed_see_alignment_decision,duplicate,supported,S551:parent:994,995:incidence:overall:injuryTissueType_non_specific_tissue_incidence;996:incidence:overall:injuryTissueType_non_specific_tissue_incidence;997:incidence:overall:injuryTissueType_non_specific_tissue_incidence;998:incidence:overall:injuryTissueType_non_specific_tissue_incidence,approximate_count_from_reported_rate,,17.46602,Approximate point calculation only. Original published precision and population alignment must be verified before use; no rounding bounds or confidence interval inferred.,false,,,309,7,2014/2015 to 2017/2018 (4 consecutive seasons),,4,prospective cohort,,,,Time loss,time-loss,,Medical Staff,same type and same location as a previous injury within 2 months of final rehabilitation day,slight 1-3 d; minor 4-7 d; moderate 8-28 d; major >28 d,thigh,,,parent,"standardised.csv sourceDataRow 994 and child rows 995,996,997,998; exact fields: totalExposure,injuryTotalCount,injuryTimeLossCount",,,,,not_documented_in_bounded_inventory,not_individually_adjudicated,not_yet_classified,,,supported_restricted_scope_from_sole_time_loss_definition,,,,,,analysis-source-context.csv,sourceDataRow,injuryTissueType_non_specific_tissue,,non specific tissue,,cohort_overlap_review | outcome_scope_review | multiple_rows_same_paper | current_session_only_not_ruled_out | detailed_outcome_definition_and_setting_review,,,,,,supported,"The source labels the outcome time loss, but its threshold is unconfirmed. The approved protocol routes this to threshold sensitivity, not a global hold. The study uses a sole time-loss definition, which applies to this reported detailed rate; no conflicting source-context flag is retained.",analysis master: source CSV: injuryTissueType_non_specific_tissue_incidence,sensitivity,duplicate,S551,"Every named child reports this final metric, setting, outcome scope and threshold route, and each replacement is alignment-supported. The prior map verified an exhaustive numerical partition from three or more source quantity fields, so the parent is a duplicate representation.","standardised.csv sourceDataRow 994 and child rows 995,996,997,998; exact fields: totalExposure,injuryTotalCount,injuryTimeLossCount; complete alignment-supported child target coverage; selected child source rows=995;996;997;998",994,descriptive_rate_without_usable_sampling_information,false,,incidence|overall|injuryTissueType_non_specific_tissue||non specific tissue|||,false,likelihood_and_target_selection_pending
995,S551,S551,Injury Profile of Elite Male Young Soccer Players in a Spanish Professional Soccer Club: A Prospective Study During 4 Consecutive Seasons,10.1123/jsr.2019-0113,S551,Senior,overall,injuryTissueType_bone_fracture,time-loss,source_defined_threshold_unconfirmed,Male,Senior,Youth academy,Spain,Football,number of injuries per 1000 hours of exposure,days lost per 1000 hours of exposure,player-hours,source construction requires review,,source CSV: injuryTissueType_bone_fracture_incidence,,995:incidence:overall:injuryTissueType_bone_fracture_incidence,,33739,0.09,0.09,,,,,injuryTissueType_bone_fracture_incidence,,bone fracture,,,,,injuryTissueType_bone_fracture,incidence,0.09,,995,/Users/abdelbabiker/Desktop/GBI-DE-MVP-main/Bayesian Analysis/analysis/model-input-releases/2026-09-14-injury-candidates/standardised.csv,duplicate_representation,false,true,not_yet_classified,true,reviewed_see_alignment_decision,duplicate,supported,S551:parent:994,994:incidence:overall:injuryTissueType_bone_fracture_incidence,approximate_count_from_reported_rate,,3.03651,Approximate point calculation only. Original published precision and population alignment must be verified before use; no rounding bounds or confidence interval inferred.,false,,,309,7,2014/2015 to 2017/2018 (4 consecutive seasons),,4,prospective cohort,,,,Time loss,time-loss,,Medical Staff,same type and same location as a previous injury within 2 months of final rehabilitation day,slight 1-3 d; minor 4-7 d; moderate 8-28 d; major >28 d,thigh,,,granular,"standardised.csv sourceDataRow 994 and child rows 995,996,997,998; exact fields: totalExposure,injuryTotalCount,injuryTimeLossCount",,,,,not_documented_in_bounded_inventory,not_individually_adjudicated,not_yet_classified,,,supported_restricted_scope_from_sole_time_loss_definition,,,,,,analysis-source-context.csv,sourceDataRow,injuryTissueType_bone_fracture,,bone fracture,,cohort_overlap_review | outcome_scope_review | multiple_rows_same_paper | current_session_only_not_ruled_out | detailed_outcome_definition_and_setting_review,,,,,,supported,"The source labels the outcome time loss, but its threshold is unconfirmed. The approved protocol routes this to threshold sensitivity, not a global hold. The study uses a sole time-loss definition, which applies to this reported detailed rate; no conflicting source-context flag is retained.",analysis master: source CSV: injuryTissueType_bone_fracture_incidence,sensitivity,duplicate,S551,This alignment-supported child reports a target represented by its retained parent. The parent is kept because the named child coverage is incomplete or another replacement is held or incompatible.,"standardised.csv sourceDataRow 994 and child rows 995,996,997,998; exact fields: totalExposure,injuryTotalCount,injuryTimeLossCount; retained parent sourceDataRow=994; incomplete or alignment-ineligible child coverage",994,descriptive_rate_without_usable_sampling_information,false,,incidence|overall|injuryTissueType_bone_fracture||bone fracture|||,false,likelihood_and_target_selection_pending
996,S551,S551,Injury Profile of Elite Male Young Soccer Players in a Spanish Professional Soccer Club: A Prospective Study During 4 Consecutive Seasons,10.1123/jsr.2019-0113,S551,U19,overall,injuryTissueType_bone_fracture,time-loss,source_defined_threshold_unconfirmed,Male,Youth,Youth academy,Spain,Football,number of injuries per 1000 hours of exposure,days lost per 1000 hours of exposure,player-hours,source construction requires review,,source CSV: injuryTissueType_bone_fracture_incidence,,996:incidence:overall:injuryTissueType_bone_fracture_incidence,,49679,0.2,0.2,,,,,injuryTissueType_bone_fracture_incidence,,bone fracture,,,,,injuryTissueType_bone_fracture,incidence,0.2,,996,/Users/abdelbabiker/Desktop/GBI-DE-MVP-main/Bayesian Analysis/analysis/model-input-releases/2026-09-14-injury-candidates/standardised.csv,duplicate_representation,false,true,not_yet_classified,true,reviewed_see_alignment_decision,duplicate,supported,S551:parent:994,994:incidence:overall:injuryTissueType_bone_fracture_incidence,approximate_count_from_reported_rate,,9.9358,Approximate point calculation only. Original published precision and population alignment must be verified before use; no rounding bounds or confidence interval inferred.,false,,,309,7,2014/2015 to 2017/2018 (4 consecutive seasons),,4,prospective cohort,,,,Time loss,time-loss,,Medical Staff,same type and same location as a previous injury within 2 months of final rehabilitation day,slight 1-3 d; minor 4-7 d; moderate 8-28 d; major >28 d,thigh,,,granular,"standardised.csv sourceDataRow 994 and child rows 995,996,997,998; exact fields: totalExposure,injuryTotalCount,injuryTimeLossCount",,,,,not_documented_in_bounded_inventory,not_individually_adjudicated,not_yet_classified,,,supported_restricted_scope_from_sole_time_loss_definition,,,,,,analysis-source-context.csv,sourceDataRow,injuryTissueType_bone_fracture,,bone fracture,,cohort_overlap_review | outcome_scope_review | multiple_rows_same_paper | current_session_only_not_ruled_out | detailed_outcome_definition_and_setting_review,,,,,,supported,"The source labels the outcome time loss, but its threshold is unconfirmed. The approved protocol routes this to threshold sensitivity, not a global hold. The study uses a sole time-loss definition, which applies to this reported detailed rate; no conflicting source-context flag is retained.",analysis master: source CSV: injuryTissueType_bone_fracture_incidence,sensitivity,duplicate,S551,This alignment-supported child reports a target represented by its retained parent. The parent is kept because the named child coverage is incomplete or another replacement is held or incompatible.,"standardised.csv sourceDataRow 994 and child rows 995,996,997,998; exact fields: totalExposure,injuryTotalCount,injuryTimeLossCount; retained parent sourceDataRow=994; incomplete or alignment-ineligible child coverage",994,descriptive_rate_without_usable_sampling_information,false,,incidence|overall|injuryTissueType_bone_fracture||bone fracture|||,false,likelihood_and_target_selection_pending
998,S551,S551,Injury Profile of Elite Male Young Soccer Players in a Spanish Professional Soccer Club: A Prospective Study During 4 Consecutive Seasons,10.1123/jsr.2019-0113,S551,U14,overall,injuryTissueType_bone_fracture,time-loss,source_defined_threshold_unconfirmed,Male,Youth,Youth academy,Spain,Football,number of injuries per 1000 hours of exposure,days lost per 1000 hours of exposure,player-hours,source construction requires review,,source CSV: injuryTissueType_bone_fracture_incidence,,998:incidence:overall:injuryTissueType_bone_fracture_incidence,,35064,0.06,0.06,,,,,injuryTissueType_bone_fracture_incidence,,bone fracture,,,,,injuryTissueType_bone_fracture,incidence,0.06,,998,/Users/abdelbabiker/Desktop/GBI-DE-MVP-main/Bayesian Analysis/analysis/model-input-releases/2026-09-14-injury-candidates/standardised.csv,duplicate_representation,false,true,not_yet_classified,true,reviewed_see_alignment_decision,duplicate,supported,S551:parent:994,994:incidence:overall:injuryTissueType_bone_fracture_incidence,approximate_count_from_reported_rate,,2.10384,Approximate point calculation only. Original published precision and population alignment must be verified before use; no rounding bounds or confidence interval inferred.,false,,,309,7,2014/2015 to 2017/2018 (4 consecutive seasons),,4,prospective cohort,,,,Time loss,time-loss,,Medical Staff,same type and same location as a previous injury within 2 months of final rehabilitation day,slight 1-3 d; minor 4-7 d; moderate 8-28 d; major >28 d,hip/groin,,,granular,"standardised.csv sourceDataRow 994 and child rows 995,996,997,998; exact fields: totalExposure,injuryTotalCount,injuryTimeLossCount",,,,,not_documented_in_bounded_inventory,not_individually_adjudicated,not_yet_classified,,,supported_restricted_scope_from_sole_time_loss_definition,,,,,,analysis-source-context.csv,sourceDataRow,injuryTissueType_bone_fracture,,bone fracture,,cohort_overlap_review | outcome_scope_review | multiple_rows_same_paper | current_session_only_not_ruled_out | detailed_outcome_definition_and_setting_review,,,,,,supported,"The source labels the outcome time loss, but its threshold is unconfirmed. The approved protocol routes this to threshold sensitivity, not a global hold. The study uses a sole time-loss definition, which applies to this reported detailed rate; no conflicting source-context flag is retained.",analysis master: source CSV: injuryTissueType_bone_fracture_incidence,sensitivity,duplicate,S551,This alignment-supported child reports a target represented by its retained parent. The parent is kept because the named child coverage is incomplete or another replacement is held or incompatible.,"standardised.csv sourceDataRow 994 and child rows 995,996,997,998; exact fields: totalExposure,injuryTotalCount,injuryTimeLossCount; retained parent sourceDataRow=994; incomplete or alignment-ineligible child coverage",994,descriptive_rate_without_usable_sampling_information,false,,incidence|overall|injuryTissueType_bone_fracture||bone fracture|||,false,likelihood_and_target_selection_pending
1007,S561,S561,A four-season prospective study of muscle strain reoccurrences in a professional football club,,S561,Row 1,overall,restricted_acute_muscle_strain,time-loss - acute muscle strain,source_defined_threshold_unconfirmed,Male,Adult,Professional/international,France,Football,muscle strains per 1000 hours exposure,,hours,source construction requires review,,source CSV: injuryTissueType_muscle_injury_incidence,,1007:incidence:overall:injuryTissueType_muscle_injury_incidence,,33432,5.63,5.63,,,,,injuryTissueType_muscle_injury_incidence,,muscle strain,acute muscle strain,,,,restricted_acute_muscle_strain,incidence,5.63,,1007,/Users/abdelbabiker/Desktop/GBI-DE-MVP-main/Bayesian Analysis/analysis/model-input-releases/2026-09-14-injury-candidates/standardised.csv,duplicate_representation,false,true,not_yet_classified,true,reviewed_see_alignment_decision,duplicate,supported,,1007:incidence:overall:main,approximate_count_from_reported_rate,,188.22216,Approximate point calculation only. Original published precision and population alignment must be verified before use; no rounding bounds or confidence interval inferred.,false,,,46,1,2005/2006 to 2008/2009 (4 seasons),,4,prospective cohort,,,,Time loss,time-loss - acute muscle strain,,Medical Staff,same type and same site as index injury after return to full participation,,thigh,,hamstring strain,single_or_unlinked_row,standardised.csv source row,,,,,not_documented_in_bounded_inventory,not_individually_adjudicated,not_yet_classified,,,supported_restricted_scope_from_sole_time_loss_definition,,,,,,analysis-source-context.csv,sourceDataRow,injuryTissueType_muscle_injury,,muscle injury,,cohort_overlap_review | outcome_scope_review | current_session_only_not_ruled_out | detailed_outcome_definition_and_setting_review,,,,,,supported,"The source labels the outcome time loss, but its threshold is unconfirmed. The approved protocol routes this to threshold sensitivity, not a global hold. A source-extracted rate is retained, but no count/hour pair or confidence interval is available for the numerical model route.",analysis master: source CSV: injuryTissueType_muscle_injury_incidence,sensitivity,duplicate,S561,Duplicate of the source-supported count/hour or days/hour representation for the same source outcome. This descriptor-only representation does not replace its sampling information.,matching-overall-category-adjudication.csv; analysis master paper_title and time_loss_definition; equality deliberately not used as evidence; quantitative parent retained,1007,descriptive_rate_without_usable_sampling_information,false,,incidence|overall|restricted_acute_muscle_strain||muscle strain|acute muscle strain||,false,likelihood_and_target_selection_pending
1007,S561,S561,A four-season prospective study of muscle strain reoccurrences in a professional football club,,S561,Row 1,overall,restricted_acute_muscle_strain,time-loss - acute muscle strain,source_defined_threshold_unconfirmed,Male,Adult,Professional/international,France,Football,muscle strains per 1000 hours exposure,,hours,source construction requires review,,source CSV: injuryTissueType_muscle_tendon_incidence,,1007:incidence:overall:injuryTissueType_muscle_tendon_incidence,,33432,5.63,5.63,,,,,injuryTissueType_muscle_tendon_incidence,,muscle strain,acute muscle strain,,,,restricted_acute_muscle_strain,incidence,5.63,,1007,/Users/abdelbabiker/Desktop/GBI-DE-MVP-main/Bayesian Analysis/analysis/model-input-releases/2026-09-14-injury-candidates/standardised.csv,duplicate_representation,false,true,not_yet_classified,true,reviewed_see_alignment_decision,duplicate,supported,,1007:incidence:overall:main,approximate_count_from_reported_rate,,188.22216,Approximate point calculation only. Original published precision and population alignment must be verified before use; no rounding bounds or confidence interval inferred.,false,,,46,1,2005/2006 to 2008/2009 (4 seasons),,4,prospective cohort,,,,Time loss,time-loss - acute muscle strain,,Medical Staff,same type and same site as index injury after return to full participation,,thigh,,hamstring strain,single_or_unlinked_row,standardised.csv source row,,,,,not_documented_in_bounded_inventory,not_individually_adjudicated,not_yet_classified,,,supported_restricted_scope_from_sole_time_loss_definition,,,,,,analysis-source-context.csv,sourceDataRow,injuryTissueType_muscle_tendon,,muscle tendon,,cohort_overlap_review | outcome_scope_review | current_session_only_not_ruled_out | detailed_outcome_definition_and_setting_review,,,,,,supported,"The source labels the outcome time loss, but its threshold is unconfirmed. The approved protocol routes this to threshold sensitivity, not a global hold. A source-extracted rate is retained, but no count/hour pair or confidence interval is available for the numerical model route.",analysis master: source CSV: injuryTissueType_muscle_tendon_incidence,sensitivity,duplicate,S561,Duplicate of the source-supported count/hour or days/hour representation for the same source outcome. This descriptor-only representation does not replace its sampling information.,matching-overall-category-adjudication.csv; analysis master paper_title and time_loss_definition; equality deliberately not used as evidence; quantitative parent retained,1007,descriptive_rate_without_usable_sampling_information,false,,incidence|overall|restricted_acute_muscle_strain||muscle strain|acute muscle strain||,false,likelihood_and_target_selection_pending
1048,S604,S604,A 15-Year Prospective Epidemiological Account of Acute Traumatic Injuries During Official Professional Soccer League Matches in Japan,,S604,Row 1,overall,restricted_acute_traumatic_match_injuries,time-loss-7days,source_defined_threshold_unconfirmed,Male,Senior,Professional/international,Japan,Football,per 1000 player-hours,,player-hours,source construction requires review,[2026-04-07] Acute traumatic injuries during official matches,"source CSV: injuryTimeLossCount, injuryIncidenceOverall, totalExposure",,1048:incidence:overall:main,2947,135351.3,21.77,21.77,21.7729715193,,,injuryTimeLossCount,injuryIncidenceOverall,,acute traumatic injury,acute traumatic match injury,,,,restricted_acute_traumatic_match_injuries,incidence,21.77,,1048,/Users/abdelbabiker/Desktop/GBI-DE-MVP-main/Bayesian Analysis/analysis/model-input-releases/2026-09-14-injury-candidates/standardised.csv,duplicate_representation,false,false,not_yet_classified,false,reviewed_see_alignment_decision,duplicate,supported,,1048:incidence:match:main,,,,,false,,,,,1993-2007 (15 seasons),,15,prospective cohort,,,,Time loss,time-loss-7days,,Medical Staff,same reportable injury at the same location within 3 months,mild 7-13 days; moderate 14-28 days; severe >28 days,thigh,sprain,,single_or_unlinked_row,standardised.csv source row,,,,,not_documented_in_bounded_inventory,not_individually_adjudicated,not_yet_classified,,,supported_all_injury_scope,,2947,injuryTimeLossCount,,,analysis-source-context.csv,sourceDataRow,all_injuries_scope_review,,,,cohort_overlap_review | outcome_scope_review | current_session_only_not_ruled_out | time_loss_outcome_alignment_review,,,,,,supported,The saved S604 source note restricts this metric to acute traumatic injuries during official matches. It is not an all-injury metric. The explicit seven-day time-loss threshold remains in the main route.,"S604 source_notes, 2026-04-07: Acute traumatic injuries during official matches; source time_loss_definition time-loss-7days.",main,duplicate,S604:acute_traumatic_official_matches,"Duplicate label for the same 2,947 acute traumatic official-match injuries and exposure. The source-confirmed match representation is retained as the analysis target.","alignment-decisions.csv S604 rows 1048 overall/match; S604 source_notes, 2026-04-07: Acute traumatic injuries during official matches; matching injury_count=2947 and exposure_player_hours",1048,count_and_exposure,false,,incidence|overall|restricted_acute_traumatic_match_injuries||acute traumatic injury|acute traumatic match injury||,false,likelihood_and_target_selection_pending
1092,S635,S635,The Epidemiology and Mechanisms of Soccer Injuries,,S635,Youth sector,match,all_injuries,time-loss,source_defined_threshold_unconfirmed,Male,Youth,,Italy,Football,per 1000 hours of match play or training,,hours,source construction requires review,[2026-05-01] check matches/exposure to calculate incidence || [2026-05-01] prospective data - check?,"source CSV: injuryMatchCount, injuryIncidenceMatch, matchExposure",,1092:incidence:match:main,,,0.4,0.4,,,,injuryMatchCount,injuryIncidenceMatch,,,,,,,all_injuries,incidence,0.4,,1092,/Users/abdelbabiker/Desktop/GBI-DE-MVP-main/Bayesian Analysis/analysis/model-input-releases/2026-09-14-injury-candidates/standardised.csv,duplicate_representation,false,true,not_yet_classified,false,reviewed_see_alignment_decision,duplicate,supported,S635:parent:1091,1091:incidence:match:main,,,,,false,15,,642,,11 complete seasons (August 1980-June 1991),,11,retrospective cohort(prospectivedata),,,,Time loss,time-loss,,Medical Staff,,,,,,granular,"standardised.csv sourceDataRow 1091 and child rows 1092,1093,1094; exact fields: sampleSizePlayers,injuryTotalCount,injuryTimeLossCount",,,,,not_documented_in_bounded_inventory,not_individually_adjudicated,not_yet_classified,,,supported_all_injury_scope,,,injuryMatchCount,,,analysis-source-context.csv,sourceDataRow,all_injuries_scope_review,,,,cohort_overlap_review | outcome_scope_review | multiple_rows_same_paper | current_session_only_not_ruled_out | time_loss_outcome_alignment_review,,,,,,supported,"The source labels the outcome time loss, but its threshold is unconfirmed. The approved protocol routes this to threshold sensitivity, not a global hold. A source-extracted rate is retained, but no count/hour pair or confidence interval is available for the numerical model route.","analysis master: source CSV: injuryMatchCount, injuryIncidenceMatch, matchExposure",sensitivity,duplicate,S635,This alignment-supported child reports a target represented by its retained parent. The parent is kept because the named child coverage is incomplete or another replacement is held or incompatible.,"standardised.csv sourceDataRow 1091 and child rows 1092,1093,1094; exact fields: sampleSizePlayers,injuryTotalCount,injuryTimeLossCount; retained parent sourceDataRow=1091; incomplete or alignment-ineligible child coverage",1091,descriptive_rate_without_usable_sampling_information,false,,incidence|match|all_injuries|||||,false,likelihood_and_target_selection_pending
1093,S635,S635,The Epidemiology and Mechanisms of Soccer Injuries,,S635,Spring Cup,match,all_injuries,time-loss,source_defined_threshold_unconfirmed,Male,Youth | Adult,,Italy,Football,per 1000 hours of match play or training,,hours,source construction requires review,[2026-05-01] check matches/exposure to calculate incidence || [2026-05-01] prospective data - check?,"source CSV: injuryMatchCount, injuryIncidenceMatch, matchExposure",,1093:incidence:match:main,,,2.5,2.5,,,,injuryMatchCount,injuryIncidenceMatch,,,,,,,all_injuries,incidence,2.5,,1093,/Users/abdelbabiker/Desktop/GBI-DE-MVP-main/Bayesian Analysis/analysis/model-input-releases/2026-09-14-injury-candidates/standardised.csv,duplicate_representation,false,true,not_yet_classified,false,reviewed_see_alignment_decision,duplicate,supported,S635:parent:1091,1091:incidence:match:main,,,,,false,18,,186,,11 complete seasons (August 1980-June 1991),,11,retrospective cohort(prospectivedata),,,,Time loss,time-loss,,Medical Staff,,,,,,granular,"standardised.csv sourceDataRow 1091 and child rows 1092,1093,1094; exact fields: sampleSizePlayers,injuryTotalCount,injuryTimeLossCount",,,,,not_documented_in_bounded_inventory,not_individually_adjudicated,not_yet_classified,,,supported_all_injury_scope,,,injuryMatchCount,,,analysis-source-context.csv,sourceDataRow,all_injuries_scope_review,,,,cohort_overlap_review | outcome_scope_review | multiple_rows_same_paper | current_session_only_not_ruled_out | time_loss_outcome_alignment_review,,,,,,supported,"The source labels the outcome time loss, but its threshold is unconfirmed. The approved protocol routes this to threshold sensitivity, not a global hold. A source-extracted rate is retained, but no count/hour pair or confidence interval is available for the numerical model route.","analysis master: source CSV: injuryMatchCount, injuryIncidenceMatch, matchExposure",sensitivity,duplicate,S635,This alignment-supported child reports a target represented by its retained parent. The parent is kept because the named child coverage is incomplete or another replacement is held or incompatible.,"standardised.csv sourceDataRow 1091 and child rows 1092,1093,1094; exact fields: sampleSizePlayers,injuryTotalCount,injuryTimeLossCount; retained parent sourceDataRow=1091; incomplete or alignment-ineligible child coverage",1091,descriptive_rate_without_usable_sampling_information,false,,incidence|match|all_injuries|||||,false,likelihood_and_target_selection_pending
1094,S635,S635,The Epidemiology and Mechanisms of Soccer Injuries,,S635,First division,match,all_injuries,time-loss,source_defined_threshold_unconfirmed,Male,Youth | Adult,Professional/international,Italy,Football,per 1000 hours of match play or training,,hours,source construction requires review,[2026-05-01] check matches/exposure to calculate incidence || [2026-05-01] prospective data - check?,"source CSV: injuryMatchCount, injuryIncidenceMatch, matchExposure",,1094:incidence:match:main,,,4,4,,,,injuryMatchCount,injuryIncidenceMatch,,,,,,,all_injuries,incidence,4,,1094,/Users/abdelbabiker/Desktop/GBI-DE-MVP-main/Bayesian Analysis/analysis/model-input-releases/2026-09-14-injury-candidates/standardised.csv,duplicate_representation,false,true,not_yet_classified,false,reviewed_see_alignment_decision,duplicate,supported,S635:parent:1091,1091:incidence:match:main,,,,,false,26,,190,,11 complete seasons (August 1980-June 1991),,11,retrospective cohort(prospectivedata),,,,Time loss,time-loss,,Medical Staff,,,,,,granular,"standardised.csv sourceDataRow 1091 and child rows 1092,1093,1094; exact fields: sampleSizePlayers,injuryTotalCount,injuryTimeLossCount",,,,,not_documented_in_bounded_inventory,not_individually_adjudicated,not_yet_classified,,,supported_all_injury_scope,,,injuryMatchCount,,,analysis-source-context.csv,sourceDataRow,all_injuries_scope_review,,,,cohort_overlap_review | outcome_scope_review | multiple_rows_same_paper | current_session_only_not_ruled_out | time_loss_outcome_alignment_review,,,,,,supported,"The source labels the outcome time loss, but its threshold is unconfirmed. The approved protocol routes this to threshold sensitivity, not a global hold. A source-extracted rate is retained, but no count/hour pair or confidence interval is available for the numerical model route.","analysis master: source CSV: injuryMatchCount, injuryIncidenceMatch, matchExposure",sensitivity,duplicate,S635,This alignment-supported child reports a target represented by its retained parent. The parent is kept because the named child coverage is incomplete or another replacement is held or incompatible.,"standardised.csv sourceDataRow 1091 and child rows 1092,1093,1094; exact fields: sampleSizePlayers,injuryTotalCount,injuryTimeLossCount; retained parent sourceDataRow=1091; incomplete or alignment-ineligible child coverage",1091,descriptive_rate_without_usable_sampling_information,false,,incidence|match|all_injuries|||||,false,likelihood_and_target_selection_pending
1172,S989,S989,Shoulder injuries in Brazilian professional football players: epidemiological analysis of 3828 games.,10.1016/j.jisako.2024.01.012,brazil-shoulder-2016-19,Total,overall,restricted_shoulder_injury,time loss,source_defined_threshold_unconfirmed,Male,Adult,Professional/international,Brazil,Football,per 1000 playing hours,,hours,source construction requires review,"[2026-07-27] Source-family overlap treatment, 27 July 2026: S989 is the canonical analysis record for the Brazilian professional shoulder cohort family. Duplicate imports are retained only in source scope. No screening, status, assignment, extraction, population, file or protected value was changed. || [2026-07-04] Second-search temporary extraction batch 003. Source checked: methods/results and Tables 1-3. Shoulder-only extraction from Brazilian professional match surveillance; counts for glenohumeral and acromioclavicular dislocation are percentage-derived from 107 shoulder injuries and should be reviewer-checked. Formal full-text inclusion still requires a second human include; screening remains pending.",source CSV: injuryLocation_shoulder_incidence,,1172:incidence:overall:injuryLocation_shoulder_incidence,,126357,0.847,0.847,,,,,injuryLocation_shoulder_incidence,shoulder,,shoulder injury,,,,restricted_shoulder_injury,incidence,0.847,,1172,/Users/abdelbabiker/Desktop/GBI-DE-MVP-main/Bayesian Analysis/analysis/model-input-releases/2026-09-14-injury-candidates/standardised.csv,duplicate_representation,false,true,not_yet_classified,false,reviewed_see_alignment_decision,duplicate,supported,S989:existing_source_family_policy,1172:incidence:overall:main,,,,,false,26.87,,,,2016 to 2019; 15 championship seasons,,15,prospective epidemiological study,,,,Time loss,time loss,,medical staff,recurrence of shoulder injury,time to return to play days,,,,source_family_member,standardised.csv notes; ../fifa-gbi-data-extraction/docs/source-family-overlap-methodology-2026-07-27.md,,,,,not_documented_in_bounded_inventory,not_individually_adjudicated,not_yet_classified,anchor,"Bibliographic identity confirmed by normalised title, archived duplicate record, matching source data, or exact registered file identity.",supported_restricted_scope_from_sole_time_loss_definition,,,,,,analysis-source-context.csv,sourceDataRow,injuryLocation_shoulder,shoulder,,,cohort_overlap_review | outcome_scope_review | current_session_only_not_ruled_out | detailed_outcome_definition_and_setting_review,,,,,,supported,"The source labels the outcome time loss, but its threshold is unconfirmed. The approved protocol routes this to threshold sensitivity, not a global hold. A source-extracted rate is retained, but no count/hour pair or confidence interval is available for the numerical model route.",analysis master: source CSV: injuryLocation_shoulder_incidence,sensitivity,duplicate,brazil-shoulder-2016-19,Duplicate of the source-supported count/hour or days/hour representation for the same source outcome. This descriptor-only representation does not replace its sampling information.,matching-overall-category-adjudication.csv; analysis master paper_title and time_loss_definition; equality deliberately not used as evidence; quantitative parent retained,1172,descriptive_rate_without_usable_sampling_information,false,,incidence|overall|restricted_shoulder_injury|shoulder||shoulder injury||,false,likelihood_and_target_selection_pending
157,S1109,S1109,"The effects of jump training on measures of physical performance, lower extremities injury incidence and burden in highly trained male soccer players.",10.1080/15438627.2022.2079989,S1109,Control group,overall,restricted_lower_limb,time-loss,source_defined_threshold_unconfirmed,Male,Adult,Semi-professional,Spain,Football,per 1000 exposure hours,absence days per 1000 exposure hours,hours,source construction requires review,,source CSV: injuryBurden,,157:burden:overall:main,,,194.86,194.86,,,,,injuryBurden,lower limb,,,,,,restricted_lower_limb,burden,,194.86,157,/Users/abdelbabiker/Desktop/GBI-DE-MVP-main/Bayesian Analysis/analysis/model-input-releases/2026-09-14-injury-candidates/standardised.csv,duplicate_representation,false,true,not_yet_classified,false,reviewed_see_alignment_decision,duplicate,hold,S1109:multiple_rows,157:burden:overall:injuryLocation_lower_limb_overall_burden,,,,,false,,,13,1,16-week in-season intervention period,,1,randomized controlled trial,Control,Yes,,Time loss,time-loss,,strength and conditioning specialist supervised by team fitness coach; medical staff diagnosis,,absence days,lower extremity,lower extremity injury,,unclassified_row,standardised.csv source row; candidate review flag multiple_rows_same_paper where present,,,,,not_documented_in_bounded_inventory,not_individually_adjudicated,not_yet_classified,,,supported_restricted_scope_from_sole_time_loss_definition,,,,,,analysis-source-context.csv,sourceDataRow,lower_limb_scope_review,lower limb,,,cohort_overlap_review | outcome_scope_review | multiple_rows_same_paper | current_session_only_not_ruled_out | days_follow_up_and_denominator_alignment_review,,,,,,hold,"The source labels the outcome time loss, but its threshold is unconfirmed. The approved protocol routes this to threshold sensitivity, not a global hold. The parent rate equals a category rate and the source title/definition identifies a restricted outcome. Do not label the parent as all injuries.",analysis master: source CSV: injuryBurden,sensitivity,duplicate,S1109,The alignment pair review confirms that this generic representation is the same restricted source outcome as the retained descriptor-rich detailed representation.,matching-overall-category-adjudication.csv; analysis master paper_title and time_loss_definition; equality deliberately not used as evidence,157,descriptive_rate_without_usable_sampling_information,false,,burden|overall|restricted_lower_limb|lower limb||||,false,likelihood_and_target_selection_pending
158,S1109,S1109,"The effects of jump training on measures of physical performance, lower extremities injury incidence and burden in highly trained male soccer players.",10.1080/15438627.2022.2079989,S1109,Experimental group,overall,restricted_lower_limb,time-loss,source_defined_threshold_unconfirmed,Male,Adult,Semi-professional,Spain,Football,per 1000 exposure hours,absence days per 1000 exposure hours,hours,source construction requires review,,source CSV: injuryBurden,,158:burden:overall:main,,,71.37,71.37,,,,,injuryBurden,lower limb,,,,,,restricted_lower_limb,burden,,71.37,158,/Users/abdelbabiker/Desktop/GBI-DE-MVP-main/Bayesian Analysis/analysis/model-input-releases/2026-09-14-injury-candidates/standardised.csv,duplicate_representation,false,true,not_yet_classified,false,reviewed_see_alignment_decision,duplicate,hold,S1109:multiple_rows,158:burden:overall:injuryLocation_lower_limb_overall_burden,,,,,false,,,10,1,16-week in-season intervention period,,1,randomized controlled trial,Intervention | Experimental,Yes,,Time loss,time-loss,,strength and conditioning specialist supervised by team fitness coach; medical staff diagnosis,,absence days,,,,unclassified_row,standardised.csv source row; candidate review flag multiple_rows_same_paper where present,,,,,not_documented_in_bounded_inventory,not_individually_adjudicated,not_yet_classified,,,supported_restricted_scope_from_sole_time_loss_definition,,,,,,analysis-source-context.csv,sourceDataRow,lower_limb_scope_review,lower limb,,,cohort_overlap_review | outcome_scope_review | multiple_rows_same_paper | current_session_only_not_ruled_out | days_follow_up_and_denominator_alignment_review,,,,,,hold,"The source labels the outcome time loss, but its threshold is unconfirmed. The approved protocol routes this to threshold sensitivity, not a global hold. The parent rate equals a category rate and the source title/definition identifies a restricted outcome. Do not label the parent as all injuries.",analysis master: source CSV: injuryBurden,sensitivity,duplicate,S1109,The alignment pair review confirms that this generic representation is the same restricted source outcome as the retained descriptor-rich detailed representation.,matching-overall-category-adjudication.csv; analysis master paper_title and time_loss_definition; equality deliberately not used as evidence,158,descriptive_rate_without_usable_sampling_information,false,,burden|overall|restricted_lower_limb|lower limb||||,false,likelihood_and_target_selection_pending
490,S2824,S2824,Evolution of injury burden in Qatari professional football — 8 season data from the Aspetar Injury and Illness Surveillance Programme.,10.5114/biolsport.2025.139089,aspetar-qsl-professional,2013/14-2014/15 groin supplement (S344),overall,restricted_groin_injury,time loss [groin injury only],source_defined_threshold_unconfirmed,Male,Senior,Professional/international,Qatar,Football,groin injuries per 1000 player-hours,groin injury days lost per 1000 player-hours,player-hours,source construction requires review,"[2026-07-27] Source-family overlap treatment, 27 July 2026: S2824 owns the pooled 2014/15-2021/22 QSL denominator and the disjoint S195 2008/09 historical row. Component seasons, groin, ACL, and head/neck-concussion rows remain source-only to prevent pooled-plus-component or topic-denominator duplication. || [2026-07-27] Aspetar source-family treatment, 2026-07-27: S2824 is the Qatar Stars League professional anchor. Its existing All seasons and 2014/15-2021/22 rows remain the modern all-injury denominator. Four labelled source rows were added: disjoint S195 2008/09 all-injury, overlapping S344 groin, S555 ACL, and S712 head/neck-concussion. The topic rows preserve direct supplementary detail but must not be summed as independent all-injury denominators. S544 and S3577 are covered by the S344 source row. || [2026-07-27] Aspetar professional QSL anchor reconciliation, 2026-07-27. Existing S2824 All seasons and 2014/15-2021/22 rows remain the modern all-injury denominator. Added source-scoped rows: disjoint 2008/09 S195 all-injury cohort; overlapping S344 groin, S555 ACL, and S712 head/neck-concussion topic supplements. Topic rows must not be summed as independent all-injury denominators. S544 and S3577 are covered by the S344 row and remain audit-only secondary analyses. || [2026-07-13] Batch 020 manual primary-PDF extraction. Methods, Table 1, Table 2, Figures 1-3, results, and discussion were checked (article pp. 201-209). The direct layout is all seasons followed by the eight reported seasons. Table 1 supports season-level team, age, and exposure rows; headline injury/illness outcomes and Table 2 metrics are pooled-only and remain on All seasons. Table 2 reports medians (IQR) rather than means in its structured severity columns; values are labelled accordingly. The source reports illness incidence/system percentages but no total illness count, so no illness count or structured system count was inferred. Table 2 is intentionally not aggregated across incomplete location/type subsets.",source CSV: injuryBurden,,490:burden:overall:main,,205466,24.3,24.3,,,,,injuryBurden,groin,,time-loss groin injury,,,,restricted_groin_injury,burden,,24.3,490,/Users/abdelbabiker/Desktop/GBI-DE-MVP-main/Bayesian Analysis/analysis/model-input-releases/2026-09-14-injury-candidates/standardised.csv,duplicate_representation,false,true,not_yet_classified,false,reviewed_see_alignment_decision,duplicate,hold,S2824:parent:480,490:burden:overall:injuryLocation_groin_burden;490:burden:overall:injuryTissueType_injury_diagnosis_burden,,,,,false,,,606,17,July 2013-June 2015,,2,prospective observational cohort,,,,Time loss,time loss [groin injury only],,club doctors,same classification and side after full return,mild 0-3 days; minor 4-7; moderate 7-28; severe >28 days,groin,,adductor-related groin pain,granular,"standardised.csv sourceDataRow 480 and child rows 489,490,491,492",,,,,not_documented_in_bounded_inventory,not_individually_adjudicated,not_yet_classified,anchor,"Existing Aspetar source ledger, primary PDFs and exact live row denominators.",supported_restricted_scope_from_sole_time_loss_definition,,,,,,analysis-source-context.csv,sourceDataRow,groin_scope_review,groin,,,cohort_overlap_review | outcome_scope_review | multiple_rows_same_paper | current_session_only_not_ruled_out | days_follow_up_and_denominator_alignment_review,,,,,,hold,"The source labels the outcome time loss, but its threshold is unconfirmed. The approved protocol routes this to threshold sensitivity, not a global hold. The parent rate equals a category rate and the source title/definition identifies a restricted outcome. Do not label the parent as all injuries.",analysis master: source CSV: injuryBurden,sensitivity,duplicate,aspetar-qsl-professional,The alignment pair review confirms that this generic representation is the same restricted source outcome as the retained descriptor-rich detailed representation.,matching-overall-category-adjudication.csv; analysis master paper_title and time_loss_definition; equality deliberately not used as evidence,490,descriptive_rate_without_usable_sampling_information,false,,burden|overall|restricted_groin_injury|groin||time-loss groin injury||,false,likelihood_and_target_selection_pending
491,S2824,S2824,Evolution of injury burden in Qatari professional football — 8 season data from the Aspetar Injury and Illness Surveillance Programme.,10.5114/biolsport.2025.139089,aspetar-qsl-professional,2013/14-2017/18 ACL supplement (S555),overall,restricted_complete_ACL_rupture_confirmed_by_MRI,time loss [complete ACL rupture confirmed by MRI],source_defined_threshold_unconfirmed,Male,Senior,Professional/international,Qatar,Football,ACL injuries per 1000 player-hours,ACL injury days lost per 1000 player-hours,player-hours,source construction requires review,"[2026-07-27] Source-family overlap treatment, 27 July 2026: S2824 owns the pooled 2014/15-2021/22 QSL denominator and the disjoint S195 2008/09 historical row. Component seasons, groin, ACL, and head/neck-concussion rows remain source-only to prevent pooled-plus-component or topic-denominator duplication. || [2026-07-27] Aspetar source-family treatment, 2026-07-27: S2824 is the Qatar Stars League professional anchor. Its existing All seasons and 2014/15-2021/22 rows remain the modern all-injury denominator. Four labelled source rows were added: disjoint S195 2008/09 all-injury, overlapping S344 groin, S555 ACL, and S712 head/neck-concussion. The topic rows preserve direct supplementary detail but must not be summed as independent all-injury denominators. S544 and S3577 are covered by the S344 source row. || [2026-07-27] Aspetar professional QSL anchor reconciliation, 2026-07-27. Existing S2824 All seasons and 2014/15-2021/22 rows remain the modern all-injury denominator. Added source-scoped rows: disjoint 2008/09 S195 all-injury cohort; overlapping S344 groin, S555 ACL, and S712 head/neck-concussion topic supplements. Topic rows must not be summed as independent all-injury denominators. S544 and S3577 are covered by the S344 row and remain audit-only secondary analyses. || [2026-07-13] Batch 020 manual primary-PDF extraction. Methods, Table 1, Table 2, Figures 1-3, results, and discussion were checked (article pp. 201-209). The direct layout is all seasons followed by the eight reported seasons. Table 1 supports season-level team, age, and exposure rows; headline injury/illness outcomes and Table 2 metrics are pooled-only and remain on All seasons. Table 2 reports medians (IQR) rather than means in its structured severity columns; values are labelled accordingly. The source reports illness incidence/system percentages but no total illness count, so no illness count or structured system count was inferred. Table 2 is intentionally not aggregated across incomplete location/type subsets.",source CSV: injuryLocation_knee_burden,,491:burden:overall:injuryLocation_knee_burden,,486951,16.3,16.3,,,,,injuryLocation_knee_burden,knee,,complete ACL rupture,,,,restricted_complete_ACL_rupture_confirmed_by_MRI,burden,,16.3,491,/Users/abdelbabiker/Desktop/GBI-DE-MVP-main/Bayesian Analysis/analysis/model-input-releases/2026-09-14-injury-candidates/standardised.csv,duplicate_representation,false,true,not_yet_classified,false,reviewed_see_alignment_decision,duplicate,supported,S2824:parent:480,491:burden:overall:main,,,,,false,,,,,2013/14-2017/18,,5,prospective observational cohort,,,,Time loss,time loss [complete ACL rupture confirmed by MRI],,club medical staff,complete graft rupture in a reconstructed knee,mild 0-3 days; minor 4-7; moderate 7-28; severe >28 days,,,,granular,"standardised.csv sourceDataRow 480 and child rows 489,490,491,492",,,,,not_documented_in_bounded_inventory,not_individually_adjudicated,not_yet_classified,anchor,"Existing Aspetar source ledger, primary PDFs and exact live row denominators.",supported_restricted_scope_from_sole_time_loss_definition,,,,,,analysis-source-context.csv,sourceDataRow,injuryLocation_knee,knee,,,cohort_overlap_review | outcome_scope_review | multiple_rows_same_paper | current_session_only_not_ruled_out | detailed_outcome_definition_and_setting_review,,,,,,supported,"The source labels the outcome time loss, but its threshold is unconfirmed. The approved protocol routes this to threshold sensitivity, not a global hold. A source-extracted rate is retained, but no count/hour pair or confidence interval is available for the numerical model route.",analysis master: source CSV: injuryLocation_knee_burden,sensitivity,duplicate,aspetar-qsl-professional,Duplicate of the source-supported count/hour or days/hour representation for the same source outcome. This descriptor-only representation does not replace its sampling information.,matching-overall-category-adjudication.csv; analysis master paper_title and time_loss_definition; equality deliberately not used as evidence; quantitative parent retained,491,descriptive_rate_without_usable_sampling_information,false,,burden|overall|restricted_complete_ACL_rupture_confirmed_by_MRI|knee||complete ACL rupture||,false,likelihood_and_target_selection_pending
491,S2824,S2824,Evolution of injury burden in Qatari professional football — 8 season data from the Aspetar Injury and Illness Surveillance Programme.,10.5114/biolsport.2025.139089,aspetar-qsl-professional,2013/14-2017/18 ACL supplement (S555),overall,restricted_complete_ACL_rupture_confirmed_by_MRI,time loss [complete ACL rupture confirmed by MRI],source_defined_threshold_unconfirmed,Male,Senior,Professional/international,Qatar,Football,ACL injuries per 1000 player-hours,ACL injury days lost per 1000 player-hours,player-hours,source construction requires review,"[2026-07-27] Source-family overlap treatment, 27 July 2026: S2824 owns the pooled 2014/15-2021/22 QSL denominator and the disjoint S195 2008/09 historical row. Component seasons, groin, ACL, and head/neck-concussion rows remain source-only to prevent pooled-plus-component or topic-denominator duplication. || [2026-07-27] Aspetar source-family treatment, 2026-07-27: S2824 is the Qatar Stars League professional anchor. Its existing All seasons and 2014/15-2021/22 rows remain the modern all-injury denominator. Four labelled source rows were added: disjoint S195 2008/09 all-injury, overlapping S344 groin, S555 ACL, and S712 head/neck-concussion. The topic rows preserve direct supplementary detail but must not be summed as independent all-injury denominators. S544 and S3577 are covered by the S344 source row. || [2026-07-27] Aspetar professional QSL anchor reconciliation, 2026-07-27. Existing S2824 All seasons and 2014/15-2021/22 rows remain the modern all-injury denominator. Added source-scoped rows: disjoint 2008/09 S195 all-injury cohort; overlapping S344 groin, S555 ACL, and S712 head/neck-concussion topic supplements. Topic rows must not be summed as independent all-injury denominators. S544 and S3577 are covered by the S344 row and remain audit-only secondary analyses. || [2026-07-13] Batch 020 manual primary-PDF extraction. Methods, Table 1, Table 2, Figures 1-3, results, and discussion were checked (article pp. 201-209). The direct layout is all seasons followed by the eight reported seasons. Table 1 supports season-level team, age, and exposure rows; headline injury/illness outcomes and Table 2 metrics are pooled-only and remain on All seasons. Table 2 reports medians (IQR) rather than means in its structured severity columns; values are labelled accordingly. The source reports illness incidence/system percentages but no total illness count, so no illness count or structured system count was inferred. Table 2 is intentionally not aggregated across incomplete location/type subsets.",source CSV: injuryTissueType_injury_diagnosis_burden,,491:burden:overall:injuryTissueType_injury_diagnosis_burden,,486951,16.3,16.3,,,,,injuryTissueType_injury_diagnosis_burden,knee,,complete ACL rupture,,,,restricted_complete_ACL_rupture_confirmed_by_MRI,burden,,16.3,491,/Users/abdelbabiker/Desktop/GBI-DE-MVP-main/Bayesian Analysis/analysis/model-input-releases/2026-09-14-injury-candidates/standardised.csv,duplicate_representation,false,true,not_yet_classified,false,reviewed_see_alignment_decision,duplicate,supported,S2824:parent:480,491:burden:overall:main,,,,,false,,,,,2013/14-2017/18,,5,prospective observational cohort,,,,Time loss,time loss [complete ACL rupture confirmed by MRI],,club medical staff,complete graft rupture in a reconstructed knee,mild 0-3 days; minor 4-7; moderate 7-28; severe >28 days,,,,granular,"standardised.csv sourceDataRow 480 and child rows 489,490,491,492",,,,,not_documented_in_bounded_inventory,not_individually_adjudicated,not_yet_classified,anchor,"Existing Aspetar source ledger, primary PDFs and exact live row denominators.",supported_restricted_scope_from_sole_time_loss_definition,,,,,,analysis-source-context.csv,sourceDataRow,injuryTissueType_injury_diagnosis,,,complete acl rupture,cohort_overlap_review | outcome_scope_review | multiple_rows_same_paper | current_session_only_not_ruled_out | detailed_outcome_definition_and_setting_review,,,,,,supported,"The source labels the outcome time loss, but its threshold is unconfirmed. The approved protocol routes this to threshold sensitivity, not a global hold. A source-extracted rate is retained, but no count/hour pair or confidence interval is available for the numerical model route.",analysis master: source CSV: injuryTissueType_injury_diagnosis_burden,sensitivity,duplicate,aspetar-qsl-professional,Duplicate of the source-supported count/hour or days/hour representation for the same source outcome. This descriptor-only representation does not replace its sampling information.,matching-overall-category-adjudication.csv; analysis master paper_title and time_loss_definition; equality deliberately not used as evidence; quantitative parent retained,491,descriptive_rate_without_usable_sampling_information,false,,burden|overall|restricted_complete_ACL_rupture_confirmed_by_MRI|knee||complete ACL rupture||,false,likelihood_and_target_selection_pending
606,S380,S380,Muscle injuries in the academy of a Spanish professional football club: A one-year prospective study,10.1016/j.apunts.2017.12.001,S380,Row 1,overall,restricted_muscle,time-loss,source_defined_threshold_unconfirmed,Male,Senior,Professional/international,Spain,Football,muscle injuries per 1000 hours of football exposure,absence days per 1000 hours of exposure,hours,source construction requires review,,source CSV: injuryTissueType_muscle_injury_burden,,606:burden:overall:injuryTissueType_muscle_injury_burden,,8033,21,21,,,,,injuryTissueType_muscle_injury_burden,,muscle injury,,,,,restricted_muscle,burden,,21,606,/Users/abdelbabiker/Desktop/GBI-DE-MVP-main/Bayesian Analysis/analysis/model-input-releases/2026-09-14-injury-candidates/standardised.csv,duplicate_representation,false,true,not_yet_classified,false,reviewed_see_alignment_decision,duplicate,supported,S380:multiple_rows,606:burden:overall:main,,,,,false,,,22,1,2015-2016 season,,1,prospective cohort,,,,Time loss,time-loss,,Coach,relapse of same type and location,light 1-3 days; slight 4-7 days; moderate 8-28 days; severe >28 days,thigh and groin,muscle injury,hamstring and adductor injury,unclassified_row,standardised.csv source row; candidate review flag multiple_rows_same_paper where present,,,,,not_documented_in_bounded_inventory,not_individually_adjudicated,not_yet_classified,,,supported_restricted_scope_from_sole_time_loss_definition,,,,,,analysis-source-context.csv,sourceDataRow,injuryTissueType_muscle_injury,,muscle injury,,cohort_overlap_review | outcome_scope_review | multiple_rows_same_paper | current_session_only_not_ruled_out | detailed_outcome_definition_and_setting_review,,,,,,supported,"The source labels the outcome time loss, but its threshold is unconfirmed. The approved protocol routes this to threshold sensitivity, not a global hold. A source-extracted rate is retained, but no count/hour pair or confidence interval is available for the numerical model route.",analysis master: source CSV: injuryTissueType_muscle_injury_burden,sensitivity,duplicate,S380,Duplicate of the source-supported count/hour or days/hour representation for the same source outcome. This descriptor-only representation does not replace its sampling information.,matching-overall-category-adjudication.csv; analysis master paper_title and time_loss_definition; equality deliberately not used as evidence; quantitative parent retained,606,descriptive_rate_without_usable_sampling_information,false,,burden|overall|restricted_muscle||muscle injury|||,false,likelihood_and_target_selection_pending
607,S380,S380,Muscle injuries in the academy of a Spanish professional football club: A one-year prospective study,10.1016/j.apunts.2017.12.001,S380,Row 2,overall,restricted_muscle,time-loss,source_defined_threshold_unconfirmed,Male,Youth,Professional/international,Spain,Football,muscle injuries per 1000 hours of football exposure,absence days per 1000 hours of exposure,hours,source construction requires review,,source CSV: injuryTissueType_muscle_injury_burden,,607:burden:overall:injuryTissueType_muscle_injury_burden,,12738,19,19,,,,,injuryTissueType_muscle_injury_burden,,muscle injury,,,,,restricted_muscle,burden,,19,607,/Users/abdelbabiker/Desktop/GBI-DE-MVP-main/Bayesian Analysis/analysis/model-input-releases/2026-09-14-injury-candidates/standardised.csv,duplicate_representation,false,true,not_yet_classified,false,reviewed_see_alignment_decision,duplicate,supported,S380:multiple_rows,607:burden:overall:main,,,,,false,,,40,1,2015-2016 season,,1,prospective cohort,,,,Time loss,time-loss,,Coach,relapse of same type and location,light 1-3 days; slight 4-7 days; moderate 8-28 days; severe >28 days,thigh,muscle injury,hamstring injury,unclassified_row,standardised.csv source row; candidate review flag multiple_rows_same_paper where present,,,,,not_documented_in_bounded_inventory,not_individually_adjudicated,not_yet_classified,,,supported_restricted_scope_from_sole_time_loss_definition,,,,,,analysis-source-context.csv,sourceDataRow,injuryTissueType_muscle_injury,,muscle injury,,cohort_overlap_review | outcome_scope_review | multiple_rows_same_paper | current_session_only_not_ruled_out | detailed_outcome_definition_and_setting_review,,,,,,supported,"The source labels the outcome time loss, but its threshold is unconfirmed. The approved protocol routes this to threshold sensitivity, not a global hold. A source-extracted rate is retained, but no count/hour pair or confidence interval is available for the numerical model route.",analysis master: source CSV: injuryTissueType_muscle_injury_burden,sensitivity,duplicate,S380,Duplicate of the source-supported count/hour or days/hour representation for the same source outcome. This descriptor-only representation does not replace its sampling information.,matching-overall-category-adjudication.csv; analysis master paper_title and time_loss_definition; equality deliberately not used as evidence; quantitative parent retained,607,descriptive_rate_without_usable_sampling_information,false,,burden|overall|restricted_muscle||muscle injury|||,false,likelihood_and_target_selection_pending
608,S380,S380,Muscle injuries in the academy of a Spanish professional football club: A one-year prospective study,10.1016/j.apunts.2017.12.001,S380,Row 3,overall,restricted_muscle,time-loss,source_defined_threshold_unconfirmed,Male,Youth,Professional/international,Spain,Football,muscle injuries per 1000 hours of football exposure,absence days per 1000 hours of exposure,hours,source construction requires review,,source CSV: injuryTissueType_muscle_injury_burden,,608:burden:overall:injuryTissueType_muscle_injury_burden,,9372,17,17,,,,,injuryTissueType_muscle_injury_burden,,muscle injury,,,,,restricted_muscle,burden,,17,608,/Users/abdelbabiker/Desktop/GBI-DE-MVP-main/Bayesian Analysis/analysis/model-input-releases/2026-09-14-injury-candidates/standardised.csv,duplicate_representation,false,true,not_yet_classified,false,reviewed_see_alignment_decision,duplicate,supported,S380:multiple_rows,608:burden:overall:main,,,,,false,,,39,1,2015-2016 season,,1,prospective cohort,,,,Time loss,time-loss,,Coach,relapse of same type and location,light 1-3 days; slight 4-7 days; moderate 8-28 days; severe >28 days,thigh,muscle injury,hamstring injury,unclassified_row,standardised.csv source row; candidate review flag multiple_rows_same_paper where present,,,,,not_documented_in_bounded_inventory,not_individually_adjudicated,not_yet_classified,,,supported_restricted_scope_from_sole_time_loss_definition,,,,,,analysis-source-context.csv,sourceDataRow,injuryTissueType_muscle_injury,,muscle injury,,cohort_overlap_review | outcome_scope_review | multiple_rows_same_paper | current_session_only_not_ruled_out | detailed_outcome_definition_and_setting_review,,,,,,supported,"The source labels the outcome time loss, but its threshold is unconfirmed. The approved protocol routes this to threshold sensitivity, not a global hold. A source-extracted rate is retained, but no count/hour pair or confidence interval is available for the numerical model route.",analysis master: source CSV: injuryTissueType_muscle_injury_burden,sensitivity,duplicate,S380,Duplicate of the source-supported count/hour or days/hour representation for the same source outcome. This descriptor-only representation does not replace its sampling information.,matching-overall-category-adjudication.csv; analysis master paper_title and time_loss_definition; equality deliberately not used as evidence; quantitative parent retained,608,descriptive_rate_without_usable_sampling_information,false,,burden|overall|restricted_muscle||muscle injury|||,false,likelihood_and_target_selection_pending
609,S380,S380,Muscle injuries in the academy of a Spanish professional football club: A one-year prospective study,10.1016/j.apunts.2017.12.001,S380,Row 4,overall,restricted_muscle,time-loss,source_defined_threshold_unconfirmed,Male,Youth,Professional/international,Spain,Football,muscle injuries per 1000 hours of football exposure,absence days per 1000 hours of exposure,hours,source construction requires review,,source CSV: injuryTissueType_muscle_injury_burden,,609:burden:overall:injuryTissueType_muscle_injury_burden,,8766,22,22,,,,,injuryTissueType_muscle_injury_burden,,muscle injury,,,,,restricted_muscle,burden,,22,609,/Users/abdelbabiker/Desktop/GBI-DE-MVP-main/Bayesian Analysis/analysis/model-input-releases/2026-09-14-injury-candidates/standardised.csv,duplicate_representation,false,true,not_yet_classified,false,reviewed_see_alignment_decision,duplicate,supported,S380:multiple_rows,609:burden:overall:main,,,,,false,,,39,1,2015-2016 season,,1,prospective cohort,,,,Time loss,time-loss,,Coach,relapse of same type and location,light 1-3 days; slight 4-7 days; moderate 8-28 days; severe >28 days,groin,muscle injury,adductor injury,unclassified_row,standardised.csv source row; candidate review flag multiple_rows_same_paper where present,,,,,not_documented_in_bounded_inventory,not_individually_adjudicated,not_yet_classified,,,supported_restricted_scope_from_sole_time_loss_definition,,,,,,analysis-source-context.csv,sourceDataRow,injuryTissueType_muscle_injury,,muscle injury,,cohort_overlap_review | outcome_scope_review | multiple_rows_same_paper | current_session_only_not_ruled_out | detailed_outcome_definition_and_setting_review,,,,,,supported,"The source labels the outcome time loss, but its threshold is unconfirmed. The approved protocol routes this to threshold sensitivity, not a global hold. A source-extracted rate is retained, but no count/hour pair or confidence interval is available for the numerical model route.",analysis master: source CSV: injuryTissueType_muscle_injury_burden,sensitivity,duplicate,S380,Duplicate of the source-supported count/hour or days/hour representation for the same source outcome. This descriptor-only representation does not replace its sampling information.,matching-overall-category-adjudication.csv; analysis master paper_title and time_loss_definition; equality deliberately not used as evidence; quantitative parent retained,609,descriptive_rate_without_usable_sampling_information,false,,burden|overall|restricted_muscle||muscle injury|||,false,likelihood_and_target_selection_pending
629,S3923,S3923,"Injury incidence, prevalence, and burden in an Argentinian male youth soccer academy: one-season descriptive study.",10.1080/00913847.2024.2425265,S3923,U14,overall,all_injuries,time loss,source_defined_threshold_unconfirmed,Male,Youth,Youth academy,Argentina,Football,"injuries per 1000 squad player-hours of total, match or training exposure",days lost per 1000 player-hours of exposure,player-hours,source construction requires review,,source CSV: injuryBurden,,629:burden:overall:main,,7366.3,54.6,54.6,,,,,injuryBurden,,,,,,,all_injuries,burden,,54.6,629,/Users/abdelbabiker/Desktop/GBI-DE-MVP-main/Bayesian Analysis/analysis/model-input-releases/2026-09-14-injury-candidates/standardised.csv,duplicate_representation,false,true,not_yet_classified,false,reviewed_see_alignment_decision,duplicate,supported,S3923:parent:628,628:burden:overall:main,,,,,false,,,38,,"2023 season: 7-week preseason, 35-week competitive period, 5-week postseason",,1,prospective one-season descriptive cohort study,,,,Time loss,time loss,,club physiotherapists,"subsequent local injury, exacerbation during recovery, or reinjury of the same type/diagnosis after return",mild 1-7 days; moderate 8-28 days; severe >=28 days,,,,granular,"standardised.csv sourceDataRow 628 and child rows 629,630,631,632,633,634,635; exact fields: sampleSizePlayers,injuryTotalCount,injuryTimeLossCount",,,,,not_documented_in_bounded_inventory,not_individually_adjudicated,not_yet_classified,,,supported_all_injury_scope,,,,,,analysis-source-context.csv,sourceDataRow,all_injuries_scope_review,,,,cohort_overlap_review | outcome_scope_review | multiple_rows_same_paper | current_session_only_not_ruled_out | days_follow_up_and_denominator_alignment_review,,,,,,supported,"The source labels the outcome time loss, but its threshold is unconfirmed. The approved protocol routes this to threshold sensitivity, not a global hold. A source-extracted rate is retained, but no count/hour pair or confidence interval is available for the numerical model route.",analysis master: source CSV: injuryBurden,sensitivity,duplicate,S3923,This alignment-supported child reports a target represented by its retained parent. The parent is kept because the named child coverage is incomplete or another replacement is held or incompatible.,"standardised.csv sourceDataRow 628 and child rows 629,630,631,632,633,634,635; exact fields: sampleSizePlayers,injuryTotalCount,injuryTimeLossCount; retained parent sourceDataRow=628; incomplete or alignment-ineligible child coverage",628,descriptive_rate_without_usable_sampling_information,false,,burden|overall|all_injuries|||||,false,likelihood_and_target_selection_pending
630,S3923,S3923,"Injury incidence, prevalence, and burden in an Argentinian male youth soccer academy: one-season descriptive study.",10.1080/00913847.2024.2425265,S3923,U15,overall,all_injuries,time loss,source_defined_threshold_unconfirmed,Male,Youth,Youth academy,Argentina,Football,"injuries per 1000 squad player-hours of total, match or training exposure",days lost per 1000 player-hours of exposure,player-hours,source construction requires review,,source CSV: injuryBurden,,630:burden:overall:main,,7568,67.1,67.1,,,,,injuryBurden,,,,,,,all_injuries,burden,,67.1,630,/Users/abdelbabiker/Desktop/GBI-DE-MVP-main/Bayesian Analysis/analysis/model-input-releases/2026-09-14-injury-candidates/standardised.csv,duplicate_representation,false,true,not_yet_classified,false,reviewed_see_alignment_decision,duplicate,supported,S3923:parent:628,628:burden:overall:main,,,,,false,,,37,,"2023 season: 7-week preseason, 35-week competitive period, 5-week postseason",,1,prospective one-season descriptive cohort study,,,,Time loss,time loss,,club physiotherapists,"subsequent local injury, exacerbation during recovery, or reinjury of the same type/diagnosis after return",mild 1-7 days; moderate 8-28 days; severe >=28 days,,,,granular,"standardised.csv sourceDataRow 628 and child rows 629,630,631,632,633,634,635; exact fields: sampleSizePlayers,injuryTotalCount,injuryTimeLossCount",,,,,not_documented_in_bounded_inventory,not_individually_adjudicated,not_yet_classified,,,supported_all_injury_scope,,,,,,analysis-source-context.csv,sourceDataRow,all_injuries_scope_review,,,,cohort_overlap_review | outcome_scope_review | multiple_rows_same_paper | current_session_only_not_ruled_out | days_follow_up_and_denominator_alignment_review,,,,,,supported,"The source labels the outcome time loss, but its threshold is unconfirmed. The approved protocol routes this to threshold sensitivity, not a global hold. A source-extracted rate is retained, but no count/hour pair or confidence interval is available for the numerical model route.",analysis master: source CSV: injuryBurden,sensitivity,duplicate,S3923,This alignment-supported child reports a target represented by its retained parent. The parent is kept because the named child coverage is incomplete or another replacement is held or incompatible.,"standardised.csv sourceDataRow 628 and child rows 629,630,631,632,633,634,635; exact fields: sampleSizePlayers,injuryTotalCount,injuryTimeLossCount; retained parent sourceDataRow=628; incomplete or alignment-ineligible child coverage",628,descriptive_rate_without_usable_sampling_information,false,,burden|overall|all_injuries|||||,false,likelihood_and_target_selection_pending
631,S3923,S3923,"Injury incidence, prevalence, and burden in an Argentinian male youth soccer academy: one-season descriptive study.",10.1080/00913847.2024.2425265,S3923,U16,overall,all_injuries,time loss,source_defined_threshold_unconfirmed,Male,Youth,Youth academy,Argentina,Football,"injuries per 1000 squad player-hours of total, match or training exposure",days lost per 1000 player-hours of exposure,player-hours,source construction requires review,,source CSV: injuryBurden,,631:burden:overall:main,,7769.7,70,70,,,,,injuryBurden,,,,,,,all_injuries,burden,,70,631,/Users/abdelbabiker/Desktop/GBI-DE-MVP-main/Bayesian Analysis/analysis/model-input-releases/2026-09-14-injury-candidates/standardised.csv,duplicate_representation,false,true,not_yet_classified,false,reviewed_see_alignment_decision,duplicate,supported,S3923:parent:628,628:burden:overall:main,,,,,false,,,32,,"2023 season: 7-week preseason, 35-week competitive period, 5-week postseason",,1,prospective one-season descriptive cohort study,,,,Time loss,time loss,,club physiotherapists,"subsequent local injury, exacerbation during recovery, or reinjury of the same type/diagnosis after return",mild 1-7 days; moderate 8-28 days; severe >=28 days,,,,granular,"standardised.csv sourceDataRow 628 and child rows 629,630,631,632,633,634,635; exact fields: sampleSizePlayers,injuryTotalCount,injuryTimeLossCount",,,,,not_documented_in_bounded_inventory,not_individually_adjudicated,not_yet_classified,,,supported_all_injury_scope,,,,,,analysis-source-context.csv,sourceDataRow,all_injuries_scope_review,,,,cohort_overlap_review | outcome_scope_review | multiple_rows_same_paper | current_session_only_not_ruled_out | days_follow_up_and_denominator_alignment_review,,,,,,supported,"The source labels the outcome time loss, but its threshold is unconfirmed. The approved protocol routes this to threshold sensitivity, not a global hold. A source-extracted rate is retained, but no count/hour pair or confidence interval is available for the numerical model route.",analysis master: source CSV: injuryBurden,sensitivity,duplicate,S3923,This alignment-supported child reports a target represented by its retained parent. The parent is kept because the named child coverage is incomplete or another replacement is held or incompatible.,"standardised.csv sourceDataRow 628 and child rows 629,630,631,632,633,634,635; exact fields: sampleSizePlayers,injuryTotalCount,injuryTimeLossCount; retained parent sourceDataRow=628; incomplete or alignment-ineligible child coverage",628,descriptive_rate_without_usable_sampling_information,false,,burden|overall|all_injuries|||||,false,likelihood_and_target_selection_pending
632,S3923,S3923,"Injury incidence, prevalence, and burden in an Argentinian male youth soccer academy: one-season descriptive study.",10.1080/00913847.2024.2425265,S3923,U17,overall,all_injuries,time loss,source_defined_threshold_unconfirmed,Male,Youth,Youth academy,Argentina,Football,"injuries per 1000 squad player-hours of total, match or training exposure",days lost per 1000 player-hours of exposure,player-hours,source construction requires review,,source CSV: injuryBurden,,632:burden:overall:main,,4405.5,165.5,165.5,,,,,injuryBurden,,,,,,,all_injuries,burden,,165.5,632,/Users/abdelbabiker/Desktop/GBI-DE-MVP-main/Bayesian Analysis/analysis/model-input-releases/2026-09-14-injury-candidates/standardised.csv,duplicate_representation,false,true,not_yet_classified,false,reviewed_see_alignment_decision,duplicate,supported,S3923:parent:628,628:burden:overall:main,,,,,false,,,32,,"2023 season: 7-week preseason, 35-week competitive period, 5-week postseason",,1,prospective one-season descriptive cohort study,,,,Time loss,time loss,,club physiotherapists,"subsequent local injury, exacerbation during recovery, or reinjury of the same type/diagnosis after return",mild 1-7 days; moderate 8-28 days; severe >=28 days,,,,granular,"standardised.csv sourceDataRow 628 and child rows 629,630,631,632,633,634,635; exact fields: sampleSizePlayers,injuryTotalCount,injuryTimeLossCount",,,,,not_documented_in_bounded_inventory,not_individually_adjudicated,not_yet_classified,,,supported_all_injury_scope,,,,,,analysis-source-context.csv,sourceDataRow,all_injuries_scope_review,,,,cohort_overlap_review | outcome_scope_review | multiple_rows_same_paper | current_session_only_not_ruled_out | days_follow_up_and_denominator_alignment_review,,,,,,supported,"The source labels the outcome time loss, but its threshold is unconfirmed. The approved protocol routes this to threshold sensitivity, not a global hold. A source-extracted rate is retained, but no count/hour pair or confidence interval is available for the numerical model route.",analysis master: source CSV: injuryBurden,sensitivity,duplicate,S3923,This alignment-supported child reports a target represented by its retained parent. The parent is kept because the named child coverage is incomplete or another replacement is held or incompatible.,"standardised.csv sourceDataRow 628 and child rows 629,630,631,632,633,634,635; exact fields: sampleSizePlayers,injuryTotalCount,injuryTimeLossCount; retained parent sourceDataRow=628; incomplete or alignment-ineligible child coverage",628,descriptive_rate_without_usable_sampling_information,false,,burden|overall|all_injuries|||||,false,likelihood_and_target_selection_pending
633,S3923,S3923,"Injury incidence, prevalence, and burden in an Argentinian male youth soccer academy: one-season descriptive study.",10.1080/00913847.2024.2425265,S3923,U18,overall,all_injuries,time loss,source_defined_threshold_unconfirmed,Male,Youth,Youth academy,Argentina,Football,"injuries per 1000 squad player-hours of total, match or training exposure",days lost per 1000 player-hours of exposure,player-hours,source construction requires review,,source CSV: injuryBurden,,633:burden:overall:main,,4405.5,214.2,214.2,,,,,injuryBurden,,,,,,,all_injuries,burden,,214.2,633,/Users/abdelbabiker/Desktop/GBI-DE-MVP-main/Bayesian Analysis/analysis/model-input-releases/2026-09-14-injury-candidates/standardised.csv,duplicate_representation,false,true,not_yet_classified,false,reviewed_see_alignment_decision,duplicate,supported,S3923:parent:628,628:burden:overall:main,,,,,false,,,27,,"2023 season: 7-week preseason, 35-week competitive period, 5-week postseason",,1,prospective one-season descriptive cohort study,,,,Time loss,time loss,,club physiotherapists,"subsequent local injury, exacerbation during recovery, or reinjury of the same type/diagnosis after return",mild 1-7 days; moderate 8-28 days; severe >=28 days,,,,granular,"standardised.csv sourceDataRow 628 and child rows 629,630,631,632,633,634,635; exact fields: sampleSizePlayers,injuryTotalCount,injuryTimeLossCount",,,,,not_documented_in_bounded_inventory,not_individually_adjudicated,not_yet_classified,,,supported_all_injury_scope,,,,,,analysis-source-context.csv,sourceDataRow,all_injuries_scope_review,,,,cohort_overlap_review | outcome_scope_review | multiple_rows_same_paper | current_session_only_not_ruled_out | days_follow_up_and_denominator_alignment_review,,,,,,supported,"The source labels the outcome time loss, but its threshold is unconfirmed. The approved protocol routes this to threshold sensitivity, not a global hold. A source-extracted rate is retained, but no count/hour pair or confidence interval is available for the numerical model route.",analysis master: source CSV: injuryBurden,sensitivity,duplicate,S3923,This alignment-supported child reports a target represented by its retained parent. The parent is kept because the named child coverage is incomplete or another replacement is held or incompatible.,"standardised.csv sourceDataRow 628 and child rows 629,630,631,632,633,634,635; exact fields: sampleSizePlayers,injuryTotalCount,injuryTimeLossCount; retained parent sourceDataRow=628; incomplete or alignment-ineligible child coverage",628,descriptive_rate_without_usable_sampling_information,false,,burden|overall|all_injuries|||||,false,likelihood_and_target_selection_pending
634,S3923,S3923,"Injury incidence, prevalence, and burden in an Argentinian male youth soccer academy: one-season descriptive study.",10.1080/00913847.2024.2425265,S3923,U20,overall,all_injuries,time loss,source_defined_threshold_unconfirmed,Male,Youth,Youth academy,Argentina,Football,"injuries per 1000 squad player-hours of total, match or training exposure",days lost per 1000 player-hours of exposure,player-hours,source construction requires review,,source CSV: injuryBurden,,634:burden:overall:main,,4405.5,89.1,89.1,,,,,injuryBurden,,,,,,,all_injuries,burden,,89.1,634,/Users/abdelbabiker/Desktop/GBI-DE-MVP-main/Bayesian Analysis/analysis/model-input-releases/2026-09-14-injury-candidates/standardised.csv,duplicate_representation,false,true,not_yet_classified,false,reviewed_see_alignment_decision,duplicate,supported,S3923:parent:628,628:burden:overall:main,,,,,false,,,25,,"2023 season: 7-week preseason, 35-week competitive period, 5-week postseason",,1,prospective one-season descriptive cohort study,,,,Time loss,time loss,,club physiotherapists,"subsequent local injury, exacerbation during recovery, or reinjury of the same type/diagnosis after return",mild 1-7 days; moderate 8-28 days; severe >=28 days,,,,granular,"standardised.csv sourceDataRow 628 and child rows 629,630,631,632,633,634,635; exact fields: sampleSizePlayers,injuryTotalCount,injuryTimeLossCount",,,,,not_documented_in_bounded_inventory,not_individually_adjudicated,not_yet_classified,,,supported_all_injury_scope,,,,,,analysis-source-context.csv,sourceDataRow,all_injuries_scope_review,,,,cohort_overlap_review | outcome_scope_review | multiple_rows_same_paper | current_session_only_not_ruled_out | days_follow_up_and_denominator_alignment_review,,,,,,supported,"The source labels the outcome time loss, but its threshold is unconfirmed. The approved protocol routes this to threshold sensitivity, not a global hold. A source-extracted rate is retained, but no count/hour pair or confidence interval is available for the numerical model route.",analysis master: source CSV: injuryBurden,sensitivity,duplicate,S3923,This alignment-supported child reports a target represented by its retained parent. The parent is kept because the named child coverage is incomplete or another replacement is held or incompatible.,"standardised.csv sourceDataRow 628 and child rows 629,630,631,632,633,634,635; exact fields: sampleSizePlayers,injuryTotalCount,injuryTimeLossCount; retained parent sourceDataRow=628; incomplete or alignment-ineligible child coverage",628,descriptive_rate_without_usable_sampling_information,false,,burden|overall|all_injuries|||||,false,likelihood_and_target_selection_pending
635,S3923,S3923,"Injury incidence, prevalence, and burden in an Argentinian male youth soccer academy: one-season descriptive study.",10.1080/00913847.2024.2425265,S3923,Reserve,overall,all_injuries,time loss,source_defined_threshold_unconfirmed,Male,Senior,Youth academy,Argentina,Football,"injuries per 1000 squad player-hours of total, match or training exposure",days lost per 1000 player-hours of exposure,player-hours,source construction requires review,,source CSV: injuryBurden,,635:burden:overall:main,,4801.5,313.4,313.4,,,,,injuryBurden,,,,,,,all_injuries,burden,,313.4,635,/Users/abdelbabiker/Desktop/GBI-DE-MVP-main/Bayesian Analysis/analysis/model-input-releases/2026-09-14-injury-candidates/standardised.csv,duplicate_representation,false,true,not_yet_classified,false,reviewed_see_alignment_decision,duplicate,supported,S3923:parent:628,628:burden:overall:main,,,,,false,,,21,,"2023 season: 7-week preseason, 35-week competitive period, 5-week postseason",,1,prospective one-season descriptive cohort study,,,,Time loss,time loss,,club physiotherapists,"subsequent local injury, exacerbation during recovery, or reinjury of the same type/diagnosis after return",mild 1-7 days; moderate 8-28 days; severe >=28 days,,,,granular,"standardised.csv sourceDataRow 628 and child rows 629,630,631,632,633,634,635; exact fields: sampleSizePlayers,injuryTotalCount,injuryTimeLossCount",,,,,not_documented_in_bounded_inventory,not_individually_adjudicated,not_yet_classified,,,supported_all_injury_scope,,,,,,analysis-source-context.csv,sourceDataRow,all_injuries_scope_review,,,,cohort_overlap_review | outcome_scope_review | multiple_rows_same_paper | current_session_only_not_ruled_out | days_follow_up_and_denominator_alignment_review,,,,,,supported,"The source labels the outcome time loss, but its threshold is unconfirmed. The approved protocol routes this to threshold sensitivity, not a global hold. A source-extracted rate is retained, but no count/hour pair or confidence interval is available for the numerical model route.",analysis master: source CSV: injuryBurden,sensitivity,duplicate,S3923,This alignment-supported child reports a target represented by its retained parent. The parent is kept because the named child coverage is incomplete or another replacement is held or incompatible.,"standardised.csv sourceDataRow 628 and child rows 629,630,631,632,633,634,635; exact fields: sampleSizePlayers,injuryTotalCount,injuryTimeLossCount; retained parent sourceDataRow=628; incomplete or alignment-ineligible child coverage",628,descriptive_rate_without_usable_sampling_information,false,,burden|overall|all_injuries|||||,false,likelihood_and_target_selection_pending
660,S3944,S3944,"Distal-to-proximal progression of apophyseal injuries with age in male youth academy footballers: a two-season prospective cohort study of 16,024 player-seasons.",10.1136/bjsports-2024-109612,S3944,FDP (U9-U11),overall,restricted_physis_injury,time loss,source_defined_threshold_unconfirmed,Male,Youth,Youth academy | Professional/international,England and Wales,Football,match- and training-related apophyseal injuries per 1000 player-hours,days lost per 1000 player-hours,player-hours,source construction requires review,,source CSV: injuryBurden,,660:burden:overall:main,,,4.6,4.6,,3.6,5.7,,injuryBurden,,physis,physis injury,,,,restricted_physis_injury,burden,,4.6,660,/Users/abdelbabiker/Desktop/GBI-DE-MVP-main/Bayesian Analysis/analysis/model-input-releases/2026-09-14-injury-candidates/standardised.csv,duplicate_representation,false,true,not_yet_classified,false,reviewed_see_alignment_decision,duplicate,hold,S3944:multiple_rows,660:burden:overall:injuryTissueType_physis_burden,,,,,false,,,,,"2021/22 and 2022/23 seasons (16,024 player-seasons)",,2,prospective cohort study,,,,Time loss,time loss,,academy medical staff,same injury type and site after return to full participation,days lost per injury event; reported as median (IQR),,,,unclassified_row,standardised.csv source row; candidate review flag multiple_rows_same_paper where present,,,,,not_documented_in_bounded_inventory,not_individually_adjudicated,not_yet_classified,,,hold_parent_category_scope,,,,,,analysis-source-context.csv,sourceDataRow,all_injuries_scope_review,,,,cohort_overlap_review | outcome_scope_review | multiple_rows_same_paper | current_session_only_not_ruled_out | days_follow_up_and_denominator_alignment_review,,,,,,hold,"The source labels the outcome time loss, but its threshold is unconfirmed. The approved protocol routes this to threshold sensitivity, not a global hold. The parent rate equals a category rate and the source title/definition identifies a restricted outcome. Do not label the parent as all injuries.",analysis master: source CSV: injuryBurden,sensitivity,duplicate,S3944,The alignment pair review confirms that this generic representation is the same restricted source outcome as the retained descriptor-rich detailed representation.,matching-overall-category-adjudication.csv; analysis master paper_title and time_loss_definition; equality deliberately not used as evidence,660,reported_rate_and_interval,false,,burden|overall|restricted_physis_injury||physis|physis injury||,false,likelihood_and_target_selection_pending
661,S3944,S3944,"Distal-to-proximal progression of apophyseal injuries with age in male youth academy footballers: a two-season prospective cohort study of 16,024 player-seasons.",10.1136/bjsports-2024-109612,S3944,Early YDP (U12-U14),overall,restricted_physis_injury,time loss,source_defined_threshold_unconfirmed,Male,Youth,Youth academy | Professional/international,England and Wales,Football,match- and training-related apophyseal injuries per 1000 player-hours,days lost per 1000 player-hours,player-hours,source construction requires review,,source CSV: injuryBurden,,661:burden:overall:main,,,19.3,19.3,,16.9,21.9,,injuryBurden,,physis,physis injury,,,,restricted_physis_injury,burden,,19.3,661,/Users/abdelbabiker/Desktop/GBI-DE-MVP-main/Bayesian Analysis/analysis/model-input-releases/2026-09-14-injury-candidates/standardised.csv,duplicate_representation,false,true,not_yet_classified,false,reviewed_see_alignment_decision,duplicate,hold,S3944:multiple_rows,661:burden:overall:injuryTissueType_physis_burden,,,,,false,,,,,"2021/22 and 2022/23 seasons (16,024 player-seasons)",,2,prospective cohort study,,,,Time loss,time loss,,academy medical staff,same injury type and site after return to full participation,days lost per injury event; reported as median (IQR),,,,unclassified_row,standardised.csv source row; candidate review flag multiple_rows_same_paper where present,,,,,not_documented_in_bounded_inventory,not_individually_adjudicated,not_yet_classified,,,hold_parent_category_scope,,,,,,analysis-source-context.csv,sourceDataRow,all_injuries_scope_review,,,,cohort_overlap_review | outcome_scope_review | multiple_rows_same_paper | current_session_only_not_ruled_out | days_follow_up_and_denominator_alignment_review,,,,,,hold,"The source labels the outcome time loss, but its threshold is unconfirmed. The approved protocol routes this to threshold sensitivity, not a global hold. The parent rate equals a category rate and the source title/definition identifies a restricted outcome. Do not label the parent as all injuries.",analysis master: source CSV: injuryBurden,sensitivity,duplicate,S3944,The alignment pair review confirms that this generic representation is the same restricted source outcome as the retained descriptor-rich detailed representation.,matching-overall-category-adjudication.csv; analysis master paper_title and time_loss_definition; equality deliberately not used as evidence,661,reported_rate_and_interval,false,,burden|overall|restricted_physis_injury||physis|physis injury||,false,likelihood_and_target_selection_pending
662,S3944,S3944,"Distal-to-proximal progression of apophyseal injuries with age in male youth academy footballers: a two-season prospective cohort study of 16,024 player-seasons.",10.1136/bjsports-2024-109612,S3944,Late YDP (U15-U16),overall,restricted_physis_injury,time loss,source_defined_threshold_unconfirmed,Male,Youth,Youth academy | Professional/international,England and Wales,Football,match- and training-related apophyseal injuries per 1000 player-hours,days lost per 1000 player-hours,player-hours,source construction requires review,,source CSV: injuryBurden,,662:burden:overall:main,,,20.3,20.3,,16.8,24.4,,injuryBurden,,physis,physis injury,,,,restricted_physis_injury,burden,,20.3,662,/Users/abdelbabiker/Desktop/GBI-DE-MVP-main/Bayesian Analysis/analysis/model-input-releases/2026-09-14-injury-candidates/standardised.csv,duplicate_representation,false,true,not_yet_classified,false,reviewed_see_alignment_decision,duplicate,hold,S3944:multiple_rows,662:burden:overall:injuryTissueType_physis_burden,,,,,false,,,,,"2021/22 and 2022/23 seasons (16,024 player-seasons)",,2,prospective cohort study,,,,Time loss,time loss,,academy medical staff,same injury type and site after return to full participation,days lost per injury event; reported as median (IQR),,,,unclassified_row,standardised.csv source row; candidate review flag multiple_rows_same_paper where present,,,,,not_documented_in_bounded_inventory,not_individually_adjudicated,not_yet_classified,,,hold_parent_category_scope,,,,,,analysis-source-context.csv,sourceDataRow,all_injuries_scope_review,,,,cohort_overlap_review | outcome_scope_review | multiple_rows_same_paper | current_session_only_not_ruled_out | days_follow_up_and_denominator_alignment_review,,,,,,hold,"The source labels the outcome time loss, but its threshold is unconfirmed. The approved protocol routes this to threshold sensitivity, not a global hold. The parent rate equals a category rate and the source title/definition identifies a restricted outcome. Do not label the parent as all injuries.",analysis master: source CSV: injuryBurden,sensitivity,duplicate,S3944,The alignment pair review confirms that this generic representation is the same restricted source outcome as the retained descriptor-rich detailed representation.,matching-overall-category-adjudication.csv; analysis master paper_title and time_loss_definition; equality deliberately not used as evidence,662,reported_rate_and_interval,false,,burden|overall|restricted_physis_injury||physis|physis injury||,false,likelihood_and_target_selection_pending
663,S3944,S3944,"Distal-to-proximal progression of apophyseal injuries with age in male youth academy footballers: a two-season prospective cohort study of 16,024 player-seasons.",10.1136/bjsports-2024-109612,S3944,PDP (U18-U21),overall,restricted_physis_injury,time loss,source_defined_threshold_unconfirmed,Male,Youth | Adult,Youth academy | Professional/international,England and Wales,Football,match- and training-related apophyseal injuries per 1000 player-hours,days lost per 1000 player-hours,player-hours,source construction requires review,,source CSV: injuryBurden,,663:burden:overall:main,,,4.6,4.6,,3.3,6.4,,injuryBurden,,physis,physis injury,,,,restricted_physis_injury,burden,,4.6,663,/Users/abdelbabiker/Desktop/GBI-DE-MVP-main/Bayesian Analysis/analysis/model-input-releases/2026-09-14-injury-candidates/standardised.csv,duplicate_representation,false,true,not_yet_classified,false,reviewed_see_alignment_decision,duplicate,hold,S3944:multiple_rows,663:burden:overall:injuryTissueType_physis_burden,,,,,false,,,,,"2021/22 and 2022/23 seasons (16,024 player-seasons)",,2,prospective cohort study,,,,Time loss,time loss,,academy medical staff,same injury type and site after return to full participation,days lost per injury event; reported as median (IQR),,,,unclassified_row,standardised.csv source row; candidate review flag multiple_rows_same_paper where present,,,,,not_documented_in_bounded_inventory,not_individually_adjudicated,not_yet_classified,,,hold_parent_category_scope,,,,,,analysis-source-context.csv,sourceDataRow,all_injuries_scope_review,,,,cohort_overlap_review | outcome_scope_review | multiple_rows_same_paper | current_session_only_not_ruled_out | days_follow_up_and_denominator_alignment_review,,,,,,hold,"The source labels the outcome time loss, but its threshold is unconfirmed. The approved protocol routes this to threshold sensitivity, not a global hold. The parent rate equals a category rate and the source title/definition identifies a restricted outcome. Do not label the parent as all injuries.",analysis master: source CSV: injuryBurden,sensitivity,duplicate,S3944,The alignment pair review confirms that this generic representation is the same restricted source outcome as the retained descriptor-rich detailed representation.,matching-overall-category-adjudication.csv; analysis master paper_title and time_loss_definition; equality deliberately not used as evidence,663,reported_rate_and_interval,false,,burden|overall|restricted_physis_injury||physis|physis injury||,false,likelihood_and_target_selection_pending
924,S5158,S5158,The incidence and burden of concussion in men's and women's English professional football.,10.1136/bmjsem-2024-002297,S5158,Men's international,overall,restricted_medically_diagnosed_concussion,time loss [medically diagnosed concussion],source_defined_threshold_unconfirmed,Male,Youth,Professional/international | Elite/sub-elite,England,Football,concussions per 1000 player-hours,days lost per 1000 player-hours,player-hours,source construction requires review,,source CSV: injuryBurden,,924:burden:overall:main,,,2.21,2.21,,1.9,2.52,,injuryBurden,,concussion,medically diagnosed concussion,,,,restricted_medically_diagnosed_concussion,burden,,2.21,924,/Users/abdelbabiker/Desktop/GBI-DE-MVP-main/Bayesian Analysis/analysis/model-input-releases/2026-09-14-injury-candidates/standardised.csv,duplicate_representation,false,true,not_yet_classified,false,reviewed_see_alignment_decision,duplicate,hold,S5158:multiple_rows,924:burden:overall:injuryTissueType_concussion_burden,,,,,false,,,,,international 2012-2022; men's domestic 2013-2022; women's domestic 2018-2022,,up to 10 seasons,retrospective analysis (prospective data),,,,Time loss,time loss [medically diagnosed concussion],,club/team physiotherapists and medical doctors,,days before return to training or match play; reported as median (IQR),,,,unclassified_row,standardised.csv source row; candidate review flag multiple_rows_same_paper where present,,,,,not_documented_in_bounded_inventory,not_individually_adjudicated,not_yet_classified,,,supported_restricted_scope_from_sole_time_loss_definition,,,,,,analysis-source-context.csv,sourceDataRow,concussion_scope_review,,,concussion,cohort_overlap_review | outcome_scope_review | multiple_rows_same_paper | current_session_only_not_ruled_out | days_follow_up_and_denominator_alignment_review,,,,,,hold,"The source labels the outcome time loss, but its threshold is unconfirmed. The approved protocol routes this to threshold sensitivity, not a global hold. The parent rate equals a category rate and the source title/definition identifies a restricted outcome. Do not label the parent as all injuries.",analysis master: source CSV: injuryBurden,sensitivity,duplicate,S5158,The alignment pair review confirms that this generic representation is the same restricted source outcome as the retained descriptor-rich detailed representation.,matching-overall-category-adjudication.csv; analysis master paper_title and time_loss_definition; equality deliberately not used as evidence,924,reported_rate_and_interval,false,,burden|overall|restricted_medically_diagnosed_concussion||concussion|medically diagnosed concussion||,false,likelihood_and_target_selection_pending
925,S5158,S5158,The incidence and burden of concussion in men's and women's English professional football.,10.1136/bmjsem-2024-002297,S5158,Women's international,overall,restricted_medically_diagnosed_concussion,time loss [medically diagnosed concussion],source_defined_threshold_unconfirmed,Female,Youth,Professional/international,England,Football,concussions per 1000 player-hours,days lost per 1000 player-hours,player-hours,source construction requires review,,source CSV: injuryBurden,,925:burden:overall:main,,,7.52,7.52,,6.94,8.07,,injuryBurden,,concussion,medically diagnosed concussion,,,,restricted_medically_diagnosed_concussion,burden,,7.52,925,/Users/abdelbabiker/Desktop/GBI-DE-MVP-main/Bayesian Analysis/analysis/model-input-releases/2026-09-14-injury-candidates/standardised.csv,duplicate_representation,false,true,not_yet_classified,false,reviewed_see_alignment_decision,duplicate,hold,S5158:multiple_rows,925:burden:overall:injuryTissueType_concussion_burden,,,,,false,,,,,international 2012-2022; men's domestic 2013-2022; women's domestic 2018-2022,,up to 10 seasons,retrospective analysis (prospective data),,,,Time loss,time loss [medically diagnosed concussion],,club/team physiotherapists and medical doctors,,days before return to training or match play; reported as median (IQR),,,,unclassified_row,standardised.csv source row; candidate review flag multiple_rows_same_paper where present,,,,,not_documented_in_bounded_inventory,not_individually_adjudicated,not_yet_classified,,,supported_restricted_scope_from_sole_time_loss_definition,,,,,,analysis-source-context.csv,sourceDataRow,concussion_scope_review,,,concussion,cohort_overlap_review | outcome_scope_review | multiple_rows_same_paper | current_session_only_not_ruled_out | days_follow_up_and_denominator_alignment_review,,,,,,hold,"The source labels the outcome time loss, but its threshold is unconfirmed. The approved protocol routes this to threshold sensitivity, not a global hold. The parent rate equals a category rate and the source title/definition identifies a restricted outcome. Do not label the parent as all injuries.",analysis master: source CSV: injuryBurden,sensitivity,duplicate,S5158,The alignment pair review confirms that this generic representation is the same restricted source outcome as the retained descriptor-rich detailed representation.,matching-overall-category-adjudication.csv; analysis master paper_title and time_loss_definition; equality deliberately not used as evidence,925,reported_rate_and_interval,false,,burden|overall|restricted_medically_diagnosed_concussion||concussion|medically diagnosed concussion||,false,likelihood_and_target_selection_pending
926,S5158,S5158,The incidence and burden of concussion in men's and women's English professional football.,10.1136/bmjsem-2024-002297,S5158,Men's domestic,overall,restricted_medically_diagnosed_concussion,time loss [medically diagnosed concussion],source_defined_threshold_unconfirmed,Male,Adult,Professional/international,England,Football,concussions per 1000 player-hours,days lost per 1000 player-hours,player-hours,source construction requires review,,source CSV: injuryBurden,,926:burden:overall:main,,,2.02,2.02,,1.93,2.1,,injuryBurden,,concussion,medically diagnosed concussion,,,,restricted_medically_diagnosed_concussion,burden,,2.02,926,/Users/abdelbabiker/Desktop/GBI-DE-MVP-main/Bayesian Analysis/analysis/model-input-releases/2026-09-14-injury-candidates/standardised.csv,duplicate_representation,false,true,not_yet_classified,false,reviewed_see_alignment_decision,duplicate,hold,S5158:multiple_rows,926:burden:overall:injuryTissueType_concussion_burden,,,,,false,,,,,international 2012-2022; men's domestic 2013-2022; women's domestic 2018-2022,,up to 10 seasons,retrospective analysis (prospective data),,,,Time loss,time loss [medically diagnosed concussion],,club/team physiotherapists and medical doctors,,days before return to training or match play; reported as median (IQR),,,,unclassified_row,standardised.csv source row; candidate review flag multiple_rows_same_paper where present,,,,,not_documented_in_bounded_inventory,not_individually_adjudicated,not_yet_classified,,,supported_restricted_scope_from_sole_time_loss_definition,,,,,,analysis-source-context.csv,sourceDataRow,concussion_scope_review,,,concussion,cohort_overlap_review | outcome_scope_review | multiple_rows_same_paper | current_session_only_not_ruled_out | days_follow_up_and_denominator_alignment_review,,,,,,hold,"The source labels the outcome time loss, but its threshold is unconfirmed. The approved protocol routes this to threshold sensitivity, not a global hold. The parent rate equals a category rate and the source title/definition identifies a restricted outcome. Do not label the parent as all injuries.",analysis master: source CSV: injuryBurden,sensitivity,duplicate,S5158,The alignment pair review confirms that this generic representation is the same restricted source outcome as the retained descriptor-rich detailed representation.,matching-overall-category-adjudication.csv; analysis master paper_title and time_loss_definition; equality deliberately not used as evidence,926,reported_rate_and_interval,false,,burden|overall|restricted_medically_diagnosed_concussion||concussion|medically diagnosed concussion||,false,likelihood_and_target_selection_pending
927,S5158,S5158,The incidence and burden of concussion in men's and women's English professional football.,10.1136/bmjsem-2024-002297,S5158,Women's domestic,overall,restricted_medically_diagnosed_concussion,time loss [medically diagnosed concussion],source_defined_threshold_unconfirmed,Female,Adult,Professional/international,England,Football,concussions per 1000 player-hours,days lost per 1000 player-hours,player-hours,source construction requires review,,source CSV: injuryBurden,,927:burden:overall:main,,,7.75,7.75,,7.27,8.23,,injuryBurden,,concussion,medically diagnosed concussion,,,,restricted_medically_diagnosed_concussion,burden,,7.75,927,/Users/abdelbabiker/Desktop/GBI-DE-MVP-main/Bayesian Analysis/analysis/model-input-releases/2026-09-14-injury-candidates/standardised.csv,duplicate_representation,false,true,not_yet_classified,false,reviewed_see_alignment_decision,duplicate,hold,S5158:multiple_rows,927:burden:overall:injuryTissueType_concussion_burden,,,,,false,,,,,international 2012-2022; men's domestic 2013-2022; women's domestic 2018-2022,,up to 10 seasons,retrospective analysis (prospective data),,,,Time loss,time loss [medically diagnosed concussion],,club/team physiotherapists and medical doctors,,days before return to training or match play; reported as median (IQR),,,,unclassified_row,standardised.csv source row; candidate review flag multiple_rows_same_paper where present,,,,,not_documented_in_bounded_inventory,not_individually_adjudicated,not_yet_classified,,,supported_restricted_scope_from_sole_time_loss_definition,,,,,,analysis-source-context.csv,sourceDataRow,concussion_scope_review,,,concussion,cohort_overlap_review | outcome_scope_review | multiple_rows_same_paper | current_session_only_not_ruled_out | days_follow_up_and_denominator_alignment_review,,,,,,hold,"The source labels the outcome time loss, but its threshold is unconfirmed. The approved protocol routes this to threshold sensitivity, not a global hold. The parent rate equals a category rate and the source title/definition identifies a restricted outcome. Do not label the parent as all injuries.",analysis master: source CSV: injuryBurden,sensitivity,duplicate,S5158,The alignment pair review confirms that this generic representation is the same restricted source outcome as the retained descriptor-rich detailed representation.,matching-overall-category-adjudication.csv; analysis master paper_title and time_loss_definition; equality deliberately not used as evidence,927,reported_rate_and_interval,false,,burden|overall|restricted_medically_diagnosed_concussion||concussion|medically diagnosed concussion||,false,likelihood_and_target_selection_pending
996,S551,S551,Injury Profile of Elite Male Young Soccer Players in a Spanish Professional Soccer Club: A Prospective Study During 4 Consecutive Seasons,10.1123/jsr.2019-0113,S551,U19,overall,all_injuries,time-loss,source_defined_threshold_unconfirmed,Male,Youth,Youth academy,Spain,Football,number of injuries per 1000 hours of exposure,days lost per 1000 hours of exposure,player-hours,source construction requires review,,source CSV: injuryBurden,,996:burden:overall:main,,49679,39.81,39.81,39.8156162564,38.1,41.61,,injuryBurden,,,,,,,all_injuries,burden,,39.81,996,/Users/abdelbabiker/Desktop/GBI-DE-MVP-main/Bayesian Analysis/analysis/model-input-releases/2026-09-14-injury-candidates/standardised.csv,duplicate_representation,false,true,not_yet_classified,false,reviewed_see_alignment_decision,duplicate,supported,S551:parent:994,994:burden:overall:main,,,,,false,,,309,7,2014/2015 to 2017/2018 (4 consecutive seasons),,4,prospective cohort,,,,Time loss,time-loss,,Medical Staff,same type and same location as a previous injury within 2 months of final rehabilitation day,slight 1-3 d; minor 4-7 d; moderate 8-28 d; major >28 d,thigh,,,granular,"standardised.csv sourceDataRow 994 and child rows 995,996,997,998; exact fields: totalExposure,injuryTotalCount,injuryTimeLossCount",,,,,not_documented_in_bounded_inventory,not_individually_adjudicated,not_yet_classified,,,supported_all_injury_scope,1978,,,,,analysis-source-context.csv,sourceDataRow,all_injuries_scope_review,,,,cohort_overlap_review | outcome_scope_review | multiple_rows_same_paper | current_session_only_not_ruled_out | days_follow_up_and_denominator_alignment_review,,,,,,supported,"The source labels the outcome time loss, but its threshold is unconfirmed. The approved protocol routes this to threshold sensitivity, not a global hold. The saved extraction has a rate with a reported confidence interval.",analysis master: source CSV: injuryBurden,sensitivity,duplicate,S551,This alignment-supported child reports a target represented by its retained parent. The parent is kept because the named child coverage is incomplete or another replacement is held or incompatible.,"standardised.csv sourceDataRow 994 and child rows 995,996,997,998; exact fields: totalExposure,injuryTotalCount,injuryTimeLossCount; retained parent sourceDataRow=994; incomplete or alignment-ineligible child coverage",994,days_and_exposure,false,,burden|overall|all_injuries|||||,false,likelihood_and_target_selection_pending
997,S551,S551,Injury Profile of Elite Male Young Soccer Players in a Spanish Professional Soccer Club: A Prospective Study During 4 Consecutive Seasons,10.1123/jsr.2019-0113,S551,U16,overall,all_injuries,time-loss,source_defined_threshold_unconfirmed,Male,Youth,Youth academy,Spain,Football,number of injuries per 1000 hours of exposure,days lost per 1000 hours of exposure,player-hours,source construction requires review,,source CSV: injuryBurden,,997:burden:overall:main,,40300,46.45,46.45,46.4516129032,44.39,48.6,,injuryBurden,,,,,,,all_injuries,burden,,46.45,997,/Users/abdelbabiker/Desktop/GBI-DE-MVP-main/Bayesian Analysis/analysis/model-input-releases/2026-09-14-injury-candidates/standardised.csv,duplicate_representation,false,true,not_yet_classified,false,reviewed_see_alignment_decision,duplicate,supported,S551:parent:994,994:burden:overall:main,,,,,false,,,309,7,2014/2015 to 2017/2018 (4 consecutive seasons),,4,prospective cohort,,,,Time loss,time-loss,,Medical Staff,same type and same location as a previous injury within 2 months of final rehabilitation day,slight 1-3 d; minor 4-7 d; moderate 8-28 d; major >28 d,ankle,,,granular,"standardised.csv sourceDataRow 994 and child rows 995,996,997,998; exact fields: totalExposure,injuryTotalCount,injuryTimeLossCount",,,,,not_documented_in_bounded_inventory,not_individually_adjudicated,not_yet_classified,,,supported_all_injury_scope,1872,,,,,analysis-source-context.csv,sourceDataRow,all_injuries_scope_review,,,,cohort_overlap_review | outcome_scope_review | multiple_rows_same_paper | current_session_only_not_ruled_out | days_follow_up_and_denominator_alignment_review,,,,,,supported,"The source labels the outcome time loss, but its threshold is unconfirmed. The approved protocol routes this to threshold sensitivity, not a global hold. The saved extraction has a rate with a reported confidence interval.",analysis master: source CSV: injuryBurden,sensitivity,duplicate,S551,This alignment-supported child reports a target represented by its retained parent. The parent is kept because the named child coverage is incomplete or another replacement is held or incompatible.,"standardised.csv sourceDataRow 994 and child rows 995,996,997,998; exact fields: totalExposure,injuryTotalCount,injuryTimeLossCount; retained parent sourceDataRow=994; incomplete or alignment-ineligible child coverage",994,days_and_exposure,false,,burden|overall|all_injuries|||||,false,likelihood_and_target_selection_pending
998,S551,S551,Injury Profile of Elite Male Young Soccer Players in a Spanish Professional Soccer Club: A Prospective Study During 4 Consecutive Seasons,10.1123/jsr.2019-0113,S551,U14,overall,all_injuries,time-loss,source_defined_threshold_unconfirmed,Male,Youth,Youth academy,Spain,Football,number of injuries per 1000 hours of exposure,days lost per 1000 hours of exposure,player-hours,source construction requires review,,source CSV: injuryBurden,,998:burden:overall:main,,35064,24.41,24.41,24.4125028519,22.83,26.1,,injuryBurden,,,,,,,all_injuries,burden,,24.41,998,/Users/abdelbabiker/Desktop/GBI-DE-MVP-main/Bayesian Analysis/analysis/model-input-releases/2026-09-14-injury-candidates/standardised.csv,duplicate_representation,false,true,not_yet_classified,false,reviewed_see_alignment_decision,duplicate,supported,S551:parent:994,994:burden:overall:main,,,,,false,,,309,7,2014/2015 to 2017/2018 (4 consecutive seasons),,4,prospective cohort,,,,Time loss,time-loss,,Medical Staff,same type and same location as a previous injury within 2 months of final rehabilitation day,slight 1-3 d; minor 4-7 d; moderate 8-28 d; major >28 d,hip/groin,,,granular,"standardised.csv sourceDataRow 994 and child rows 995,996,997,998; exact fields: totalExposure,injuryTotalCount,injuryTimeLossCount",,,,,not_documented_in_bounded_inventory,not_individually_adjudicated,not_yet_classified,,,supported_all_injury_scope,856,,,,,analysis-source-context.csv,sourceDataRow,all_injuries_scope_review,,,,cohort_overlap_review | outcome_scope_review | multiple_rows_same_paper | current_session_only_not_ruled_out | days_follow_up_and_denominator_alignment_review,,,,,,supported,"The source labels the outcome time loss, but its threshold is unconfirmed. The approved protocol routes this to threshold sensitivity, not a global hold. The saved extraction has a rate with a reported confidence interval.",analysis master: source CSV: injuryBurden,sensitivity,duplicate,S551,This alignment-supported child reports a target represented by its retained parent. The parent is kept because the named child coverage is incomplete or another replacement is held or incompatible.,"standardised.csv sourceDataRow 994 and child rows 995,996,997,998; exact fields: totalExposure,injuryTotalCount,injuryTimeLossCount; retained parent sourceDataRow=994; incomplete or alignment-ineligible child coverage",994,days_and_exposure,false,,burden|overall|all_injuries|||||,false,likelihood_and_target_selection_pending
